{"type":"FeatureCollection","features":[{"type":"Feature","properties":{"ISO_A2":"ZW","NAME":"Zimbabwe","CONTINENT":"Africa","REGION":"Africa"},"geometry":{"type":"Polygon","coordinates":[[[31.2879,-22.4021],[31.0734,-22.3078],[30.9161,-22.2907],[30.4602,-22.329],[30.1904,-22.2911],[29.9023,-22.1842],[29.6631,-22.1463],[29.3774,-22.1928],[29.2372,-22.0795],[29.1068,-22.0657],[29.0424,-22.0184],[29.0158,-21.9399],[29.0373,-21.8113],[28.9907,-21.7814],[28.532,-21.6513],[28.0141,-21.5542],[27.8441,-21.2615],[27.6694,-21.0643],[27.6996,-20.5307],[27.6246,-20.4836],[27.2808,-20.4787],[27.2567,-20.232],[27.1782,-20.101],[26.6782,-19.8928],[26.1681,-19.5383],[25.9507,-19.0817],[25.9394,-18.9387],[25.8119,-18.7971],[25.7612,-18.6492],[25.5583,-18.4418],[25.3844,-18.142],[25.2423,-17.969],[25.224,-17.9152],[25.2588,-17.7936],[25.4518,-17.8451],[25.6396,-17.8241],[25.7416,-17.8582],[25.8633,-17.952],[25.9959,-17.9698],[26.1396,-17.9117],[26.3334,-17.9293],[26.5775,-18.0226],[26.7799,-18.0415],[27.0208,-17.9584],[27.4379,-17.5119],[27.7565,-17.0604],[27.9322,-16.8962],[28.3998,-16.6628],[28.7606,-16.5319],[28.8327,-16.4241],[28.8756,-16.0361],[28.9131,-15.9878],[29.2879,-15.7765],[29.7296,-15.6446],[30.3961,-15.6431],[30.4094,-15.9782],[30.4378,-15.9953],[31.2362,-16.0236],[31.4898,-16.1797],[31.6876,-16.2142],[31.9398,-16.4288],[32.2433,-16.4487],[32.6358,-16.5895],[32.7418,-16.6776],[32.948,-16.7123],[32.8763,-16.8836],[32.8844,-17.0378],[32.9693,-17.2516],[32.9556,-18.0829],[32.9931,-18.3596],[32.8846,-18.7285],[32.722,-18.8284],[32.6997,-18.9409],[32.7165,-19.0019],[32.8262,-19.0588],[32.8498,-19.1044],[32.7776,-19.3888],[32.8308,-19.5582],[33.0067,-19.8738],[32.9928,-19.9849],[32.6726,-20.5161],[32.4924,-20.6598],[32.4762,-20.9501],[32.3536,-21.1365],[32.4298,-21.2971],[31.4295,-22.2988],[31.2879,-22.4021]]]}},{"type":"Feature","properties":{"ISO_A2":"ZM","NAME":"Zambia","CONTINENT":"Africa","REGION":"Africa"},"geometry":{"type":"Polygon","coordinates":[[[30.3961,-15.6431],[29.7296,-15.6446],[29.4873,-15.6968],[28.9131,-15.9878],[28.8756,-16.0361],[28.8327,-16.4241],[28.7605,-16.5321],[28.3998,-16.6628],[27.9322,-16.8962],[27.7565,-17.0604],[27.4379,-17.5119],[27.0208,-17.9584],[26.7799,-18.0415],[26.5775,-18.0226],[26.3334,-17.9293],[26.1396,-17.9117],[25.9959,-17.9698],[25.8633,-17.952],[25.7416,-17.8582],[25.6396,-17.8241],[25.4518,-17.8451],[25.2588,-17.7936],[25.0018,-17.5686],[24.7329,-17.5178],[24.2749,-17.4811],[23.3807,-17.6406],[22.4595,-16.8151],[22.1507,-16.5972],[22.0402,-16.2628],[21.9798,-15.9556],[21.9789,-13.001],[23.963,-12.9885],[23.8824,-12.799],[23.9913,-12.4222],[23.9589,-12.1178],[23.971,-11.6358],[24.0467,-11.4054],[23.9665,-10.8718],[24.0784,-10.8915],[24.1365,-11.026],[24.3199,-11.0718],[24.3657,-11.1299],[24.3963,-11.2552],[24.3352,-11.3713],[24.3779,-11.4171],[24.5186,-11.4385],[24.6683,-11.3529],[25.2888,-11.2124],[25.3193,-11.2369],[25.2826,-11.405],[25.3494,-11.623],[25.5119,-11.7534],[25.6188,-11.7441],[26.026,-11.8901],[26.5964,-11.9721],[26.824,-11.9652],[26.9496,-11.8988],[27.0461,-11.6159],[27.1592,-11.5792],[27.1964,-11.6051],[27.2381,-11.7835],[27.4236,-11.9445],[27.5334,-12.1953],[27.5738,-12.2271],[27.6443,-12.2668],[27.8574,-12.2849],[28.4129,-12.5181],[28.5509,-12.8361],[28.6729,-12.8613],[28.7301,-12.9255],[28.9217,-13.2146],[28.9423,-13.3071],[29.0143,-13.3688],[29.2019,-13.3983],[29.5542,-13.2489],[29.6303,-13.2985],[29.6518,-13.4144],[29.7227,-13.4538],[29.7752,-13.4381],[29.7965,-13.3697],[29.7951,-12.1555],[29.5082,-12.2282],[29.4855,-12.4185],[29.4275,-12.4312],[29.0644,-12.3488],[28.85,-12.1205],[28.4825,-11.8121],[28.3834,-11.5667],[28.3572,-11.483],[28.5442,-10.8023],[28.6389,-10.6692],[28.6455,-10.5502],[28.6074,-10.3974],[28.6301,-9.8312],[28.6042,-9.6788],[28.4002,-9.275],[28.4007,-9.2248],[28.6813,-9.0146],[28.8695,-8.7858],[28.9345,-8.5902],[28.8981,-8.4854],[30.7512,-8.1937],[30.892,-8.4737],[31.0334,-8.5977],[31.3506,-8.607],[31.4492,-8.6539],[31.5349,-8.7133],[31.5563,-8.8055],[31.6736,-8.9088],[31.8861,-8.922],[31.9187,-8.9422],[31.9426,-9.054],[32.4332,-9.1563],[32.4871,-9.2127],[32.9199,-9.4074],[32.996,-9.6229],[33.0725,-9.6382],[33.1045,-9.6026],[33.1957,-9.6262],[33.25,-9.7596],[33.351,-9.8622],[33.3115,-10.038],[33.5289,-10.2347],[33.5537,-10.3913],[33.6615,-10.5531],[33.6591,-10.5905],[33.4647,-10.7831],[33.3449,-10.8127],[33.2613,-10.8934],[33.3798,-11.1579],[33.2684,-11.4039],[33.2327,-11.4177],[33.2264,-11.5349],[33.2883,-11.6111],[33.3039,-11.6908],[33.301,-11.8882],[33.2523,-12.1126],[33.3401,-12.3083],[33.5123,-12.3478],[33.3979,-12.4898],[33.0216,-12.6305],[32.9456,-12.8044],[33,-12.8996],[32.9676,-13.225],[32.8519,-13.457],[32.6704,-13.5904],[32.7975,-13.6885],[32.7651,-13.761],[32.8672,-13.8174],[32.9813,-14.0094],[33.0093,-14.0237],[33.148,-13.9409],[33.2018,-14.0134],[31.5379,-14.5771],[30.6733,-14.8191],[30.2318,-14.9903],[30.2521,-15.1832],[30.3506,-15.3497],[30.3961,-15.6431]]]}},{"type":"Feature","properties":{"ISO_A2":"YE","NAME":"Yemen","CONTINENT":"Asia","REGION":"Asia"},"geometry":{"type":"Polygon","coordinates":[[[53.0856,16.6484],[52.5814,16.4704],[52.3277,16.2936],[52.2373,16.1714],[52.174,15.9568],[52.2175,15.6555],[51.7486,15.4401],[51.6037,15.3368],[51.0151,15.1408],[50.5271,15.0382],[50.1669,14.851],[49.9063,14.8281],[49.3499,14.6378],[49.048,14.4564],[48.9287,14.2675],[48.6684,14.0501],[48.2778,13.9977],[47.9899,14.0481],[47.6334,13.8584],[47.4077,13.6616],[46.9757,13.5475],[46.7889,13.4656],[46.502,13.4156],[45.9197,13.3943],[45.6573,13.3387],[45.3936,13.067],[45.1639,12.9983],[45.0387,12.8159],[44.7553,12.7638],[44.6178,12.8172],[44.3585,12.6691],[44.0059,12.6077],[43.6344,12.7445],[43.4876,12.6988],[43.4753,12.839],[43.2319,13.2671],[43.2824,13.6925],[43.2341,13.8589],[43.0891,14.011],[43.0934,14.2037],[43.0063,14.4831],[43.0211,14.5549],[42.9222,14.8174],[42.9364,14.9386],[42.8557,15.133],[42.6578,15.2328],[42.6979,15.3263],[42.7885,15.2657],[42.799,15.3263],[42.7172,15.6546],[42.8396,16.032],[42.7993,16.3718],[43.0336,16.5504],[43.1048,16.6642],[43.165,16.6894],[43.1845,16.8118],[43.1165,16.942],[43.156,17.205],[43.2369,17.2665],[43.1909,17.3594],[43.3461,17.486],[43.418,17.5163],[43.5393,17.4987],[43.713,17.3655],[43.917,17.3247],[44.156,17.3985],[45.148,17.4274],[45.4065,17.3198],[45.5354,17.3021],[46.3104,17.2313],[46.7276,17.2656],[46.9757,16.9535],[47.1436,16.9467],[47.4418,17.1119],[47.5796,17.4483],[48.1722,18.1569],[49.042,18.5818],[49.1924,18.6213],[51.9776,18.9961],[52.7292,17.3004],[52.8006,17.2679],[53.0856,16.6484]]]}},{"type":"Feature","properties":{"ISO_A2":"VN","NAME":"Vietnam","CONTINENT":"Asia","REGION":"Asia"},"geometry":{"type":"Polygon","coordinates":[[[107.9727,21.508],[107.8091,21.4971],[107.6367,21.3681],[107.41,21.2848],[107.3543,21.0552],[107.1647,20.9487],[107.0752,20.9993],[106.8862,20.95],[106.6834,21.0003],[106.7534,20.7351],[106.5508,20.5266],[106.5729,20.3922],[106.518,20.2889],[106.1657,19.992],[106.0622,19.9874],[105.9841,19.9391],[105.814,19.5875],[105.7911,19.2942],[105.7164,19.1278],[105.6391,19.0572],[105.6218,18.9663],[105.8883,18.5025],[106.0656,18.3164],[106.2396,18.2207],[106.499,17.9464],[106.4594,17.8737],[106.4789,17.7196],[106.3559,17.765],[106.3705,17.7469],[106.5168,17.6628],[106.7357,17.3672],[107.1199,17.0555],[107.1804,16.8979],[107.5493,16.6426],[107.5408,16.6086],[107.8031,16.4031],[107.8338,16.3225],[108.0294,16.3311],[108.209,16.0911],[108.2674,16.0898],[108.286,15.9891],[108.3953,15.8725],[108.5778,15.5847],[108.8213,15.3779],[108.9399,15.0015],[109.0849,14.7162],[109.087,14.5526],[109.3033,13.8564],[109.2881,13.765],[109.2471,13.8547],[109.2521,13.5905],[109.2881,13.4508],[109.2719,13.2793],[109.4239,12.956],[109.4449,12.5996],[109.3355,12.7519],[109.2189,12.6458],[109.3047,12.3912],[109.2068,12.4154],[109.2157,12.0729],[109.2592,11.9545],[109.2473,11.9087],[109.2146,12.0104],[109.1575,11.8371],[109.1986,11.7249],[109.1325,11.6011],[109.0396,11.5927],[108.9867,11.3364],[108.8208,11.3154],[108.7003,11.1993],[108.5513,11.156],[108.2717,10.9343],[108.0949,10.8973],[108.0014,10.7204],[107.8451,10.7001],[107.2615,10.3984],[107.1941,10.4716],[107.0878,10.4983],[107.0357,10.5563],[107.0066,10.6605],[106.9475,10.4003],[106.9021,10.3828],[106.8127,10.4333],[106.7273,10.5356],[106.6059,10.4649],[106.7412,10.4444],[106.7775,10.3761],[106.7574,10.2958],[106.4641,10.2983],[106.729,10.1933],[106.7853,10.1512],[106.7853,10.1165],[106.6592,9.9914],[106.6568,9.9011],[106.5956,9.8599],[106.4491,9.9396],[106.1364,10.2217],[106.5074,9.8212],[106.5725,9.6411],[106.4841,9.5594],[106.378,9.5561],[106.204,9.6754],[105.9257,9.9617],[105.831,10.0007],[106.1586,9.5941],[106.2062,9.5023],[106.1684,9.3967],[105.501,9.0932],[105.3223,8.8011],[105.1144,8.6292],[104.8919,8.5833],[104.7704,8.5977],[104.8963,8.7466],[104.8186,8.8019],[104.8452,9.6062],[104.9032,9.8163],[105.0926,9.901],[105.0949,9.9453],[105.0278,10.0674],[104.8732,10.1148],[104.802,10.2027],[104.6635,10.1699],[104.4264,10.4112],[104.5643,10.516],[104.8506,10.5345],[105.0464,10.7017],[105.0223,10.8869],[105.0457,10.9114],[105.3146,10.8452],[105.4058,10.9516],[105.7551,10.99],[105.8533,10.8636],[105.9382,10.8852],[106.0988,10.7973],[106.164,10.7949],[106.1315,10.922],[106.1609,11.0371],[105.8561,11.2943],[105.8515,11.635],[105.9266,11.6529],[106.0061,11.758],[106.3992,11.687],[106.4139,11.9484],[106.7001,11.9793],[106.7646,12.0523],[106.9307,12.0775],[107.2121,12.304],[107.3301,12.319],[107.3934,12.2605],[107.5064,12.3646],[107.5555,12.54],[107.4754,13.0304],[107.6055,13.4378],[107.5939,13.5217],[107.3314,14.1266],[107.3645,14.3687],[107.4484,14.4512],[107.5353,14.65],[107.5245,14.8718],[107.4804,14.9799],[107.5553,15.057],[107.6531,15.2552],[107.5643,15.3916],[107.2794,15.6187],[107.1659,15.8025],[107.392,15.9517],[107.3964,16.043],[107.2174,16.1363],[107.0697,16.2798],[106.9307,16.3531],[106.8511,16.5156],[106.7396,16.4525],[106.6564,16.4926],[106.5462,16.6507],[106.5022,16.9541],[106.426,17.0025],[106.2695,17.2168],[106.0063,17.4153],[105.6914,17.7378],[105.6272,17.8344],[105.5885,17.9837],[105.4582,18.1543],[105.3335,18.1896],[105.1146,18.4053],[105.087,18.4962],[105.1465,18.651],[104.9932,18.7283],[104.7165,18.8034],[103.8916,19.305],[103.8964,19.34],[104.0275,19.4205],[104.0629,19.4826],[104.0135,19.6465],[104.032,19.6751],[104.2599,19.6855],[104.5879,19.6188],[104.7432,19.7547],[104.8151,19.904],[104.9279,20.0181],[104.9292,20.0828],[104.8479,20.2024],[104.6987,20.2053],[104.6188,20.3745],[104.3678,20.4414],[104.5327,20.5549],[104.5832,20.6467],[104.3496,20.8211],[104.1014,20.9455],[103.882,20.8614],[103.7905,20.8095],[103.7145,20.7169],[103.6351,20.6971],[103.1045,20.8916],[102.8512,21.2659],[102.9486,21.5698],[102.9496,21.6813],[102.8452,21.7348],[102.8159,21.8074],[102.7386,21.6779],[102.662,21.676],[102.5825,21.9043],[102.4875,21.9578],[102.1274,22.3792],[102.237,22.466],[102.4064,22.708],[102.4709,22.7509],[102.8301,22.5872],[102.9819,22.4482],[103.1363,22.5422],[103.1376,22.593],[103.3267,22.7698],[103.493,22.588],[103.6202,22.782],[103.9415,22.5401],[103.9908,22.5861],[104.0539,22.7523],[104.1431,22.8001],[104.2125,22.8094],[104.2983,22.712],[104.3718,22.7041],[104.5269,22.8041],[104.6873,22.8222],[104.7957,22.9111],[104.8266,23.1002],[104.8647,23.1364],[105.2754,23.3452],[105.4401,23.2354],[105.5481,23.0727],[105.6912,23.0299],[105.843,22.9228],[105.9623,22.9375],[106.001,22.9748],[106.1484,22.9701],[106.279,22.8575],[106.5418,22.9084],[106.7803,22.7789],[106.7016,22.6377],[106.5824,22.5732],[106.5504,22.5014],[106.5536,22.3417],[106.6365,22.2886],[106.6542,22.2415],[106.6636,21.9789],[106.7295,22.0003],[106.971,21.9239],[107.0616,21.7942],[107.1785,21.7171],[107.2721,21.7106],[107.3512,21.6089],[107.4335,21.6423],[107.4714,21.5983],[107.641,21.6139],[107.7593,21.655],[107.9727,21.508]]]}},{"type":"Feature","properties":{"ISO_A2":"VE","NAME":"Venezuela","CONTINENT":"South America","REGION":"Americas"},"geometry":{"type":"Polygon","coordinates":[[[-60.0175,8.5493],[-59.8316,8.306],[-59.8491,8.2487],[-59.9648,8.1916],[-60.0324,8.0536],[-60.1782,7.994],[-60.3806,7.8276],[-60.5136,7.8132],[-60.6101,7.6483],[-60.7187,7.5359],[-60.6065,7.3209],[-60.6333,7.2111],[-60.5832,7.1562],[-60.3451,7.15],[-60.3221,7.092],[-60.3521,7.0029],[-60.395,6.9454],[-60.7179,6.7683],[-60.8733,6.7869],[-60.938,6.7328],[-61.1456,6.6945],[-61.2036,6.5884],[-61.151,6.4465],[-61.1287,6.2143],[-61.3908,5.9388],[-60.7421,5.2021],[-60.672,5.1644],[-60.6045,4.9946],[-60.6276,4.8925],[-60.7417,4.7741],[-60.9062,4.6868],[-61.0028,4.5353],[-61.1024,4.5047],[-61.2801,4.5169],[-61.3675,4.433],[-61.4794,4.4022],[-61.5542,4.2878],[-62.1531,4.0984],[-62.4106,4.1567],[-62.6098,4.0423],[-62.7121,4.0179],[-62.7646,3.6729],[-62.857,3.5935],[-62.9687,3.5939],[-63.3387,3.9439],[-63.5268,3.8937],[-63.6529,3.9408],[-64.0215,3.9291],[-64.1925,4.1269],[-64.5764,4.1399],[-64.7223,4.2744],[-64.7887,4.276],[-64.8179,4.2323],[-64.669,4.0118],[-64.2211,3.5874],[-64.2188,3.2047],[-64.0378,2.8015],[-64.009,2.6719],[-64.0466,2.5024],[-63.9242,2.4524],[-63.3893,2.4119],[-63.3939,2.2225],[-63.4639,2.136],[-63.5703,2.1205],[-63.8445,1.9767],[-64.0085,1.9316],[-64.1148,1.6193],[-64.205,1.5295],[-64.3042,1.4553],[-64.486,1.4528],[-64.7315,1.2533],[-64.818,1.2571],[-65.0266,1.1584],[-65.3608,0.8687],[-65.4734,0.6913],[-65.5561,0.688],[-65.523,0.8434],[-65.566,0.9261],[-65.6447,0.9704],[-65.7181,0.978],[-65.8113,0.9373],[-66.0601,0.7854],[-66.3017,0.752],[-66.4292,0.8217],[-66.876,1.223],[-66.8845,1.3583],[-66.9881,1.6802],[-67.2152,2.2755],[-67.2108,2.3901],[-67.568,2.6899],[-67.6187,2.7936],[-67.7665,2.8333],[-67.8591,2.7936],[-67.8348,2.8928],[-67.3536,3.3227],[-67.3111,3.4159],[-67.4987,3.6911],[-67.6025,3.7688],[-67.6616,3.8643],[-67.7832,4.1982],[-67.8143,4.4551],[-67.8553,4.5069],[-67.8042,5.1325],[-67.8249,5.2705],[-67.7884,5.3755],[-67.6946,5.4475],[-67.6423,5.5588],[-67.6313,5.7094],[-67.5752,5.8331],[-67.4739,5.93],[-67.4394,6.0255],[-67.482,6.1803],[-67.5681,6.2418],[-67.8592,6.2899],[-67.9389,6.2419],[-68.4718,6.1565],[-68.7365,6.1568],[-68.9372,6.1982],[-69.0899,6.1844],[-69.2682,6.0997],[-69.3571,6.148],[-69.4271,6.124],[-70.1292,6.9536],[-70.3875,6.9726],[-70.7372,7.09],[-71.0133,6.9944],[-71.1286,6.9867],[-71.6209,7.0329],[-71.8927,6.9903],[-72.0066,7.0326],[-72.0843,7.0969],[-72.2077,7.3703],[-72.3946,7.4151],[-72.472,7.5243],[-72.446,7.9661],[-72.3576,8.0873],[-72.3903,8.2871],[-72.4166,8.382],[-72.6654,8.6276],[-72.7964,9.109],[-72.9602,9.1352],[-73.0093,9.2399],[-73.0584,9.2596],[-73.1932,9.1941],[-73.3367,9.1679],[-73.3662,9.1941],[-73.0065,9.7892],[-72.8693,10.4913],[-72.6901,10.8358],[-72.4461,11.1143],[-72.2485,11.1964],[-71.9581,11.6664],[-71.5361,11.7741],[-71.3197,11.8619],[-71.4146,11.7552],[-71.4884,11.7188],[-71.8687,11.6273],[-71.9569,11.5699],[-71.947,11.4145],[-71.8351,11.1903],[-71.6416,11.0135],[-71.7309,10.9947],[-71.6904,10.8355],[-71.5984,10.7262],[-71.5943,10.6574],[-71.6648,10.4438],[-71.9557,10.1081],[-72.1128,9.8156],[-71.9933,9.6415],[-71.9763,9.5532],[-71.7607,9.3357],[-71.7813,9.25],[-71.6867,9.0725],[-71.5366,9.0483],[-71.2414,9.1604],[-71.0858,9.3482],[-71.0527,9.7058],[-71.0817,9.8332],[-71.2622,10.1436],[-71.3866,10.2638],[-71.4942,10.5332],[-71.5446,10.7787],[-71.4611,10.8356],[-71.4695,10.9642],[-71.2644,10.9995],[-70.8205,11.2084],[-70.5456,11.2614],[-70.2325,11.373],[-70.0971,11.5198],[-70.0485,11.5303],[-69.8854,11.4443],[-69.8048,11.4742],[-69.7729,11.5413],[-69.8173,11.6721],[-70.1926,11.6246],[-70.2865,11.886],[-70.2028,12.0984],[-70.004,12.1779],[-69.8601,12.0542],[-69.7624,11.676],[-69.7119,11.5642],[-69.6316,11.4799],[-69.2326,11.5185],[-68.828,11.4317],[-68.3986,11.161],[-68.2721,10.88],[-68.3247,10.8087],[-68.2963,10.6894],[-68.2341,10.5691],[-68.1399,10.4927],[-67.8716,10.4721],[-66.9891,10.6106],[-66.2472,10.6322],[-66.1059,10.5746],[-66.0905,10.4729],[-65.8518,10.2578],[-65.6559,10.2285],[-65.1291,10.0701],[-64.8505,10.0981],[-64.1883,10.4578],[-63.8337,10.4485],[-63.7319,10.5034],[-63.8627,10.5582],[-64.1579,10.5792],[-64.2475,10.5426],[-64.2982,10.6352],[-63.8734,10.6638],[-63.4968,10.6433],[-63.1899,10.7092],[-62.9467,10.7071],[-62.7023,10.7498],[-62.2423,10.6996],[-61.8795,10.741],[-61.9214,10.6814],[-62.2329,10.634],[-62.38,10.5469],[-62.6936,10.563],[-62.9136,10.5315],[-62.843,10.5072],[-62.843,10.4179],[-62.7812,10.3992],[-62.6858,10.2898],[-62.6616,10.1986],[-62.7406,10.0562],[-62.6512,10.0707],[-62.6005,10.1169],[-62.6005,10.2173],[-62.5503,10.2004],[-62.3204,9.7831],[-62.2211,9.8826],[-62.172,9.8267],[-62.1553,9.9792],[-62.0771,9.975],[-61.9086,9.8699],[-61.7359,9.6312],[-61.7659,9.8138],[-61.6254,9.8165],[-61.5889,9.8945],[-61.3094,9.6331],[-61.0134,9.5564],[-60.7925,9.3607],[-60.841,9.2637],[-60.971,9.2152],[-61.0231,9.1546],[-61.1224,8.8434],[-61.2473,8.6003],[-61.6187,8.5975],[-61.304,8.4104],[-61.1937,8.4876],[-61.036,8.4931],[-60.801,8.5921],[-60.4815,8.5473],[-60.3402,8.6288],[-60.1675,8.617],[-60.0175,8.5493]]]}},{"type":"Feature","properties":{"ISO_A2":"VA","NAME":"Vatican","CONTINENT":"Europe","REGION":"Europe"},"geometry":{"type":"Polygon","coordinates":[[[12.4392,41.8984],[12.4306,41.8976],[12.4306,41.9055],[12.4392,41.8984]]]}},{"type":"Feature","properties":{"ISO_A2":"VU","NAME":"Vanuatu","CONTINENT":"Oceania","REGION":"Oceania"},"geometry":{"type":"MultiPolygon","coordinates":[[[[166.7458,-14.8269],[166.8102,-15.1574],[166.9234,-15.1392],[166.9873,-14.94],[167.0756,-14.9356],[167.0686,-15.0718],[167.1316,-15.1354],[167.2008,-15.4431],[167.1996,-15.4857],[167.0939,-15.5809],[166.9366,-15.578],[166.8258,-15.6349],[166.7583,-15.6312],[166.759,-15.5668],[166.6311,-15.4061],[166.6479,-15.2115],[166.5272,-14.8501],[166.5674,-14.6418],[166.6078,-14.6365],[166.7458,-14.8269]]],[[[167.4125,-16.0959],[167.4837,-16.1176],[167.4987,-16.1662],[167.642,-16.2633],[167.6813,-16.2605],[167.776,-16.3405],[167.8366,-16.4497],[167.7598,-16.5164],[167.6114,-16.4986],[167.5264,-16.5743],[167.4493,-16.555],[167.3492,-16.1545],[167.3156,-16.1155],[167.2181,-16.1553],[167.1515,-16.0805],[167.1995,-15.8851],[167.2537,-15.8768],[167.3357,-15.9167],[167.4125,-16.0959]]]]}},{"type":"Feature","properties":{"ISO_A2":"UZ","NAME":"Uzbekistan","CONTINENT":"Asia","REGION":"Asia"},"geometry":{"type":"Polygon","coordinates":[[[70.9468,42.2487],[71.036,42.2847],[71.2127,42.2064],[71.2285,42.1629],[70.8566,42.0308],[70.8033,41.9227],[70.6309,41.8755],[70.455,41.725],[70.181,41.5714],[70.2009,41.5145],[70.4714,41.4126],[70.6889,41.4498],[70.7824,41.2625],[70.8604,41.2249],[71.1107,41.1526],[71.3931,41.1234],[71.4209,41.3419],[71.5,41.3075],[71.5855,41.3333],[71.6196,41.4354],[71.6022,41.5033],[71.6649,41.5412],[71.6973,41.5156],[71.7007,41.454],[71.7925,41.4131],[71.858,41.3114],[71.8786,41.195],[72.1643,41.1737],[72.1873,41.0259],[72.3641,41.0435],[72.6583,40.8699],[72.8666,40.8423],[72.99,40.8601],[73.1321,40.8285],[73.1129,40.786],[72.7738,40.6504],[72.6796,40.5556],[72.6041,40.5254],[72.4021,40.5781],[72.3697,40.5197],[72.406,40.4631],[72.3577,40.4017],[72.1929,40.4544],[72.1313,40.4386],[71.9557,40.2586],[71.6925,40.1523],[71.6299,40.2171],[71.5204,40.209],[71.3047,40.2869],[70.6027,40.2142],[70.5336,40.3245],[70.3716,40.3841],[70.3771,40.4393],[70.7511,40.7218],[70.6392,40.7786],[70.6573,40.8396],[70.402,41.0351],[70.2921,40.8917],[69.7129,40.657],[69.4139,40.7972],[69.3094,40.7239],[69.314,40.6348],[69.2063,40.5666],[69.3042,40.3274],[69.2944,40.2966],[69.2195,40.2881],[69.2749,40.1981],[68.9518,40.2226],[68.6307,40.1671],[68.6397,40.1292],[68.9269,40.1363],[68.9721,40.0899],[68.8047,40.0503],[68.8688,39.9075],[68.8324,39.8843],[68.7778,39.9042],[68.7353,39.8362],[68.639,39.8389],[68.5861,39.635],[68.5069,39.5628],[68.399,39.5289],[67.719,39.6214],[67.5425,39.5576],[67.4262,39.4656],[67.3576,39.2167],[67.6483,39.1311],[67.6944,38.9946],[68.0443,38.9836],[68.1325,38.9276],[68.1485,38.8906],[68.0479,38.6693],[68.0872,38.4735],[68.1441,38.3831],[68.3503,38.211],[68.294,38.0329],[68.0876,37.8354],[67.8144,37.487],[67.798,37.245],[67.759,37.1722],[67.7,37.2272],[67.5465,37.2356],[67.5173,37.2667],[67.3197,37.2096],[67.1955,37.2352],[67.0688,37.3348],[66.8277,37.3713],[66.5223,37.3485],[66.5256,37.7857],[66.6293,37.932],[66.5745,38.0108],[66.3897,38.0509],[65.9712,38.2442],[65.8571,38.2688],[65.7285,38.2264],[65.6129,38.2386],[64.6219,38.7564],[64.31,38.9773],[64.1628,38.9536],[63.7637,39.1605],[63.5061,39.3771],[62.4832,39.9756],[62.4416,40.0362],[62.375,40.3321],[62.298,40.4675],[62.1885,40.5412],[62.095,40.6833],[61.9028,41.0937],[61.6445,41.2398],[61.497,41.2761],[61.3875,41.2521],[61.3289,41.1951],[61.2424,41.1892],[60.8672,41.2487],[60.455,41.2216],[60.0896,41.3994],[60.0688,41.4762],[60.138,41.5941],[60.0756,41.7005],[60.0756,41.7597],[60.1086,41.7927],[60.2008,41.8031],[60.1069,41.9074],[59.9418,41.9735],[60.0061,42.1908],[59.9852,42.2117],[59.8583,42.2952],[59.3543,42.3233],[59.2766,42.3562],[59.1596,42.5114],[58.877,42.5615],[58.5891,42.7785],[58.5323,42.6819],[58.4771,42.6628],[58.2597,42.6881],[58.1516,42.6281],[58.4182,42.4067],[58.477,42.3401],[58.4744,42.2994],[58.3971,42.2925],[58.2829,42.4289],[58.0289,42.4876],[57.9457,42.42],[57.9234,42.3352],[57.8143,42.1898],[57.3817,42.1563],[57.2906,42.1238],[56.9641,41.8565],[57.0182,41.4506],[57.1188,41.3503],[57.018,41.2635],[55.9774,41.3222],[55.9757,44.9949],[58.5553,45.5554],[61.0079,44.3938],[61.0653,44.3484],[61.1607,44.1686],[61.9902,43.4921],[63.207,43.628],[64.4432,43.5512],[64.9055,43.7147],[65.2705,43.4175],[65.4962,43.3105],[65.803,42.877],[66.1003,42.9908],[66.0155,42.3148],[66.0096,42.0049],[66.4986,41.9949],[66.6017,41.4943],[66.7097,41.1792],[66.8143,41.1424],[67.7351,41.1873],[67.8051,41.1639],[67.9357,41.1966],[68.1131,41.0286],[68.0477,40.8093],[68.1603,40.7218],[68.415,40.6194],[68.5727,40.6227],[68.6007,40.66],[68.5565,40.7651],[68.5841,40.8763],[68.7371,41.0419],[68.9869,41.205],[69.0435,41.2641],[69.0649,41.3669],[69.1536,41.4252],[69.3684,41.4906],[69.401,41.5419],[69.6639,41.6721],[70.0956,41.8205],[70.416,42.0786],[70.5843,42.036],[70.7152,42.1687],[70.9468,42.2487]],[[70.6525,40.9366],[70.6184,41.0017],[70.55,41.0149],[70.6525,40.9366]]]}},{"type":"Feature","properties":{"ISO_A2":"UY","NAME":"Uruguay","CONTINENT":"South America","REGION":"Americas"},"geometry":{"type":"Polygon","coordinates":[[[-53.3706,-33.7422],[-53.4725,-33.8493],[-53.5345,-34.0175],[-53.7429,-34.2495],[-53.7853,-34.3804],[-54.0103,-34.517],[-54.1686,-34.6707],[-54.2721,-34.6669],[-54.3653,-34.7327],[-54.9023,-34.9328],[-55.2379,-34.8958],[-55.3706,-34.8076],[-55.6731,-34.7757],[-55.8629,-34.8109],[-56.1179,-34.9079],[-56.25,-34.9013],[-56.3878,-34.861],[-56.4631,-34.7754],[-56.8552,-34.6767],[-57.1707,-34.4523],[-57.8291,-34.4773],[-57.8732,-34.4477],[-57.9612,-34.3069],[-58.4002,-33.9124],[-58.4381,-33.7191],[-58.3534,-33.2601],[-58.3635,-33.1823],[-58.2216,-33.1291],[-58.0927,-32.9674],[-58.0823,-32.8937],[-58.2012,-32.4717],[-58.123,-32.3219],[-58.1197,-32.2489],[-58.1648,-32.1849],[-58.1604,-31.9865],[-58.189,-31.9242],[-58.0423,-31.7692],[-57.9889,-31.6206],[-57.988,-31.5762],[-58.0539,-31.4949],[-57.8934,-31.1953],[-57.8684,-31.1044],[-57.8983,-30.9752],[-57.8106,-30.8586],[-57.8186,-30.712],[-57.8725,-30.591],[-57.8312,-30.4952],[-57.6509,-30.295],[-57.6458,-30.227],[-57.6089,-30.1878],[-57.5523,-30.2612],[-57.2145,-30.2834],[-57.1205,-30.1444],[-57.0327,-30.11],[-56.8327,-30.1072],[-56.1762,-30.6284],[-56.0448,-30.7776],[-55.999,-30.8372],[-56.0047,-31.0792],[-55.8078,-31.0367],[-55.603,-30.8508],[-55.3661,-31.0462],[-55.2546,-31.2256],[-55.1735,-31.2796],[-55.0912,-31.314],[-55.036,-31.279],[-54.896,-31.3912],[-54.5876,-31.4852],[-54.3699,-31.745],[-54.2206,-31.8552],[-53.9206,-31.9523],[-53.7617,-32.0568],[-53.6017,-32.403],[-53.3627,-32.5812],[-53.2312,-32.6254],[-53.1256,-32.7367],[-53.4829,-33.0686],[-53.5313,-33.1709],[-53.5313,-33.6555],[-53.3706,-33.7422]]]}},{"type":"Feature","properties":{"ISO_A2":"FM","NAME":"Micronesia","CONTINENT":"Oceania","REGION":"Oceania"},"geometry":{"type":"Polygon","coordinates":[[[158.3148,6.8137],[158.1834,6.8013],[158.1348,6.9448],[158.1861,6.9777],[158.2946,6.9511],[158.335,6.8932],[158.3148,6.8137]]]}},{"type":"Feature","properties":{"ISO_A2":"MH","NAME":"Marshall Is.","CONTINENT":"Oceania","REGION":"Oceania"},"geometry":{"type":"Polygon","coordinates":[[[169.6351,5.8301],[169.5905,5.8019],[169.6511,5.9451],[169.7346,6.0142],[169.6351,5.8301]]]}},{"type":"Feature","properties":{"ISO_A2":"MP","NAME":"N. Mariana Is.","CONTINENT":"Oceania","REGION":"Oceania"},"geometry":{"type":"Polygon","coordinates":[[[145.752,15.1332],[145.7492,15.1072],[145.6982,15.1135],[145.7132,15.2153],[145.8219,15.2654],[145.752,15.1332]]]}},{"type":"Feature","properties":{"ISO_A2":"VI","NAME":"U.S. Virgin Is.","CONTINENT":"North America","REGION":"Americas"},"geometry":{"type":"Polygon","coordinates":[[[-64.7656,17.7943],[-64.6818,17.7502],[-64.5805,17.7502],[-64.6863,17.7061],[-64.8891,17.7017],[-64.8847,17.7723],[-64.7656,17.7943]]]}},{"type":"Feature","properties":{"ISO_A2":"GU","NAME":"Guam","CONTINENT":"Oceania","REGION":"Oceania"},"geometry":{"type":"Polygon","coordinates":[[[144.7418,13.2593],[144.6995,13.2575],[144.65,13.3135],[144.6493,13.4287],[144.7903,13.5269],[144.8367,13.6224],[144.8754,13.6146],[144.9408,13.5703],[144.7799,13.4111],[144.7418,13.2593]]]}},{"type":"Feature","properties":{"ISO_A2":"AS","NAME":"American Samoa","CONTINENT":"Oceania","REGION":"Oceania"},"geometry":{"type":"Polygon","coordinates":[[[-170.7263,-14.3512],[-170.7692,-14.3598],[-170.8205,-14.3121],[-170.6892,-14.2574],[-170.5681,-14.2668],[-170.6405,-14.2822],[-170.7263,-14.3512]]]}},{"type":"Feature","properties":{"ISO_A2":"PR","NAME":"Puerto Rico","CONTINENT":"North America","REGION":"Americas"},"geometry":{"type":"Polygon","coordinates":[[[-66.1294,18.4449],[-66.0684,18.428],[-66.0927,18.469],[-66.0704,18.469],[-65.6288,18.3814],[-65.6208,18.2423],[-65.9708,17.9744],[-66.245,17.9473],[-66.7724,17.9866],[-66.9,17.9479],[-67.1969,17.9942],[-67.1725,18.2242],[-67.2641,18.3646],[-67.1718,18.4358],[-67.1586,18.4992],[-67.0596,18.5222],[-66.1886,18.4758],[-66.1294,18.4449]]]}},{"type":"Feature","properties":{"ISO_A2":"US","NAME":"United States of America","CONTINENT":"North America","REGION":"Americas"},"geometry":{"type":"MultiPolygon","coordinates":[[[[-130.0251,55.8882],[-130.112,55.7798],[-130.1465,55.6545],[-130.0366,55.2979],[-130.1718,55.137],[-130.2141,55.0259],[-130.5753,54.7697],[-130.8496,54.8076],[-131.0479,55.1577],[-130.9839,55.2439],[-130.7482,55.318],[-130.856,55.3551],[-130.9186,55.736],[-131.1277,55.9602],[-131.1404,55.9975],[-131.0328,56.0881],[-131.7842,55.8766],[-131.8262,55.8354],[-131.7991,55.7828],[-131.945,55.5542],[-131.9834,55.535],[-132.119,55.5698],[-132.2234,55.721],[-132.2075,55.7534],[-132.0057,55.9301],[-131.8438,56.1601],[-131.5514,56.2068],[-131.8879,56.2417],[-132.0219,56.3801],[-132.182,56.4207],[-132.305,56.5199],[-132.3577,56.6259],[-132.4759,56.6497],[-132.4871,56.7664],[-132.6395,56.7964],[-132.8022,56.8952],[-132.8388,56.9602],[-132.8143,57.0407],[-133.4659,57.1722],[-133.4367,57.3369],[-133.539,57.5542],[-133.6487,57.6423],[-133.6034,57.6947],[-133.5542,57.6951],[-133.117,57.5662],[-133.5155,57.7751],[-133.5352,57.833],[-133.5111,57.8801],[-133.1943,57.8777],[-133.5594,57.9245],[-133.6573,57.841],[-133.7223,57.8442],[-134.0311,58.0722],[-134.0633,58.2111],[-134.0453,58.2893],[-133.8768,58.5182],[-133.9438,58.4983],[-134.1312,58.2793],[-134.2088,58.233],[-134.4854,58.3672],[-134.6636,58.3847],[-134.7761,58.4539],[-134.9425,58.6463],[-134.9861,58.7656],[-135.1318,58.8429],[-135.2174,59.0766],[-135.3303,59.2391],[-135.3489,59.4101],[-135.4127,59.3185],[-135.4841,59.3087],[-135.4001,59.2079],[-135.5023,59.2023],[-135.3861,59.0875],[-135.3341,58.9096],[-135.062,58.3409],[-135.0497,58.3068],[-135.0902,58.2459],[-135.3025,58.2559],[-135.45,58.3761],[-135.5718,58.4121],[-135.8976,58.4002],[-135.8617,58.5771],[-136.0455,58.7891],[-136.0431,58.8216],[-135.8264,58.8979],[-136.0166,58.874],[-136.1337,59.0396],[-136.1595,58.9468],[-136.1235,58.8935],[-136.1242,58.8196],[-136.2258,58.7655],[-136.4512,58.8463],[-136.5662,58.9409],[-136.989,59.0345],[-136.948,58.9349],[-137.059,58.8737],[-136.8791,58.8815],[-136.6139,58.8093],[-136.4101,58.7006],[-136.4837,58.6177],[-136.2246,58.6022],[-136.0615,58.4527],[-136.056,58.3842],[-136.0812,58.3642],[-136.4624,58.328],[-136.6074,58.244],[-137.544,58.5812],[-137.5646,58.6259],[-137.8637,58.7855],[-138.0269,58.9415],[-138.2407,59.0468],[-138.5372,59.1151],[-138.5603,59.1292],[-138.5207,59.1522],[-139.341,59.3756],[-139.7991,59.5462],[-139.6116,59.6103],[-139.513,59.6981],[-139.5822,59.8483],[-139.5691,59.9124],[-139.5123,59.9536],[-139.4469,59.9568],[-139.331,59.877],[-139.2867,59.6109],[-139.2208,59.8199],[-138.9881,59.835],[-139.2425,59.8928],[-139.4314,60.0123],[-139.5189,60.0171],[-139.9169,59.8057],[-140.2167,59.7267],[-140.4198,59.7107],[-140.8432,59.7489],[-141.4083,59.9028],[-141.2899,60.0042],[-141.3295,60.0828],[-141.4087,60.1177],[-141.4097,60.0423],[-141.4471,60.0194],[-141.6702,59.9699],[-142.5486,60.086],[-142.9457,60.097],[-143.8051,60.0129],[-144.1472,60.0164],[-144.1609,60.0458],[-144.0843,60.063],[-144.0885,60.0843],[-144.1855,60.1507],[-144.643,60.2247],[-144.9013,60.3352],[-144.8244,60.5336],[-144.6911,60.6691],[-145.2483,60.3801],[-145.8989,60.4782],[-145.6749,60.6511],[-146.149,60.6607],[-146.1823,60.7348],[-146.251,60.7491],[-146.503,60.7008],[-146.5705,60.7292],[-146.392,60.8108],[-146.6036,60.8709],[-146.6384,60.8973],[-146.636,60.9925],[-146.5991,61.0535],[-146.2849,61.1126],[-146.3844,61.1358],[-146.5827,61.1278],[-146.9802,60.9778],[-147.195,60.9968],[-147.3614,60.9145],[-147.5673,60.9949],[-147.6557,60.9095],[-147.8076,60.8854],[-147.8911,60.8899],[-148.0051,60.9686],[-147.7519,61.2189],[-148.0494,61.0827],[-148.3419,61.0604],[-148.4107,61.0115],[-148.2087,61.0299],[-148.3444,60.8536],[-148.5562,60.827],[-148.5574,60.8029],[-148.2679,60.6997],[-148.2842,60.6093],[-148.3384,60.5698],[-148.5096,60.5652],[-148.6401,60.4895],[-148.1192,60.5751],[-148.0507,60.5672],[-147.9641,60.4849],[-148.046,60.4283],[-148.1817,60.3931],[-148.2159,60.3231],[-148.1976,60.1678],[-148.3331,60.122],[-148.4307,59.9891],[-148.7509,59.9478],[-149.0042,59.98],[-149.1216,60.0335],[-149.2666,59.9983],[-149.3953,60.1058],[-149.4322,60.001],[-149.5492,59.8943],[-149.598,59.7705],[-149.7139,59.9196],[-149.7948,59.8558],[-149.7825,59.7503],[-150.0053,59.7844],[-149.9665,59.69],[-150.198,59.5666],[-150.3381,59.5813],[-150.4854,59.5353],[-150.6074,59.5634],[-150.6229,59.4796],[-150.6774,59.427],[-150.8528,59.3418],[-150.9345,59.2491],[-151.1828,59.3008],[-151.1707,59.2369],[-151.3664,59.2456],[-151.7382,59.1885],[-151.9495,59.2651],[-151.9317,59.3427],[-151.85,59.4063],[-151.3996,59.5163],[-151.1894,59.6377],[-151.0465,59.7718],[-151.0895,59.7894],[-151.4501,59.6504],[-151.7638,59.7],[-151.8169,59.7209],[-151.8532,59.7821],[-151.7345,59.9883],[-151.396,60.2745],[-151.3127,60.4665],[-151.355,60.6599],[-151.3564,60.7229],[-151.3218,60.7429],[-150.4413,61.0236],[-150.3491,61.0227],[-150.113,60.9328],[-149.6325,60.952],[-149.0751,60.8764],[-149.1422,60.9357],[-149.5925,60.9938],[-150.0533,61.1711],[-149.8953,61.2317],[-149.7369,61.3633],[-149.3291,61.4974],[-149.4335,61.5008],[-149.6953,61.4707],[-149.8237,61.4134],[-149.9757,61.2793],[-150.4718,61.26],[-150.5672,61.3068],[-150.9455,61.1982],[-151.1501,61.0858],[-151.5935,60.9796],[-151.734,60.9107],[-151.7844,60.8332],[-151.7505,60.7549],[-151.9962,60.6822],[-152.2707,60.5281],[-152.3066,60.4722],[-152.2603,60.4094],[-152.3688,60.3363],[-152.654,60.2384],[-153.025,60.2957],[-152.6647,60.1253],[-152.6286,60.0411],[-152.6601,59.9972],[-152.7595,59.9209],[-153.2112,59.8427],[-153.0246,59.794],[-153.0481,59.73],[-153.0936,59.7091],[-153.364,59.6599],[-153.3596,59.7175],[-153.4144,59.7401],[-153.6525,59.647],[-153.6707,59.6348],[-153.6094,59.615],[-153.7526,59.5099],[-154.0883,59.3633],[-154.0675,59.3364],[-154.1783,59.1556],[-154.1298,59.1199],[-153.6564,59.0387],[-153.4183,58.96],[-153.3271,58.8843],[-153.4376,58.7548],[-153.6173,58.6547],[-153.862,58.5878],[-154.0199,58.493],[-154.0859,58.3658],[-154.289,58.3043],[-154.2081,58.2888],[-154.247,58.1594],[-154.5706,58.1181],[-154.5849,58.0557],[-155.0069,58.0161],[-155.1474,57.8818],[-155.5902,57.7336],[-155.5959,57.7011],[-155.778,57.5682],[-156.0002,57.545],[-156.0374,57.5265],[-156.0554,57.4476],[-156.2422,57.4492],[-156.4359,57.36],[-156.4784,57.3279],[-156.3977,57.2406],[-156.4005,57.2048],[-156.4751,57.1052],[-156.592,57.0651],[-156.629,57.01],[-156.7799,57.0056],[-157.1392,56.8266],[-157.4406,56.7903],[-157.5784,56.6345],[-157.8691,56.6452],[-158.0783,56.5521],[-157.9287,56.5317],[-157.9822,56.5096],[-158.4144,56.4358],[-158.5521,56.3127],[-158.3861,56.3016],[-158.2914,56.2037],[-158.4761,56.0755],[-158.5233,56.0725],[-158.5427,56.1668],[-158.5912,56.1845],[-158.7049,56.0431],[-158.7898,55.9869],[-159.5232,55.81],[-159.5676,55.6952],[-159.6597,55.6259],[-159.6785,55.8247],[-159.7714,55.8411],[-160.3732,55.6351],[-160.4993,55.5373],[-160.6252,55.5524],[-160.7708,55.4835],[-160.8967,55.5136],[-161.178,55.3889],[-161.4639,55.3825],[-161.4767,55.4649],[-161.4133,55.5361],[-161.2021,55.5436],[-161.3575,55.6122],[-161.5169,55.6184],[-161.6543,55.5634],[-161.7416,55.3912],[-162.074,55.1393],[-162.1666,55.1438],[-162.2747,55.0732],[-162.3864,55.0523],[-162.4575,55.0777],[-162.4125,55.1069],[-162.4953,55.2084],[-162.5419,55.2427],[-162.6304,55.2467],[-162.6189,55.0384],[-162.6744,54.9966],[-162.865,54.9545],[-162.9959,55.0465],[-163.1196,55.0647],[-163.1002,54.9736],[-163.1311,54.9166],[-163.3353,54.8392],[-163.2788,55.1218],[-163.1145,55.1939],[-162.9066,55.1956],[-162.1571,55.7194],[-161.6973,55.9072],[-161.2156,56.0214],[-161.1786,56.0145],[-161.2226,55.9774],[-161.1925,55.9543],[-160.8986,55.9937],[-160.8778,55.9705],[-160.9024,55.9413],[-161.0084,55.9117],[-161.0054,55.8872],[-160.8028,55.7544],[-160.7455,55.7715],[-160.7584,55.8546],[-160.7063,55.8705],[-160.5302,55.8635],[-160.4369,55.8167],[-160.2917,55.8051],[-160.2701,55.8322],[-160.3085,55.8645],[-160.4799,55.9354],[-160.5391,56.0063],[-160.3021,56.3141],[-159.7851,56.5616],[-159.2831,56.6886],[-158.918,56.8822],[-158.8949,56.8164],[-158.6751,56.7949],[-158.6608,57.0394],[-158.3209,57.2979],[-158.1335,57.3664],[-157.8458,57.5281],[-157.7372,57.5481],[-157.5353,57.4834],[-157.4619,57.5062],[-157.5716,57.5407],[-157.6972,57.6794],[-157.6212,57.8952],[-157.6109,58.0508],[-157.555,58.1399],[-157.1937,58.1942],[-157.4884,58.2537],[-157.5236,58.4213],[-157.4609,58.503],[-157.2289,58.6409],[-156.9747,58.7363],[-157.0405,58.7726],[-156.8089,59.1343],[-156.9634,58.9889],[-157.142,58.8776],[-158.1909,58.6143],[-158.3026,58.6418],[-158.5032,58.8503],[-158.4256,58.9993],[-158.0805,58.9774],[-158.4228,59.0898],[-158.5144,59.0729],[-158.6783,58.9294],[-158.8095,58.9739],[-158.7755,58.9025],[-158.8614,58.7188],[-158.7721,58.5203],[-158.7886,58.441],[-158.9507,58.4045],[-159.0827,58.4698],[-159.4542,58.7929],[-159.6703,58.9111],[-159.9202,58.8199],[-160.1526,58.9059],[-160.3631,59.0512],[-160.8171,58.8717],[-161.2468,58.7995],[-161.3281,58.7437],[-161.3613,58.6695],[-161.7555,58.612],[-162.1449,58.6442],[-161.8565,58.7171],[-161.7244,58.7943],[-161.7805,58.8974],[-161.7887,59.0164],[-161.6444,59.1097],[-161.7945,59.1095],[-161.8908,59.0761],[-161.9811,59.1461],[-162.0233,59.284],[-161.8722,59.4283],[-161.8287,59.5886],[-162.1381,59.98],[-162.2425,60.1783],[-162.4213,60.284],[-162.1389,60.6144],[-161.9466,60.6848],[-162.138,60.6855],[-162.4687,60.3947],[-162.685,60.2689],[-162.5477,60.2311],[-162.527,60.1991],[-162.5005,60.1266],[-162.5708,59.9897],[-162.7326,59.9937],[-162.8778,59.9228],[-163.2194,59.8456],[-163.9069,59.8068],[-164.1428,59.8968],[-164.1315,59.9942],[-164.4705,60.1493],[-164.6623,60.3038],[-164.8,60.3072],[-165.0611,60.4125],[-165.0265,60.5006],[-165.3538,60.5412],[-165.016,60.74],[-164.8998,60.8731],[-164.8052,60.892],[-164.3185,60.7713],[-164.2657,60.7247],[-164.3724,60.5918],[-163.9996,60.7661],[-163.8949,60.7452],[-163.73,60.59],[-163.5287,60.6646],[-163.4209,60.7574],[-163.623,60.8222],[-163.9065,60.8538],[-163.5869,60.903],[-163.749,60.9697],[-163.9946,60.8647],[-164.4416,60.87],[-164.754,60.9313],[-165.1148,60.9328],[-165.1755,60.9657],[-164.869,61.1118],[-165.0771,61.0942],[-165.1377,61.1301],[-165.1278,61.1924],[-165.2038,61.1528],[-165.3449,61.1977],[-165.2439,61.2688],[-165.2736,61.2749],[-165.3337,61.2661],[-165.392,61.2123],[-165.3808,61.1063],[-165.5659,61.1023],[-165.6914,61.2999],[-165.864,61.3357],[-165.9063,61.4038],[-165.7971,61.4912],[-165.8453,61.5362],[-165.9613,61.5509],[-166.094,61.5067],[-166.1527,61.5459],[-166.1681,61.6508],[-165.8089,61.6961],[-166.0199,61.7483],[-166.0788,61.8031],[-165.6128,61.8693],[-165.7252,61.9594],[-165.7439,62.0117],[-165.7073,62.1004],[-165.1945,62.4735],[-164.9997,62.5338],[-164.7579,62.4967],[-164.8444,62.5811],[-164.688,62.6083],[-164.5895,62.7094],[-164.7927,62.6232],[-164.8454,62.801],[-164.7997,62.9181],[-164.6774,63.0205],[-164.3842,63.0305],[-164.3751,63.054],[-164.5252,63.1276],[-164.409,63.215],[-164.1076,63.2617],[-163.9429,63.2472],[-163.7362,63.1928],[-163.6163,63.1251],[-163.749,63.0303],[-163.5043,63.1059],[-163.2878,63.0464],[-162.9477,63.115],[-162.8078,63.2066],[-162.6215,63.2658],[-162.2828,63.5292],[-162.1125,63.5342],[-162.0562,63.4713],[-161.974,63.4529],[-161.5054,63.4682],[-161.266,63.497],[-160.9267,63.6605],[-160.8265,63.7293],[-160.7786,63.8189],[-160.904,64.0312],[-160.9875,64.2513],[-161.2201,64.3966],[-161.3857,64.4399],[-161.4907,64.4338],[-161.4146,64.5264],[-161.1931,64.5164],[-160.9319,64.5791],[-160.836,64.6819],[-160.887,64.7956],[-161.1302,64.9254],[-161.4664,64.7949],[-161.7594,64.8163],[-161.8683,64.7427],[-162.3346,64.6128],[-162.6357,64.4508],[-162.7111,64.3775],[-162.807,64.3742],[-162.8764,64.5164],[-163.2039,64.652],[-163.3028,64.6059],[-163.1741,64.533],[-163.0518,64.5197],[-163.1443,64.4238],[-163.4862,64.5498],[-163.7131,64.5882],[-164.304,64.5839],[-164.6918,64.5074],[-164.7649,64.5296],[-164.9788,64.4537],[-166.1428,64.5828],[-166.3251,64.6257],[-166.4814,64.7281],[-166.4781,64.7976],[-166.4087,64.827],[-166.4152,64.9265],[-166.5509,64.953],[-166.9284,65.1571],[-166.7625,65.1349],[-166.531,65.1547],[-166.4517,65.2473],[-166.1215,65.2607],[-166.157,65.2858],[-167.404,65.4221],[-167.9873,65.5678],[-168.0884,65.6578],[-167.9306,65.7481],[-167.9144,65.6812],[-167.58,65.7583],[-167.4053,65.8593],[-167.0742,65.8771],[-166.7477,66.0519],[-166.3987,66.1444],[-166.2146,66.1703],[-166.0089,66.1213],[-165.6299,66.1312],[-165.5602,66.1671],[-165.8402,66.2451],[-165.8119,66.2885],[-165.4494,66.4099],[-165.064,66.4378],[-164.4605,66.5884],[-163.7277,66.6165],[-163.6382,66.5747],[-163.8939,66.5759],[-163.7755,66.5311],[-163.9029,66.3784],[-163.8939,66.2869],[-164.0337,66.2155],[-163.6954,66.0838],[-162.8865,66.0992],[-162.5869,66.0508],[-162.2143,66.071],[-161.9337,66.0429],[-161.8163,66.0537],[-161.5568,66.2505],[-161.4554,66.2814],[-161.2011,66.2194],[-161.1092,66.2395],[-161.0343,66.1888],[-161.0695,66.2946],[-161.1203,66.3343],[-161.5444,66.407],[-161.8282,66.3709],[-161.9169,66.4118],[-161.8876,66.4931],[-162.1912,66.6931],[-162.3177,66.7337],[-162.4674,66.7356],[-162.6074,66.8944],[-162.3616,66.9473],[-162.2536,66.9187],[-162.1314,66.8014],[-162.0176,66.7841],[-162.0507,66.6673],[-161.9096,66.5596],[-161.591,66.4595],[-161.1558,66.4953],[-160.7845,66.3844],[-160.6505,66.3731],[-160.2317,66.4203],[-160.2273,66.5085],[-160.2625,66.5725],[-160.3609,66.6125],[-160.6438,66.605],[-160.864,66.6709],[-161.0515,66.6528],[-161.398,66.5519],[-161.8567,66.7003],[-161.8788,66.804],[-161.6222,66.9793],[-161.7199,67.0206],[-161.9654,67.0496],[-162.3916,67.0199],[-162.4094,67.104],[-162.5831,67.0185],[-163.0017,67.0273],[-163.5318,67.1026],[-163.7206,67.1956],[-163.9427,67.4776],[-164.1252,67.6067],[-165.386,68.0456],[-165.9596,68.1559],[-166.2359,68.2779],[-166.7863,68.3596],[-166.5459,68.4244],[-166.6479,68.3738],[-166.5704,68.3611],[-166.3805,68.4251],[-166.182,68.7972],[-166.2091,68.8854],[-165.5095,68.8676],[-164.3023,68.9365],[-163.8679,69.0367],[-163.5357,69.1701],[-163.2052,69.3925],[-163.1615,69.3879],[-163.0936,69.6107],[-162.9521,69.7581],[-161.881,70.3317],[-161.7611,70.2577],[-162.0739,70.162],[-160.9963,70.3046],[-160.6341,70.4464],[-160.1171,70.5912],[-159.9631,70.5682],[-160.1064,70.4726],[-160.0056,70.4476],[-160.0951,70.3333],[-159.9076,70.3314],[-159.8657,70.2789],[-159.815,70.4971],[-159.6833,70.4771],[-159.3868,70.5245],[-159.7462,70.5305],[-159.9618,70.6341],[-160.0816,70.6349],[-159.6809,70.7868],[-159.3145,70.8785],[-159.1917,70.8597],[-159.1832,70.8319],[-159.3398,70.7813],[-159.2512,70.7484],[-158.9963,70.8016],[-158.6209,70.799],[-158.4844,70.8411],[-157.9094,70.8601],[-157.3248,71.0396],[-156.7833,71.3189],[-156.4702,71.4077],[-156.3953,71.3967],[-156.5672,71.3416],[-156.47,71.2916],[-155.6456,71.1828],[-155.5794,71.1211],[-155.6346,71.0616],[-155.8043,70.9954],[-156.1466,70.9278],[-156.0419,70.9022],[-155.9735,70.842],[-155.8722,70.8347],[-155.5794,70.8943],[-155.1668,71.0992],[-154.9438,71.0831],[-154.6737,70.9871],[-154.7852,70.8943],[-154.1952,70.8011],[-153.9182,70.8773],[-153.4977,70.8911],[-153.2329,70.9326],[-152.3004,70.8468],[-152.2329,70.8104],[-152.4373,70.7333],[-152.4706,70.6536],[-152.2697,70.6147],[-152.2534,70.5683],[-152.1729,70.5566],[-151.769,70.5602],[-151.9447,70.4521],[-151.2248,70.4188],[-150.6626,70.5099],[-150.2736,70.4343],[-149.8701,70.5097],[-149.2694,70.5008],[-148.6884,70.4163],[-148.4792,70.3179],[-148.1427,70.3555],[-147.8695,70.3033],[-147.7054,70.2172],[-147.0629,70.1704],[-146.7449,70.1917],[-145.8231,70.1601],[-145.1974,70.0087],[-144.6192,69.9821],[-144.4169,70.039],[-143.2183,70.1163],[-142.7079,70.0338],[-142.297,69.8699],[-141.6992,69.7704],[-141.4079,69.6534],[-141.0021,69.6508],[-141.0021,60.3002],[-140.5254,60.2184],[-140.4528,60.2997],[-139.9733,60.1832],[-139.6763,60.3283],[-139.0792,60.3437],[-139.0792,60.2794],[-139.1852,60.0836],[-139.0435,59.9933],[-138.7055,59.9013],[-138.6323,59.7783],[-137.5933,59.2263],[-137.4842,58.9912],[-137.5209,58.9154],[-137.4386,58.9031],[-136.8133,59.15],[-136.5788,59.1522],[-136.4667,59.2799],[-136.4664,59.4591],[-136.3479,59.4561],[-136.278,59.4803],[-136.2471,59.5329],[-136.3218,59.6048],[-135.9347,59.6626],[-135.4759,59.7933],[-135.051,59.5787],[-135.0713,59.4415],[-134.9437,59.2883],[-134.4408,59.0854],[-134.297,58.8985],[-133.8208,58.705],[-133.4011,58.4109],[-133.4226,58.3371],[-133.1204,58.0777],[-132.2322,57.1985],[-132.338,57.0794],[-132.0315,57.0266],[-132.1043,56.8568],[-131.8662,56.7928],[-131.886,56.7421],[-131.8331,56.6848],[-131.8243,56.59],[-131.5751,56.5988],[-131.0829,56.4048],[-130.7417,56.3408],[-130.6491,56.2637],[-130.4771,56.2306],[-130.4131,56.1225],[-130.2147,56.0828],[-130.0979,56.1093],[-130.0229,56.0145],[-130.0251,55.8882]]],[[[-74.7089,45.0039],[-71.5175,45.0076],[-71.419,45.2003],[-71.3273,45.2901],[-71.1347,45.2628],[-70.9999,45.3373],[-70.9602,45.3331],[-70.898,45.2625],[-70.865,45.2707],[-70.7992,45.4048],[-70.6898,45.4283],[-70.7022,45.5514],[-70.4211,45.7382],[-70.4079,45.8019],[-70.2962,45.9061],[-70.3045,46.0574],[-70.2483,46.2509],[-70.0672,46.4411],[-70.0077,46.7089],[-69.2429,47.463],[-69.0502,47.4266],[-69.0486,47.2736],[-68.9372,47.2112],[-68.8287,47.2033],[-68.3769,47.3162],[-68.358,47.3445],[-68.2355,47.3459],[-67.8068,47.0828],[-67.767,45.927],[-67.8022,45.7275],[-67.5958,45.6208],[-67.4327,45.6031],[-67.4244,45.5304],[-67.4937,45.4741],[-67.4279,45.3779],[-67.4726,45.2759],[-67.3153,45.1538],[-67.2496,45.2008],[-67.1249,45.1694],[-67.0805,44.9892],[-67.1139,44.9444],[-67.1067,44.8851],[-67.014,44.8678],[-66.987,44.8277],[-67.1913,44.6756],[-67.3641,44.6969],[-67.556,44.6448],[-67.5991,44.5768],[-67.653,44.5624],[-67.8391,44.5763],[-67.907,44.4536],[-67.9627,44.4643],[-68.0566,44.3843],[-68.1521,44.502],[-68.2774,44.5074],[-68.3737,44.4451],[-68.4506,44.5076],[-68.5214,44.3802],[-68.5325,44.2586],[-68.612,44.3105],[-68.8119,44.3394],[-68.7101,44.4426],[-68.777,44.446],[-68.7627,44.5708],[-68.8474,44.4851],[-68.9615,44.4338],[-68.9562,44.3481],[-69.0636,44.1724],[-69.0684,44.0976],[-69.1373,44.0378],[-69.2261,43.9865],[-69.3445,44.0009],[-69.5208,43.8974],[-69.5567,43.9828],[-69.59,43.8866],[-69.6239,43.8806],[-69.6529,43.9939],[-69.6991,43.955],[-69.7298,43.852],[-69.7953,43.9106],[-69.8083,43.7723],[-69.8725,43.8195],[-69.9743,43.7879],[-69.9652,43.8551],[-70.0624,43.8346],[-70.2692,43.6719],[-70.2026,43.6261],[-70.5207,43.3488],[-70.6423,43.1344],[-70.7331,43.07],[-70.8291,42.8253],[-70.7357,42.6693],[-70.624,42.6718],[-70.6129,42.6232],[-70.8312,42.5526],[-71.0462,42.3311],[-70.7383,42.2289],[-70.6177,42.0404],[-70.6562,41.9871],[-70.5489,41.9386],[-70.5147,41.8033],[-70.4267,41.7573],[-70.2955,41.729],[-70.0014,41.8262],[-70.1103,42.0301],[-70.1726,42.0628],[-70.1962,42.0351],[-70.2411,42.0912],[-70.1089,42.0783],[-69.9779,41.9613],[-69.9416,41.8079],[-69.9486,41.6771],[-70.4047,41.6269],[-70.6571,41.5342],[-70.6665,41.7101],[-70.7011,41.7148],[-70.9742,41.5485],[-71.0798,41.5381],[-71.1686,41.4894],[-71.2043,41.6411],[-71.1487,41.7457],[-71.2711,41.6813],[-71.3901,41.7953],[-71.3637,41.7027],[-71.4266,41.6333],[-71.4438,41.4537],[-71.5229,41.379],[-72.2653,41.2916],[-72.371,41.3122],[-72.4794,41.2758],[-72.9247,41.2852],[-73.0237,41.2165],[-73.583,41.0219],[-73.9871,40.7514],[-73.872,41.0552],[-73.8822,41.1706],[-73.9699,41.2497],[-73.9177,41.1358],[-73.9272,40.9143],[-74.0255,40.7564],[-74.1872,40.648],[-74.2642,40.5286],[-74.2415,40.4563],[-74.0499,40.4298],[-73.9984,40.4521],[-73.9723,40.4003],[-73.9576,40.3284],[-74.0799,39.7881],[-74.0646,39.9931],[-74.1176,39.9381],[-74.1761,39.7266],[-74.2565,39.6139],[-74.3306,39.5359],[-74.407,39.5488],[-74.3898,39.4868],[-74.4288,39.3872],[-74.603,39.2926],[-74.6048,39.2475],[-74.7945,39.0019],[-74.9543,38.95],[-74.897,39.1455],[-75.0502,39.2108],[-75.1361,39.2079],[-75.3534,39.3398],[-75.5242,39.4902],[-75.5235,39.6019],[-75.4219,39.7897],[-75.1538,39.8705],[-75.0742,39.9835],[-75.1729,39.8948],[-75.4006,39.8316],[-75.5876,39.6408],[-75.5739,39.477],[-75.4126,39.2814],[-75.3922,39.0928],[-75.1851,38.8194],[-75.0887,38.7775],[-75.1285,38.6324],[-75.1871,38.5911],[-75.0729,38.5787],[-75.0388,38.4264],[-75.0744,38.3657],[-75.0734,38.41],[-75.1167,38.4062],[-75.16,38.2551],[-75.2254,38.2423],[-75.3535,38.065],[-75.5964,37.6312],[-75.5871,37.5587],[-75.6988,37.5164],[-75.8121,37.4252],[-75.9344,37.1519],[-75.9974,37.2638],[-75.975,37.3984],[-75.8881,37.6191],[-75.7193,37.8214],[-75.6593,37.954],[-75.8508,37.9716],[-75.7953,38.0867],[-75.9281,38.1692],[-75.8639,38.2612],[-75.8587,38.3621],[-75.9674,38.2914],[-75.9857,38.3319],[-76.0512,38.2795],[-76.2117,38.3613],[-76.2646,38.4364],[-76.2949,38.4946],[-76.2642,38.6],[-76.0009,38.6017],[-76.0169,38.6251],[-76.0569,38.6212],[-76.213,38.7583],[-76.2783,38.7725],[-76.3412,38.7097],[-76.3003,38.8182],[-76.1682,38.8527],[-76.1911,38.9156],[-76.2408,38.9431],[-76.3307,38.9086],[-76.3127,39.0094],[-76.1857,38.9907],[-76.1352,39.0821],[-76.133,39.1229],[-76.2168,39.0636],[-76.2357,39.1916],[-76.1531,39.315],[-76.0744,39.3688],[-75.876,39.376],[-76.0031,39.4108],[-75.8729,39.5109],[-75.9704,39.5046],[-75.9589,39.5851],[-76.063,39.5611],[-76.0973,39.4331],[-76.2158,39.3799],[-76.2477,39.4386],[-76.2764,39.3228],[-76.3308,39.4039],[-76.359,39.3247],[-76.4057,39.3039],[-76.4209,39.225],[-76.5704,39.2693],[-76.4894,39.1587],[-76.4276,39.126],[-76.4201,39.0739],[-76.4731,39.0306],[-76.5462,39.068],[-76.4937,38.9452],[-76.5369,38.7426],[-76.5013,38.5322],[-76.3941,38.369],[-76.4388,38.3615],[-76.5724,38.4358],[-76.6773,38.612],[-76.6686,38.5375],[-76.642,38.4543],[-76.4088,38.2683],[-76.3329,38.1408],[-76.3412,38.087],[-76.4544,38.1735],[-76.7691,38.2629],[-76.8681,38.3903],[-76.8897,38.2921],[-77.0012,38.4453],[-77.1559,38.3971],[-77.2325,38.4077],[-77.2209,38.541],[-77.0182,38.7777],[-77.0304,38.8893],[-77.0456,38.7758],[-77.2604,38.6],[-77.3137,38.3966],[-77.2732,38.3518],[-77.0468,38.3567],[-76.9063,38.1971],[-76.5495,38.0945],[-76.4718,38.0112],[-76.2643,37.8936],[-76.3056,37.7216],[-76.3441,37.6757],[-76.4925,37.6822],[-76.8286,37.9615],[-76.94,38.0955],[-77.1111,38.1657],[-76.9251,38.033],[-76.5495,37.6691],[-76.3056,37.5715],[-76.3676,37.5303],[-76.2686,37.4952],[-76.2635,37.357],[-76.401,37.3861],[-76.3932,37.3],[-76.4539,37.2735],[-76.5384,37.3094],[-76.7577,37.5054],[-76.7381,37.4488],[-76.6109,37.3226],[-76.327,37.1493],[-76.2833,37.0527],[-76.4009,36.9913],[-76.6023,37.1429],[-76.6309,37.2217],[-76.7035,37.2177],[-77.007,37.3177],[-77.2509,37.3292],[-76.6719,37.1729],[-76.6339,37.0474],[-76.5046,36.961],[-76.4878,36.897],[-76.3996,36.8898],[-76.2442,36.9526],[-75.9994,36.9126],[-75.7579,36.2292],[-75.5342,35.8191],[-75.7282,36.1037],[-75.9465,36.6591],[-75.9928,36.4738],[-75.8666,36.2679],[-75.8201,36.1128],[-75.883,36.1757],[-76.1479,36.2793],[-76.15,36.1458],[-76.2706,36.1899],[-76.2274,36.116],[-76.3837,36.1335],[-76.4788,36.0282],[-76.5594,36.0153],[-76.6789,36.0753],[-76.7336,36.2291],[-76.7262,35.9576],[-76.3583,35.9529],[-76.2065,35.9912],[-76.0698,35.9703],[-76.0836,35.6905],[-76.0012,35.7222],[-75.9789,35.8959],[-75.8539,35.9602],[-75.812,35.9558],[-75.7588,35.8433],[-75.7447,35.7655],[-75.7739,35.647],[-76.1035,35.3803],[-76.1738,35.3541],[-76.4895,35.397],[-76.5325,35.5084],[-76.5772,35.5323],[-76.611,35.5297],[-76.6341,35.4532],[-76.7414,35.4315],[-77.04,35.5274],[-76.9745,35.4584],[-76.5955,35.3297],[-76.5129,35.2704],[-76.6075,35.153],[-76.628,35.0733],[-76.7791,34.9903],[-76.861,35.005],[-77.0703,35.1546],[-76.975,35.0252],[-76.8986,34.9703],[-76.745,34.941],[-76.4567,34.9894],[-76.3622,34.9365],[-76.4398,34.8429],[-76.5169,34.7772],[-76.7071,34.7521],[-76.7332,34.707],[-77.1339,34.7079],[-77.2962,34.6029],[-77.3584,34.6203],[-77.4123,34.7308],[-77.4129,34.5921],[-77.3798,34.5266],[-77.7507,34.285],[-77.8608,34.1492],[-77.9278,33.9397],[-77.9533,34.169],[-77.9706,33.9934],[-78.0133,33.9118],[-78.4059,33.9176],[-78.5777,33.8732],[-78.8415,33.7241],[-79.1382,33.4059],[-79.1938,33.2441],[-79.2384,33.3122],[-79.2265,33.4049],[-79.2813,33.3154],[-79.2292,33.1852],[-79.276,33.1354],[-79.4199,33.0425],[-79.5871,33.0009],[-79.6149,32.9093],[-79.805,32.7874],[-79.9331,32.8101],[-79.8937,32.7287],[-79.9407,32.6671],[-80.0218,32.6199],[-80.2297,32.5765],[-80.3628,32.5007],[-80.5722,32.5337],[-80.6342,32.5117],[-80.4743,32.4228],[-80.4857,32.3518],[-80.5793,32.2873],[-80.6082,32.2928],[-80.6472,32.3959],[-80.7093,32.3371],[-80.8025,32.448],[-80.7979,32.3634],[-80.6942,32.2157],[-80.758,32.1422],[-80.8492,32.1139],[-80.9234,31.9449],[-81.1133,31.8786],[-81.0661,31.788],[-81.1979,31.7042],[-81.1699,31.6103],[-81.2594,31.5389],[-81.1754,31.5313],[-81.295,31.3712],[-81.381,31.3533],[-81.2885,31.2639],[-81.3649,31.1719],[-81.4417,31.1997],[-81.4604,31.1271],[-81.5162,30.8018],[-81.2495,29.7938],[-80.9,29.0499],[-80.5241,28.4861],[-80.5678,28.4265],[-80.585,28.2716],[-80.4569,27.9007],[-80.4996,27.9345],[-80.61,28.1776],[-80.6069,28.5229],[-80.6329,28.518],[-80.6935,28.345],[-80.7317,28.4629],[-80.6885,28.5785],[-80.7659,28.6328],[-80.771,28.7325],[-80.8382,28.7577],[-80.7486,28.381],[-80.2261,27.207],[-80.1258,27.083],[-80.05,26.8077],[-80.0413,26.5686],[-80.1264,25.8335],[-80.1429,25.874],[-80.3008,25.6186],[-80.3669,25.3313],[-80.4847,25.2298],[-80.5576,25.2324],[-80.7365,25.1563],[-80.8622,25.1762],[-81.1105,25.138],[-81.1674,25.2285],[-81.136,25.3097],[-81.0977,25.3191],[-80.9654,25.2243],[-80.9404,25.2642],[-80.9804,25.3117],[-81.1133,25.3672],[-81.3451,25.7318],[-81.3649,25.8311],[-81.5683,25.8916],[-81.7155,25.9832],[-81.8115,26.1461],[-81.8666,26.435],[-81.9589,26.4899],[-81.8287,26.6871],[-81.9206,26.6314],[-81.9702,26.5521],[-82.0396,26.5521],[-82.0779,26.7043],[-82.0669,26.8916],[-82.0133,26.9616],[-82.1811,26.9368],[-82.1807,26.8401],[-82.29,26.8708],[-82.4414,27.0597],[-82.6205,27.4011],[-82.7146,27.4996],[-82.6358,27.5246],[-82.4305,27.7711],[-82.4058,27.8629],[-82.4457,27.9028],[-82.5206,27.8779],[-82.5796,27.9584],[-82.6359,27.9812],[-82.6752,27.9638],[-82.5966,27.8732],[-82.611,27.7772],[-82.6609,27.7184],[-82.7153,27.7331],[-82.7429,27.7094],[-82.8435,27.846],[-82.6606,28.4858],[-82.6515,28.8875],[-82.7693,29.0516],[-83.2905,29.4519],[-83.6944,29.926],[-84.0442,30.1038],[-84.3097,30.0647],[-84.3556,30.029],[-84.3828,29.9074],[-84.55,29.8979],[-84.8005,29.773],[-84.8889,29.7776],[-85.0293,29.7211],[-85.3189,29.6802],[-85.3764,29.6952],[-85.4138,29.7676],[-85.4138,29.8425],[-85.3364,29.7401],[-85.3149,29.7581],[-85.3068,29.7979],[-85.3536,29.8757],[-85.6758,30.1219],[-85.6235,30.1171],[-85.6103,30.1484],[-85.6634,30.1895],[-85.6035,30.2868],[-85.7408,30.2444],[-85.7558,30.167],[-86.1751,30.3325],[-86.4544,30.3991],[-86.2401,30.4291],[-86.1238,30.4058],[-86.1657,30.4643],[-86.2574,30.493],[-86.4479,30.4956],[-86.6796,30.4029],[-87.2012,30.3393],[-87.1238,30.3967],[-86.9858,30.4309],[-86.9651,30.5019],[-86.9976,30.5703],[-87.072,30.5004],[-87.1706,30.5388],[-87.1847,30.4537],[-87.2811,30.3393],[-87.4758,30.2943],[-87.5007,30.3093],[-87.4483,30.3941],[-87.6223,30.2647],[-88.006,30.2309],[-87.7903,30.2918],[-87.8571,30.4074],[-87.9243,30.4497],[-87.923,30.5615],[-88.0113,30.6942],[-88.1354,30.3666],[-88.6921,30.3554],[-88.9052,30.4151],[-89.2236,30.3324],[-89.3206,30.3453],[-89.4435,30.2231],[-89.5885,30.166],[-89.9542,30.2688],[-90.0452,30.3514],[-90.126,30.3691],[-90.2253,30.3793],[-90.332,30.2776],[-90.413,30.1403],[-90.1753,30.0291],[-89.9942,30.0593],[-89.894,30.1259],[-89.8123,30.1237],[-89.7375,30.172],[-89.6675,30.1445],[-89.665,30.117],[-89.8152,30.0073],[-89.7438,29.9298],[-89.6317,29.9038],[-89.5895,29.915],[-89.5634,30.0021],[-89.4944,30.0582],[-89.4007,30.046],[-89.4141,30.0109],[-89.3579,29.921],[-89.3544,29.8202],[-89.5307,29.7722],[-89.5909,29.7253],[-89.5593,29.698],[-89.683,29.6749],[-89.7209,29.6193],[-89.6748,29.5387],[-89.5137,29.4201],[-89.1808,29.3357],[-89.1168,29.2482],[-89.0157,29.2029],[-89.0214,29.1427],[-89.1095,29.0987],[-89.1555,29.0166],[-89.2361,29.0811],[-89.3761,28.9813],[-89.3535,29.0702],[-89.4432,29.1941],[-89.6203,29.3024],[-89.7924,29.3332],[-89.8183,29.4161],[-89.8772,29.458],[-90.1591,29.5372],[-90.1413,29.4797],[-90.0523,29.4314],[-90.0528,29.3368],[-90.1014,29.1818],[-90.2128,29.1049],[-90.3016,29.2558],[-90.3792,29.2951],[-90.5862,29.2715],[-90.6775,29.1506],[-90.751,29.1309],[-91.2901,29.289],[-91.2827,29.3208],[-91.2375,29.331],[-91.1508,29.3179],[-91.244,29.4573],[-91.2488,29.5642],[-91.331,29.5136],[-91.5142,29.5554],[-91.6725,29.7461],[-91.8244,29.7507],[-91.8932,29.836],[-92.0173,29.8003],[-92.1355,29.6995],[-92.0589,29.6172],[-92.084,29.5928],[-92.2608,29.5568],[-92.6713,29.5971],[-93.1757,29.779],[-93.6948,29.7699],[-93.8265,29.7251],[-93.8839,29.81],[-93.8088,29.8508],[-93.769,29.9523],[-93.8415,29.9797],[-93.9463,29.815],[-93.8905,29.6894],[-94.0997,29.6704],[-94.7596,29.3843],[-94.7501,29.418],[-94.5263,29.5479],[-94.7783,29.5479],[-94.7244,29.6553],[-94.7419,29.75],[-94.8323,29.7526],[-94.8899,29.677],[-95.0229,29.7023],[-94.9928,29.531],[-94.8883,29.3706],[-95.1391,29.1678],[-95.1521,29.0792],[-95.2735,28.9639],[-95.8534,28.6403],[-96.2345,28.489],[-96.011,28.6319],[-96.3734,28.657],[-96.4487,28.5945],[-96.5757,28.7157],[-96.64,28.7088],[-96.5247,28.4887],[-96.4211,28.4573],[-96.5617,28.3671],[-96.6764,28.3413],[-96.7735,28.4216],[-96.8069,28.2202],[-96.8395,28.1944],[-96.8916,28.1576],[-96.9333,28.2243],[-97.0155,28.1635],[-97.1565,28.1443],[-97.1413,28.0607],[-97.0343,28.0938],[-97.0731,27.9861],[-97.1714,27.8796],[-97.2516,27.8544],[-97.3741,27.87],[-97.4315,27.8372],[-97.2887,27.6706],[-97.4391,27.3283],[-97.5239,27.314],[-97.7685,27.4575],[-97.6924,27.2872],[-97.4851,27.2374],[-97.4757,27.1179],[-97.5547,26.9673],[-97.4351,26.4858],[-97.2139,26.0679],[-97.1504,26.0653],[-97.1402,26.0297],[-97.1462,25.9615],[-97.2818,25.9416],[-97.3756,25.8718],[-97.5873,25.9842],[-97.8014,26.042],[-98.275,26.1112],[-98.3781,26.1824],[-98.6914,26.2765],[-98.7652,26.3404],[-99.1078,26.4469],[-99.2299,26.7619],[-99.4565,27.0566],[-99.4402,27.1701],[-99.5101,27.3403],[-99.4858,27.398],[-99.5053,27.5483],[-99.7542,27.7299],[-100.112,28.1729],[-100.296,28.3277],[-100.3317,28.5025],[-100.5497,28.8213],[-100.6586,29.0686],[-100.7546,29.1825],[-101.0163,29.4007],[-101.0386,29.4603],[-101.3035,29.6341],[-101.3804,29.7426],[-101.5446,29.7835],[-101.5464,29.8081],[-101.9909,29.7957],[-102.2689,29.8712],[-102.3431,29.865],[-102.3856,29.8066],[-102.4763,29.7691],[-102.6149,29.7523],[-102.7342,29.6439],[-102.834,29.4439],[-102.892,29.2164],[-103.0229,29.1322],[-103.09,29.0419],[-103.1683,28.9982],[-103.2577,29.0011],[-103.8529,29.2911],[-103.9897,29.3231],[-104.4006,29.5737],[-104.6222,29.8543],[-104.6813,29.9905],[-104.6813,30.1344],[-104.9179,30.5834],[-105.514,30.9808],[-106.0241,31.3978],[-106.148,31.4509],[-106.436,31.7645],[-108.2118,31.7793],[-108.2145,31.3294],[-111.042,31.3242],[-114.8359,32.5083],[-114.7248,32.7153],[-117.1283,32.5334],[-117.1374,32.6492],[-117.1837,32.6879],[-117.2435,32.664],[-117.263,32.9389],[-117.3188,33.1],[-117.4674,33.2955],[-118.0805,33.7222],[-118.2644,33.7586],[-118.2942,33.7123],[-118.4104,33.7439],[-118.393,33.8583],[-118.5062,34.0174],[-118.832,34.0245],[-119.1437,34.112],[-119.2358,34.1641],[-119.2677,34.2574],[-119.6061,34.418],[-119.7132,34.3997],[-120.053,34.4693],[-120.4812,34.4716],[-120.6447,34.58],[-120.6249,34.812],[-120.663,34.9493],[-120.6336,35.0765],[-120.6591,35.1224],[-120.8574,35.2097],[-120.8849,35.275],[-120.8603,35.3654],[-120.8996,35.4251],[-121.0229,35.4808],[-121.1379,35.6071],[-121.2838,35.6763],[-121.3438,35.7922],[-121.6644,36.1541],[-121.8774,36.3311],[-121.9187,36.5724],[-121.79,36.7323],[-121.8074,36.8512],[-121.8807,36.9389],[-122.1642,36.991],[-122.3949,37.2075],[-122.4084,37.3731],[-122.4992,37.5426],[-122.5142,37.772],[-122.4456,37.798],[-122.3841,37.7885],[-122.3697,37.6559],[-122.2976,37.5918],[-122.166,37.5017],[-122.0705,37.4783],[-122.3854,37.9606],[-122.3143,38.0073],[-122.0867,38.0496],[-121.5253,38.0559],[-121.6257,38.0839],[-121.8808,38.075],[-122.0315,38.1235],[-122.1538,38.0655],[-122.3934,38.1448],[-122.4839,38.1088],[-122.4949,37.9536],[-122.4669,37.8382],[-122.5213,37.8264],[-122.932,38.0555],[-122.9988,37.9886],[-122.9682,38.097],[-122.9776,38.2273],[-122.8768,38.1233],[-122.9082,38.1966],[-123.0462,38.3051],[-123.1211,38.4493],[-123.2897,38.5358],[-123.7011,38.9073],[-123.7195,39.111],[-123.8203,39.3684],[-123.7778,39.5149],[-123.8329,39.7755],[-124.1085,40.0945],[-124.324,40.252],[-124.3717,40.4912],[-124.2837,40.7105],[-124.2539,40.7403],[-124.22,40.6965],[-124.1902,40.7717],[-124.2225,40.775],[-124.1331,40.9698],[-124.14,41.1559],[-124.0719,41.4595],[-124.1632,41.719],[-124.2446,41.7879],[-124.2117,41.9846],[-124.3553,42.1229],[-124.4205,42.381],[-124.4062,42.5837],[-124.5396,42.8129],[-124.3466,43.3417],[-124.1969,43.4233],[-124.288,43.4097],[-124.1487,43.6917],[-124.0992,44.3338],[-124.0475,44.4255],[-124.0592,44.7777],[-123.9293,45.577],[-123.9612,45.843],[-123.9471,46.1406],[-123.9893,46.2194],[-123.9117,46.1822],[-123.6736,46.1826],[-123.5216,46.2227],[-123.4023,46.155],[-123.2206,46.1536],[-123.4648,46.2711],[-123.6503,46.2677],[-123.6884,46.2999],[-123.8957,46.2678],[-123.9598,46.3007],[-124.0728,46.2794],[-124.0443,46.6051],[-123.9461,46.4326],[-123.8892,46.66],[-124.0717,46.7448],[-124.1125,46.8627],[-123.8429,46.9632],[-124.1117,47.0352],[-124.1393,46.9547],[-124.1988,47.2085],[-124.3093,47.4046],[-124.376,47.6586],[-124.4601,47.7842],[-124.6211,47.9042],[-124.6631,47.9741],[-124.71,48.3804],[-123.9758,48.1685],[-123.2944,48.1195],[-123.1619,48.1545],[-122.9739,48.0733],[-122.7786,48.1376],[-122.6566,47.8812],[-122.7784,47.7384],[-122.8018,47.7354],[-122.8054,47.7836],[-123.0506,47.552],[-123.1391,47.3861],[-123.1042,47.3484],[-122.9222,47.4077],[-123.0668,47.3997],[-123.0602,47.4537],[-122.9825,47.5594],[-122.7571,47.7005],[-122.6082,47.8355],[-122.5927,47.9164],[-122.5328,47.9197],[-122.5239,47.7693],[-122.6302,47.6928],[-122.6136,47.6156],[-122.6643,47.6172],[-122.5574,47.4632],[-122.5779,47.2932],[-122.6486,47.2814],[-122.7077,47.3164],[-122.7678,47.2184],[-122.8125,47.329],[-122.9195,47.2896],[-123.0276,47.1389],[-122.812,47.146],[-122.702,47.1109],[-122.6041,47.167],[-122.5422,47.2756],[-122.4201,47.3121],[-122.3538,47.3716],[-122.3684,47.6039],[-122.4105,47.6526],[-122.3836,47.7165],[-122.4018,47.7843],[-122.242,48.0107],[-122.4158,48.1839],[-122.3866,48.0899],[-122.517,48.1597],[-122.5203,48.2291],[-122.4034,48.2692],[-122.4085,48.2939],[-122.5416,48.4109],[-122.6625,48.4464],[-122.6573,48.49],[-122.4968,48.5056],[-122.5127,48.6694],[-122.562,48.778],[-122.653,48.7639],[-122.6859,48.7943],[-122.7888,48.993],[-95.1621,48.9917],[-95.1553,49.3697],[-94.9394,49.3494],[-94.8543,49.3046],[-94.8035,49.0029],[-94.7051,48.8085],[-94.6209,48.7426],[-94.0552,48.659],[-93.8516,48.6073],[-93.8036,48.5489],[-93.7077,48.5254],[-93.4636,48.5613],[-93.3779,48.6166],[-92.9962,48.6118],[-92.5006,48.4354],[-92.4146,48.2766],[-92.3484,48.2766],[-92.2987,48.3289],[-92.1718,48.3384],[-92.0052,48.3019],[-91.8584,48.1976],[-91.5183,48.0583],[-91.3872,48.0585],[-91.0435,48.1937],[-90.9161,48.2091],[-90.8403,48.2005],[-90.7444,48.1046],[-90.0918,48.1181],[-89.9937,48.0153],[-89.901,47.9955],[-89.4557,47.9962],[-89.2732,48.02],[-88.6118,48.264],[-88.3782,48.3031],[-84.876,46.8999],[-84.7794,46.6373],[-84.5618,46.4574],[-84.4017,46.5156],[-84.1495,46.5428],[-84.1252,46.5272],[-84.1505,46.4448],[-84.0884,46.2265],[-83.9778,46.0849],[-83.616,46.1168],[-83.4695,45.9947],[-83.5927,45.8171],[-82.5511,45.3474],[-82.1378,43.5709],[-82.4082,43.0727],[-82.4883,42.7395],[-82.5453,42.6247],[-82.8678,42.3852],[-83.0731,42.3003],[-83.1497,42.1419],[-83.1419,41.9759],[-83.03,41.833],[-82.69,41.6752],[-82.4391,41.6749],[-81.2776,42.2092],[-80.2476,42.366],[-79.0367,42.8023],[-78.9151,42.9091],[-79.0262,43.0173],[-79.0661,43.1061],[-79.0592,43.2781],[-79.1719,43.4666],[-78.8456,43.5834],[-78.7204,43.625],[-78.4583,43.6315],[-76.82,43.6288],[-76.4646,44.0576],[-76.1858,44.2422],[-76.1512,44.304],[-75.8759,44.417],[-75.4013,44.7723],[-75.1794,44.8994],[-74.8566,45.0039],[-74.7089,45.0039]]]]}},{"type":"Feature","properties":{"ISO_A2":"GS","NAME":"S. Geo. and the Is.","CONTINENT":"Seven seas (open ocean)","REGION":"Americas"},"geometry":{"type":"Polygon","coordinates":[[[-37.1033,-54.0656],[-37.0061,-54.1143],[-36.9289,-54.0812],[-36.7038,-54.1081],[-36.6069,-54.1898],[-36.6474,-54.2623],[-36.541,-54.248],[-36.4486,-54.3084],[-36.3265,-54.2512],[-36.2356,-54.3604],[-36.1726,-54.3822],[-36.0731,-54.5541],[-35.8953,-54.5548],[-35.9133,-54.7108],[-35.7986,-54.7635],[-36.0855,-54.8668],[-36.2517,-54.7799],[-36.5065,-54.5112],[-36.735,-54.4666],[-36.886,-54.3395],[-37.0067,-54.3409],[-37.4977,-54.1559],[-37.6309,-54.1675],[-37.6923,-54.1348],[-37.689,-54.0768],[-37.6188,-54.0421],[-38.0174,-54.008],[-37.3822,-53.9841],[-37.2328,-54.0605],[-37.1033,-54.0656]]]}},{"type":"Feature","properties":{"ISO_A2":"IO","NAME":"Br. Indian Ocean Ter.","CONTINENT":"Seven seas (open ocean)","REGION":"Africa"},"geometry":{"type":"Polygon","coordinates":[[[72.492,-7.3774],[72.4291,-7.4354],[72.4076,-7.3345],[72.3497,-7.2634],[72.4274,-7.2998],[72.4473,-7.3957],[72.4737,-7.3097],[72.4357,-7.2303],[72.4936,-7.2617],[72.492,-7.3774]]]}},{"type":"Feature","properties":{"ISO_A2":"SH","NAME":"Saint Helena","CONTINENT":"Seven seas (open ocean)","REGION":"Africa"},"geometry":{"type":"Polygon","coordinates":[[[-5.6921,-15.9978],[-5.7825,-16.004],[-5.775,-15.9567],[-5.7079,-15.9062],[-5.6625,-15.9128],[-5.6597,-15.9709],[-5.6921,-15.9978]]]}},{"type":"Feature","properties":{"ISO_A2":"PN","NAME":"Pitcairn Is.","CONTINENT":"Oceania","REGION":"Oceania"},"geometry":{"type":"Polygon","coordinates":[[[-128.2901,-24.3974],[-128.3422,-24.3707],[-128.3301,-24.3232],[-128.2901,-24.3974]]]}},{"type":"Feature","properties":{"ISO_A2":"AI","NAME":"Anguilla","CONTINENT":"North America","REGION":"Americas"},"geometry":{"type":"Polygon","coordinates":[[[-63.0012,18.2218],[-63.16,18.1714],[-63.026,18.2697],[-62.9796,18.2648],[-63.0012,18.2218]]]}},{"type":"Feature","properties":{"ISO_A2":"FK","NAME":"Falkland Is.","CONTINENT":"South America","REGION":"Americas"},"geometry":{"type":"MultiPolygon","coordinates":[[[[-58.8502,-51.2699],[-58.6975,-51.3285],[-58.4258,-51.3242],[-58.3787,-51.373],[-58.4067,-51.4184],[-58.5192,-51.4239],[-58.5089,-51.4836],[-58.2716,-51.5747],[-58.2345,-51.5786],[-58.2893,-51.4575],[-58.2592,-51.4171],[-57.9765,-51.3844],[-57.8085,-51.518],[-57.9154,-51.5338],[-57.9604,-51.5832],[-57.7918,-51.6361],[-57.8382,-51.7092],[-58.1509,-51.7654],[-58.336,-51.8638],[-58.6835,-51.9362],[-58.6377,-52.023],[-58.6528,-52.0992],[-59.1958,-52.0177],[-59.068,-52.173],[-59.1628,-52.2018],[-59.3415,-52.196],[-59.3957,-52.308],[-59.5322,-52.2364],[-59.6487,-52.1344],[-59.6492,-52.0772],[-59.5367,-51.9706],[-59.5708,-51.9254],[-59.2618,-51.7373],[-59.0595,-51.6854],[-59.0995,-51.5897],[-59.0966,-51.4914],[-58.8867,-51.3579],[-58.9175,-51.2721],[-58.8502,-51.2699]]],[[[-60.2862,-51.4619],[-60.1416,-51.481],[-59.9171,-51.3881],[-59.7884,-51.446],[-59.7113,-51.4393],[-59.4651,-51.4105],[-59.3876,-51.36],[-59.2681,-51.4275],[-59.2939,-51.4785],[-59.9214,-51.9695],[-60.2463,-51.9864],[-60.2883,-52.0737],[-60.3842,-52.154],[-60.5084,-52.1947],[-60.6864,-52.1884],[-60.9614,-52.0573],[-60.7625,-51.9465],[-60.5911,-51.9516],[-60.2385,-51.772],[-60.2381,-51.7338],[-60.2765,-51.7166],[-60.5001,-51.7565],[-60.5825,-51.7127],[-60.2452,-51.6389],[-60.3026,-51.5805],[-60.5058,-51.4854],[-60.5685,-51.3578],[-60.5157,-51.3543],[-60.2862,-51.4619]]]]}},{"type":"Feature","properties":{"ISO_A2":"KY","NAME":"Cayman Is.","CONTINENT":"North America","REGION":"Americas"},"geometry":{"type":"Polygon","coordinates":[[[-81.3695,19.3489],[-81.1305,19.3468],[-81.1071,19.3052],[-81.4048,19.2784],[-81.4191,19.3748],[-81.391,19.3849],[-81.3695,19.3489]]]}},{"type":"Feature","properties":{"ISO_A2":"BM","NAME":"Bermuda","CONTINENT":"North America","REGION":"Americas"},"geometry":{"type":"Polygon","coordinates":[[[-64.7303,32.2935],[-64.8201,32.2596],[-64.8628,32.2739],[-64.6683,32.3819],[-64.7303,32.2935]]]}},{"type":"Feature","properties":{"ISO_A2":"VG","NAME":"British Virgin Is.","CONTINENT":"North America","REGION":"Americas"},"geometry":{"type":"Polygon","coordinates":[[[-64.5937,18.4028],[-64.6951,18.4117],[-64.651,18.4425],[-64.5452,18.4381],[-64.5937,18.4028]]]}},{"type":"Feature","properties":{"ISO_A2":"TC","NAME":"Turks and Caicos Is.","CONTINENT":"North America","REGION":"Americas"},"geometry":{"type":"Polygon","coordinates":[[[-71.6614,21.7652],[-71.8304,21.7906],[-71.8477,21.8435],[-71.6684,21.8334],[-71.6369,21.7875],[-71.6614,21.7652]]]}},{"type":"Feature","properties":{"ISO_A2":"MS","NAME":"Montserrat","CONTINENT":"North America","REGION":"Americas"},"geometry":{"type":"Polygon","coordinates":[[[-62.1484,16.7403],[-62.1542,16.6812],[-62.2216,16.6995],[-62.1914,16.8044],[-62.1484,16.7403]]]}},{"type":"Feature","properties":{"ISO_A2":"JE","NAME":"Jersey","CONTINENT":"Europe","REGION":"Europe"},"geometry":{"type":"Polygon","coordinates":[[[-2.0187,49.2313],[-2.0099,49.1808],[-2.2358,49.1764],[-2.2205,49.2664],[-2.0187,49.2313]]]}},{"type":"Feature","properties":{"ISO_A2":"GG","NAME":"Guernsey","CONTINENT":"Europe","REGION":"Europe"},"geometry":{"type":"Polygon","coordinates":[[[-2.5123,49.4945],[-2.5474,49.4287],[-2.639,49.4509],[-2.5422,49.5066],[-2.5123,49.4945]]]}},{"type":"Feature","properties":{"ISO_A2":"IM","NAME":"Isle of Man","CONTINENT":"Europe","REGION":"Europe"},"geometry":{"type":"Polygon","coordinates":[[[-4.4121,54.1854],[-4.6143,54.0587],[-4.7658,54.0694],[-4.6987,54.2249],[-4.5086,54.3767],[-4.4247,54.4072],[-4.3772,54.3926],[-4.338,54.2691],[-4.4121,54.1854]]]}},{"type":"Feature","properties":{"ISO_A2":"GB","NAME":"United Kingdom","CONTINENT":"Europe","REGION":"Europe"},"geometry":{"type":"Polygon","coordinates":[[[-2.6677,51.623],[-2.7421,51.5811],[-2.9785,51.5389],[-3.2931,51.3904],[-3.5624,51.4138],[-3.8908,51.5917],[-4.2346,51.5691],[-4.091,51.6599],[-4.2762,51.6825],[-4.3863,51.7411],[-4.6008,51.7376],[-4.9023,51.6263],[-5.1248,51.7059],[-5.1684,51.7407],[-5.2006,51.8614],[-5.2623,51.8802],[-5.0881,51.9959],[-4.3832,52.1973],[-4.1494,52.3263],[-3.9803,52.5417],[-4.0484,52.5576],[-4.0789,52.6079],[-4.0393,52.7041],[-4.1175,52.82],[-4.1015,52.9155],[-4.3564,52.8974],[-4.6831,52.8062],[-4.6383,52.8911],[-4.4051,53.0138],[-4.2686,53.1445],[-4.111,53.2189],[-3.7642,53.3076],[-3.6459,53.2979],[-3.3262,53.3472],[-3.0976,53.2603],[-3.1656,53.3947],[-3.0647,53.4269],[-2.9186,53.3054],[-2.7495,53.3102],[-2.9131,53.3502],[-3.0646,53.5128],[-3.0595,53.5862],[-2.9251,53.7328],[-3.0318,53.7736],[-3.0454,53.8438],[-3.0268,53.9059],[-2.8999,53.9607],[-2.8465,54.1353],[-2.8676,54.1772],[-3.166,54.1279],[-3.3215,54.2291],[-3.5694,54.4676],[-3.592,54.5644],[-3.4646,54.7731],[-3.2679,54.9066],[-3.0362,54.9531],[-3.5504,54.9474],[-3.9579,54.781],[-4.133,54.7792],[-4.2534,54.8468],[-4.5175,54.7584],[-4.8181,54.8461],[-4.8895,54.7723],[-4.9112,54.6895],[-5.1355,54.8575],[-5.1727,54.9859],[-5.1167,55.0123],[-5.0559,54.9881],[-4.9652,55.1495],[-4.6768,55.5013],[-4.7242,55.5983],[-4.8918,55.6991],[-4.8717,55.8739],[-4.8261,55.9295],[-4.5841,55.9387],[-4.8441,56.0512],[-4.8003,56.1584],[-4.9271,56.0281],[-5.0928,55.9873],[-5.2146,55.8889],[-5.2456,55.9292],[-5.2229,56.0658],[-4.997,56.2334],[-5.3834,56.0192],[-5.4189,55.9752],[-5.3729,55.8277],[-5.3858,55.7701],[-5.5564,55.3896],[-5.6465,55.3269],[-5.7682,55.3626],[-5.6813,55.624],[-5.5045,55.8024],[-5.6229,55.8131],[-5.6096,56.0553],[-5.5553,56.135],[-5.535,56.2508],[-5.3919,56.5148],[-5.3294,56.5559],[-5.3127,56.6188],[-5.1884,56.7581],[-5.6524,56.532],[-5.8648,56.5619],[-5.9368,56.6057],[-5.9689,56.6899],[-6.1337,56.7067],[-6.0347,56.7639],[-5.8776,56.7796],[-5.7306,56.8531],[-5.8614,56.9027],[-5.7363,56.9606],[-5.5913,57.1023],[-5.5619,57.2327],[-5.6563,57.3341],[-5.7949,57.3788],[-5.802,57.468],[-5.5818,57.5468],[-5.6788,57.5717],[-5.7449,57.6683],[-5.6083,57.8813],[-5.349,57.8781],[-5.2898,57.9046],[-5.1572,57.8813],[-5.4132,58.0697],[-5.3514,58.1437],[-5.3383,58.2387],[-5.0083,58.2626],[-5.0901,58.3845],[-5.0665,58.5202],[-5.0167,58.5666],[-4.8096,58.5729],[-4.7154,58.51],[-4.4919,58.5685],[-4.4333,58.5128],[-3.2591,58.65],[-3.0531,58.6348],[-3.1097,58.5155],[-3.1129,58.4089],[-3.2124,58.3212],[-3.99,57.959],[-4.0356,57.852],[-3.8571,57.8186],[-4.0784,57.6771],[-4.1345,57.5777],[-3.2945,57.7102],[-3.036,57.6723],[-2.0741,57.7024],[-1.9615,57.6767],[-1.8674,57.6124],[-1.7779,57.4938],[-2.0203,57.2589],[-2.0896,57.1025],[-2.2603,56.8633],[-2.501,56.6366],[-2.681,56.5144],[-3.0474,56.4494],[-3.31,56.3635],[-2.8852,56.3975],[-2.6527,56.3183],[-2.6743,56.2534],[-2.7676,56.2021],[-2.9798,56.1941],[-3.1782,56.0801],[-3.3623,56.0276],[-3.7891,56.0952],[-3.6078,56.016],[-3.0487,55.952],[-2.8369,56.0263],[-2.5993,56.0273],[-2.1471,55.903],[-1.6554,55.5704],[-1.4227,55.0264],[-1.2324,54.7037],[-1.1544,54.6545],[-0.6714,54.5039],[-0.3704,54.2792],[-0.0844,54.1181],[-0.2056,54.0217],[-0.1687,53.9417],[0.1153,53.6093],[-0.0737,53.6437],[-0.27,53.7368],[-0.6599,53.724],[-0.2937,53.6923],[0.1283,53.4683],[0.271,53.3355],[0.3558,53.16],[0.298,53.0811],[0.0459,52.9056],[0.2798,52.8087],[0.3819,52.8252],[0.5588,52.9669],[1.0556,52.959],[1.2713,52.9246],[1.6567,52.7537],[1.7434,52.5785],[1.7466,52.469],[1.5914,52.1198],[1.4135,51.9948],[1.3168,51.9569],[1.2324,51.9712],[1.2744,51.8454],[1.1012,51.7854],[0.9551,51.8078],[0.7522,51.7296],[0.898,51.6894],[0.9274,51.6466],[0.8909,51.5714],[0.4245,51.4656],[0.5283,51.4845],[0.6003,51.468],[0.6865,51.3866],[0.8894,51.3595],[1.4149,51.3633],[1.3976,51.182],[1.0444,51.0473],[0.9602,50.9259],[0.7724,50.934],[0.6844,50.8855],[0.2051,50.763],[-0.2039,50.8144],[-0.7853,50.7654],[-1.4165,50.8969],[-1.3345,50.8208],[-1.6008,50.7329],[-2.0311,50.7254],[-1.9621,50.6278],[-2.0358,50.6031],[-2.3501,50.6374],[-2.4334,50.5992],[-2.777,50.7056],[-2.9994,50.7166],[-3.4046,50.6324],[-3.4854,50.5479],[-3.5844,50.3218],[-3.6798,50.2399],[-3.7934,50.2292],[-4.1946,50.3933],[-4.728,50.2905],[-5.0095,50.1607],[-5.1185,50.0383],[-5.2252,50.0214],[-5.3229,50.083],[-5.434,50.1044],[-5.6221,50.0507],[-5.6552,50.0772],[-5.6562,50.1319],[-5.5707,50.197],[-5.3423,50.2461],[-5.0044,50.4953],[-4.8936,50.5337],[-4.5829,50.7764],[-4.5231,50.9774],[-4.2965,51.0271],[-4.1882,51.1885],[-3.8423,51.2309],[-3.136,51.205],[-3.042,51.2486],[-2.8812,51.4057],[-2.4331,51.7407],[-2.6677,51.623]]]}},{"type":"Feature","properties":{"ISO_A2":"AE","NAME":"United Arab Emirates","CONTINENT":"Asia","REGION":"Asia"},"geometry":{"type":"Polygon","coordinates":[[[56.2979,25.6507],[56.3635,25.5694],[56.388,24.9792],[56.0639,24.7388],[55.9703,24.8589],[56.0167,24.9077],[56.0006,24.9532],[55.9158,24.9718],[55.7957,24.8681],[55.8039,24.6362],[55.7682,24.4906],[55.8057,24.3498],[55.7608,24.2427],[55.9286,24.2151],[55.9852,24.0634],[55.5479,23.9914],[55.4685,23.9411],[55.5316,23.819],[55.5085,23.7246],[55.1999,23.0348],[55.1858,22.7041],[55.1194,22.6239],[52.5551,22.9328],[51.5722,24.1283],[51.5684,24.2862],[51.6055,24.3384],[51.6646,24.2504],[51.7676,24.2544],[51.7917,24.0748],[51.9061,23.9854],[52.1186,23.9711],[52.2509,23.9952],[52.6482,24.1546],[53.8934,24.0771],[54.3971,24.2782],[54.5347,24.531],[54.7468,24.8104],[55.0981,25.0416],[55.5229,25.4981],[55.9412,25.794],[56.0746,26.0528],[56.1675,26.0475],[56.1446,25.6905],[56.2495,25.6254],[56.2979,25.6507]],[[56.2818,25.2355],[56.2773,25.3009],[56.2343,25.3038],[56.2105,25.2133],[56.2818,25.2355]]]}},{"type":"Feature","properties":{"ISO_A2":"UA","NAME":"Ukraine","CONTINENT":"Europe","REGION":"Europe"},"geometry":{"type":"Polygon","coordinates":[[[38.2144,47.0915],[37.5434,47.0746],[37.3398,46.9169],[37.0476,46.8762],[36.7948,46.7144],[36.6887,46.7641],[36.5588,46.7627],[36.2795,46.6586],[36.0249,46.6668],[35.8271,46.6243],[35.4002,46.3814],[35.2044,46.1692],[35.0146,46.106],[35.2802,46.2795],[35.292,46.3707],[35.2304,46.4406],[35.0641,46.2672],[34.8496,46.1899],[34.8573,45.9874],[35.0017,45.7334],[34.9464,45.7287],[34.7997,45.7908],[34.7941,45.8923],[34.6869,45.977],[34.4499,45.9657],[34.354,46.0616],[34.2242,46.1011],[34.0267,46.1067],[33.8067,46.2083],[33.66,46.2196],[33.6543,46.1462],[33.5941,46.0962],[33.4299,46.0576],[33.2022,46.1757],[32.4768,46.0837],[32.0357,46.261],[31.8313,46.2817],[31.78,46.3247],[31.9917,46.3644],[32.0085,46.43],[31.7137,46.4718],[31.5549,46.5543],[32.3613,46.475],[32.578,46.6156],[32.3541,46.5648],[32.1272,46.5972],[32.0443,46.6425],[31.9449,46.7844],[31.9641,46.8548],[31.9396,46.982],[31.8382,47.1572],[31.7592,47.2128],[31.9127,46.9261],[31.8729,46.6498],[31.7796,46.6316],[31.5321,46.6647],[31.5634,46.7773],[31.4029,46.6288],[31.1368,46.6245],[30.7963,46.552],[30.6567,46.2665],[30.5115,46.1054],[30.219,45.8667],[29.8212,45.7321],[29.6851,45.7547],[29.6284,45.7225],[29.6012,45.6],[29.6703,45.5407],[29.727,45.3433],[29.7059,45.2599],[29.5677,45.3708],[29.4037,45.4197],[29.2235,45.4029],[28.8943,45.2899],[28.7817,45.3099],[28.7914,45.2519],[28.7607,45.2341],[28.4513,45.2922],[28.3177,45.3471],[28.2125,45.4504],[28.3104,45.4986],[28.499,45.5177],[28.4916,45.6658],[28.7293,45.852],[28.7388,45.9372],[28.9478,46.05],[29.0063,46.1765],[28.9306,46.3623],[28.9274,46.4241],[28.9584,46.4585],[29.1862,46.524],[29.2046,46.3793],[29.2546,46.3926],[29.3049,46.4666],[29.3929,46.4369],[29.4588,46.4538],[29.6149,46.3988],[29.7068,46.4487],[29.8379,46.3505],[30.0757,46.3778],[30.1311,46.4231],[29.9243,46.5389],[29.9425,46.7238],[29.8778,46.8289],[29.572,46.964],[29.5635,47.0475],[29.5109,47.128],[29.5392,47.271],[29.3834,47.328],[29.1349,47.4897],[29.1229,47.5304],[29.2111,47.775],[29.1948,47.8824],[29.1254,47.9646],[28.9733,47.933],[28.9231,47.9511],[28.7738,48.1196],[28.5305,48.1503],[28.4631,48.0905],[28.423,48.1469],[28.3405,48.1444],[28.3472,48.213],[28.291,48.2386],[28.0885,48.257],[28.0385,48.3213],[27.82,48.4163],[27.5492,48.4777],[27.4038,48.4156],[27.3369,48.4327],[27.2285,48.3714],[26.8471,48.3872],[26.6189,48.2599],[26.3057,48.2038],[26.277,48.1132],[26.1627,47.9925],[25.4643,47.9108],[25.1696,47.8231],[25.0738,47.7457],[24.8934,47.7178],[24.5789,47.9311],[24.4841,47.9471],[24.1777,47.9061],[23.682,47.9904],[23.4082,47.99],[23.1395,48.0874],[23.0548,48.0065],[22.8767,47.9473],[22.8572,48.0295],[22.7822,48.0952],[22.5824,48.134],[22.5201,48.2054],[22.3502,48.2561],[22.2537,48.4074],[22.1318,48.4053],[22.1429,48.5685],[22.2952,48.6858],[22.3895,48.8735],[22.5387,49.0727],[22.8098,49.0208],[22.8397,49.0389],[22.8521,49.0627],[22.7057,49.1712],[22.7324,49.2952],[22.6494,49.539],[22.7062,49.6062],[23.0363,49.8991],[23.7117,50.3773],[23.9727,50.4101],[24.0899,50.5305],[24.0947,50.617],[24.0463,50.7228],[23.9784,50.7856],[24.1058,50.845],[24.0958,50.8728],[23.9857,50.9404],[23.8635,51.1262],[23.6645,51.3101],[23.6797,51.3949],[23.6053,51.5179],[23.6086,51.6105],[23.7917,51.6371],[23.9783,51.5913],[24.2801,51.7747],[24.3619,51.8675],[25.2672,51.9377],[25.9253,51.9135],[26.7734,51.7707],[27.142,51.7521],[27.2963,51.5974],[27.6014,51.6016],[27.6897,51.5724],[27.6768,51.4899],[27.7,51.478],[27.7413,51.4826],[27.8586,51.5924],[28.0107,51.5598],[28.1838,51.6079],[28.599,51.5426],[28.6478,51.4565],[28.7313,51.4334],[28.8495,51.5402],[29.1021,51.6275],[29.3465,51.3826],[29.5531,51.4346],[30.1607,51.4779],[30.309,51.3996],[30.3334,51.3255],[30.5445,51.265],[30.6325,51.3554],[30.533,51.5963],[30.5839,51.689],[30.7553,51.8952],[30.9807,52.0462],[31.0793,52.077],[31.218,52.0502],[31.346,52.1054],[31.5737,52.1081],[32.1223,52.0506],[32.2828,52.114],[32.363,52.2721],[32.4354,52.3072],[32.8064,52.2526],[33.1484,52.3404],[33.7353,52.3448],[33.9221,52.2515],[34.0153,52.156],[34.1131,51.9796],[34.3979,51.7804],[34.3793,51.7165],[34.1211,51.6792],[34.1154,51.645],[34.2009,51.5538],[34.2299,51.3632],[34.275,51.3402],[34.2807,51.3117],[34.2139,51.2554],[34.491,51.2371],[34.7123,51.1722],[35.0641,51.2034],[35.1581,51.061],[35.3119,51.0439],[35.3348,51.0211],[35.3147,50.9499],[35.4401,50.7277],[35.3917,50.6109],[35.4116,50.5397],[35.5455,50.44],[35.5911,50.3688],[35.6737,50.346],[35.8902,50.4371],[36.1164,50.4085],[36.3061,50.2805],[36.4998,50.2805],[36.6194,50.2092],[36.7591,50.2918],[37.1313,50.3515],[37.3432,50.4176],[37.4229,50.4115],[37.5823,50.2918],[37.6051,50.2149],[37.7042,50.1091],[38.0469,49.92],[38.1468,49.9394],[38.1775,50.0254],[38.2586,50.0523],[38.4512,49.9641],[38.6478,49.9529],[38.9184,49.8247],[39.1748,49.856],[39.3029,49.742],[39.4628,49.728],[39.7806,49.572],[40.0307,49.5967],[40.0807,49.5769],[40.0578,49.4315],[40.1262,49.3688],[40.1088,49.2516],[39.8897,49.0641],[39.6865,49.0079],[39.7533,48.9145],[39.9892,48.8514],[40.0036,48.8221],[39.9041,48.7938],[39.7929,48.8077],[39.7046,48.7394],[39.6447,48.5912],[39.8356,48.5428],[39.8898,48.3604],[39.8475,48.3028],[39.9579,48.2689],[39.7758,47.9645],[39.7787,47.8875],[39.7359,47.8448],[39.6585,47.8412],[38.9003,47.8551],[38.8223,47.837],[38.6406,47.6659],[38.3688,47.61],[38.2874,47.5592],[38.2565,47.4089],[38.2014,47.3208],[38.2808,47.2767],[38.2014,47.1752],[38.2144,47.0915]]]}},{"type":"Feature","properties":{"ISO_A2":"UG","NAME":"Uganda","CONTINENT":"Africa","REGION":"Africa"},"geometry":{"type":"Polygon","coordinates":[[[33.9032,-1.0021],[30.8236,-0.999],[30.5987,-1.0697],[30.3603,-1.0746],[30.1016,-1.3687],[29.9301,-1.4699],[29.8816,-1.4518],[29.8254,-1.3355],[29.577,-1.3879],[29.5619,-0.9773],[29.6479,-0.5353],[29.6332,-0.4417],[29.7177,0.0983],[29.7778,0.1664],[29.9345,0.499],[29.9429,0.8192],[30.1829,0.9735],[30.2401,1.1028],[30.3211,1.1853],[30.4778,1.2388],[30.9426,1.6828],[31.2527,2.0446],[31.274,2.1463],[31.1764,2.2701],[31.0821,2.2881],[30.9619,2.4033],[30.8301,2.4004],[30.7286,2.4554],[30.7695,2.678],[30.8508,2.8937],[30.754,3.0418],[30.8278,3.2826],[30.9064,3.4089],[30.8953,3.4637],[30.8386,3.4907],[30.9294,3.6341],[31.048,3.725],[31.1523,3.7856],[31.222,3.7859],[31.5472,3.6776],[31.798,3.8026],[31.9418,3.6076],[32.1359,3.5197],[32.1967,3.6078],[32.3357,3.7062],[32.8381,3.7985],[32.9973,3.8802],[33.1541,3.7747],[33.4894,3.7551],[33.9761,4.2202],[34.132,3.8892],[34.1857,3.8698],[34.165,3.813],[34.4377,3.6506],[34.3994,3.4127],[34.4479,3.1635],[34.5226,3.12],[34.5892,2.9248],[34.7425,2.8181],[34.8145,2.6198],[34.8662,2.5897],[34.9058,2.4797],[34.883,2.4179],[34.9641,2.0624],[34.9765,1.7196],[34.9412,1.5993],[34.7836,1.3812],[34.7986,1.2445],[34.602,1.1564],[34.4817,1.0421],[34.4108,0.8673],[34.2726,0.6864],[34.1609,0.6052],[34.0372,0.2945],[33.9432,0.1738],[33.9032,-1.0021]]]}},{"type":"Feature","properties":{"ISO_A2":"TM","NAME":"Turkmenistan","CONTINENT":"Asia","REGION":"Asia"},"geometry":{"type":"Polygon","coordinates":[[[55.9774,41.3222],[57.018,41.2635],[57.1188,41.3503],[57.0182,41.4506],[56.9641,41.8565],[57.2906,42.1238],[57.3817,42.1563],[57.8143,42.1898],[57.9234,42.3352],[57.9457,42.42],[58.0289,42.4876],[58.2829,42.4289],[58.3971,42.2925],[58.457,42.2918],[58.4858,42.3168],[58.4182,42.4067],[58.1516,42.6281],[58.2597,42.6881],[58.4771,42.6628],[58.5323,42.6819],[58.5891,42.7785],[58.877,42.5615],[59.1596,42.5114],[59.2766,42.3562],[59.3543,42.3233],[59.8583,42.2952],[59.9852,42.2117],[60.0061,42.1908],[59.9418,41.9735],[60.1069,41.9074],[60.2008,41.8031],[60.1086,41.7927],[60.0756,41.7597],[60.0756,41.7005],[60.138,41.5941],[60.0688,41.4762],[60.0896,41.3994],[60.455,41.2216],[60.8672,41.2487],[61.2424,41.1892],[61.3289,41.1951],[61.3875,41.2521],[61.497,41.2761],[61.6445,41.2398],[61.9028,41.0937],[62.095,40.6833],[62.1885,40.5412],[62.298,40.4675],[62.375,40.3321],[62.4416,40.0362],[62.4832,39.9756],[63.5061,39.3771],[63.7637,39.1605],[64.1628,38.9536],[64.31,38.9773],[64.6219,38.7564],[65.6129,38.2386],[65.7285,38.2264],[65.8571,38.2688],[65.9712,38.2442],[66.3897,38.0509],[66.5745,38.0108],[66.6293,37.932],[66.5256,37.7857],[66.5223,37.3485],[66.1084,37.4147],[65.765,37.5691],[65.6412,37.4678],[65.555,37.2512],[65.0896,37.2379],[64.8163,37.1321],[64.511,36.3407],[64.358,36.2261],[64.0922,36.1127],[64.0097,36.0121],[63.8625,36.0124],[63.3017,35.8584],[63.13,35.8462],[63.1086,35.8187],[63.1697,35.6781],[63.0842,35.5681],[63.0566,35.4458],[62.6881,35.2553],[62.6105,35.2332],[62.4629,35.2514],[62.3078,35.1708],[62.2131,35.2899],[61.9839,35.4437],[61.621,35.4323],[61.5428,35.4579],[61.3447,35.6295],[61.262,35.6196],[61.2355,35.7056],[61.2521,35.8676],[61.1529,35.9768],[61.2124,36.0991],[61.212,36.1905],[61.1751,36.2897],[61.1699,36.5723],[61.1196,36.6426],[60.3413,36.6376],[60.0628,36.9629],[59.9486,37.0416],[59.5622,37.1789],[59.455,37.2528],[59.3674,37.3337],[59.3018,37.5106],[58.8154,37.6835],[58.6502,37.6516],[58.5505,37.6882],[58.3867,37.6354],[58.2616,37.6658],[58.1088,37.7831],[57.9806,37.8305],[57.3537,37.9733],[57.3081,38.1304],[57.1936,38.2164],[56.4406,38.2494],[56.3241,38.1911],[56.2721,38.0804],[55.5784,38.0998],[55.3809,38.0511],[55.0756,37.9025],[54.9001,37.7779],[54.7452,37.5019],[54.6994,37.4702],[54.1916,37.3325],[53.9142,37.3436],[53.8235,37.9279],[53.8541,38.2856],[53.84,38.5149],[53.8854,38.8641],[53.8687,38.9493],[53.7241,39.1031],[53.7046,39.2096],[53.6176,39.216],[53.475,39.3057],[53.3363,39.3408],[53.2033,39.3168],[53.1566,39.265],[53.1248,39.4321],[53.2356,39.6085],[53.3896,39.5364],[53.6031,39.547],[53.5824,39.6074],[53.4723,39.6688],[53.4505,39.7485],[53.4873,39.9094],[53.4042,39.9604],[52.9875,39.9876],[52.9521,39.8955],[53.0355,39.7744],[52.8047,40.054],[52.7444,40.2198],[52.7337,40.3987],[52.8499,40.6856],[52.9435,41.0381],[53.1452,40.825],[53.3329,40.7827],[53.5203,40.8311],[53.6152,40.8185],[53.7638,40.6657],[53.87,40.6487],[54.193,40.7204],[54.3773,40.6933],[54.3194,40.8346],[54.3744,40.8714],[54.5471,40.8323],[54.6851,40.873],[54.7232,40.9513],[54.7037,41.0711],[54.5922,41.1936],[54.2846,41.3637],[54.0948,41.5194],[53.8465,42.0912],[53.8047,42.1176],[53.6249,42.1364],[53.285,42.0818],[53.1642,42.0938],[52.97,41.9762],[52.8148,41.7118],[52.8835,41.6525],[52.8302,41.3419],[52.8618,41.2101],[52.6094,41.5294],[52.4938,41.7804],[52.8705,42.0606],[53.0559,42.1478],[53.6854,42.2969],[54.121,42.3352],[54.6779,42.0782],[54.8538,41.9652],[55.2496,41.4581],[55.4344,41.2963],[55.5452,41.2627],[55.9774,41.3222]]]}},{"type":"Feature","properties":{"ISO_A2":"TR","NAME":"Turkey","CONTINENT":"Asia","REGION":"Asia"},"geometry":{"type":"Polygon","coordinates":[[[41.5101,41.5175],[41.8235,41.4324],[41.9258,41.4957],[42.2111,41.4867],[42.4664,41.4398],[42.5904,41.5707],[42.7879,41.5637],[42.8217,41.4924],[42.9067,41.4668],[43.1713,41.2879],[43.141,41.2648],[43.2055,41.1992],[43.359,41.1901],[43.4334,41.1555],[43.4553,41.0647],[43.6316,40.929],[43.7227,40.7195],[43.6679,40.5741],[43.5693,40.4824],[43.7099,40.1665],[43.6662,40.1264],[43.942,40.0231],[44.2893,40.0404],[44.3996,39.9958],[44.7338,39.7465],[44.8172,39.6504],[44.5871,39.7686],[44.456,39.6667],[44.3894,39.4221],[44.0232,39.3774],[44.0791,39.2183],[44.178,39.1448],[44.1445,38.9944],[44.1708,38.9344],[44.2717,38.836],[44.257,38.7006],[44.2979,38.5578],[44.2985,38.3863],[44.4499,38.3342],[44.3809,38.2546],[44.2113,37.9081],[44.2229,37.8802],[44.3362,37.8718],[44.5899,37.7104],[44.5453,37.6582],[44.574,37.4354],[44.7941,37.2904],[44.7583,37.2171],[44.7667,37.1563],[44.606,37.176],[44.2818,36.978],[44.2457,36.9833],[44.2017,37.0518],[44.1918,37.2499],[44.1145,37.3019],[44.0132,37.3135],[43.8364,37.2235],[43.6758,37.2272],[43.5158,37.2445],[43.0925,37.3674],[42.9366,37.3248],[42.7746,37.3719],[42.4559,37.1287],[42.359,37.1086],[42.3129,37.2296],[42.2027,37.2973],[42.0599,37.2061],[41.5155,37.0892],[41.2646,37.0693],[40.9589,37.1092],[40.7057,37.0977],[40.0164,36.8261],[39.3566,36.6816],[38.7666,36.6931],[38.4438,36.8623],[38.1917,36.9016],[37.4363,36.6433],[37.0662,36.6526],[36.9418,36.7584],[36.6586,36.8025],[36.5969,36.7014],[36.5375,36.4574],[36.6367,36.234],[36.4771,36.2207],[36.3754,36.1712],[36.3476,36.0035],[36.202,35.9375],[36.1536,35.8339],[36.1273,35.8314],[35.8927,35.9166],[35.9569,35.9981],[35.8109,36.3099],[35.8828,36.4063],[36.1885,36.659],[36.1801,36.8072],[36.0489,36.9106],[35.6611,36.7243],[35.6256,36.6528],[35.5374,36.597],[35.3932,36.5752],[34.7036,36.8168],[34.2996,36.6042],[33.9549,36.2952],[33.6947,36.182],[32.9295,36.0957],[32.7948,36.0359],[32.5338,36.1007],[32.3777,36.1836],[32.022,36.5353],[31.3525,36.8011],[30.644,36.8657],[30.582,36.7972],[30.5585,36.5258],[30.4461,36.2699],[30.3873,36.2433],[30.2316,36.3073],[29.6891,36.1567],[29.2236,36.3245],[29.1433,36.3972],[29.0383,36.6935],[28.9696,36.7153],[28.8959,36.6736],[28.8169,36.6753],[28.4836,36.8038],[28.3037,36.812],[28.1956,36.6863],[28.0194,36.6345],[28.0142,36.6702],[28.084,36.7515],[27.8038,36.7365],[27.6559,36.6746],[27.4539,36.7122],[27.4669,36.7463],[27.6309,36.7867],[28.0054,36.832],[28.2424,37.0291],[27.3489,37.0196],[27.263,36.9766],[27.2497,37.0792],[27.3002,37.1269],[27.5351,37.1639],[27.5201,37.2491],[27.3763,37.3407],[27.2192,37.3892],[27.1479,37.6036],[27.068,37.6579],[27.0778,37.6877],[27.2244,37.7254],[27.2548,37.8823],[27.2324,37.9787],[26.9438,38.0629],[26.8786,38.0548],[26.8074,38.1383],[26.6828,38.1983],[26.5824,38.1493],[26.2907,38.2772],[26.3437,38.3701],[26.4164,38.3679],[26.4297,38.4406],[26.3723,38.5619],[26.3778,38.6242],[26.4413,38.6412],[26.5136,38.6295],[26.5865,38.557],[26.595,38.4186],[26.6742,38.3357],[26.7273,38.4186],[26.8614,38.3729],[27.0986,38.4157],[27.1442,38.452],[26.9704,38.4479],[26.9068,38.4817],[26.7637,38.7096],[26.9092,38.7758],[27.0137,38.8869],[26.8149,38.961],[26.8536,39.1156],[26.6818,39.2922],[26.9109,39.5173],[26.8992,39.5497],[26.8271,39.5629],[26.1131,39.4674],[26.1014,39.5689],[26.1547,39.6566],[26.1498,39.8729],[26.1813,39.9901],[26.3134,40.025],[26.4754,40.1973],[26.7381,40.4002],[27.0121,40.3963],[27.1217,40.4523],[27.2846,40.4556],[27.3326,40.3759],[27.4756,40.3199],[27.728,40.3288],[27.8485,40.3817],[27.7318,40.4815],[27.8749,40.5129],[27.9896,40.4895],[27.9289,40.3804],[27.9626,40.3699],[28.2891,40.403],[28.6303,40.3765],[29.0071,40.3897],[29.0552,40.4242],[28.7879,40.534],[28.958,40.6306],[29.0541,40.6491],[29.8449,40.7381],[29.8492,40.7601],[29.3647,40.8093],[29.1139,40.9378],[29.0455,41.0076],[29.0943,41.1772],[29.1481,41.221],[29.3223,41.2277],[29.9193,41.1508],[30.3449,41.1969],[30.8101,41.0849],[31.2549,41.1076],[31.3467,41.1579],[31.458,41.32],[32.0864,41.5892],[32.3064,41.7296],[33.2848,42.0046],[34.7505,41.9568],[35.0064,42.0633],[35.1549,42.0275],[35.1141,41.957],[35.1221,41.8911],[35.2978,41.7285],[35.558,41.634],[35.9198,41.7137],[36.0518,41.6826],[36.1792,41.4266],[36.4054,41.2746],[36.5097,41.2625],[36.6471,41.3525],[36.7777,41.3635],[36.992,41.2754],[37.0662,41.1844],[37.7656,41.0789],[37.9101,41.0019],[38.3811,40.9245],[39.4264,41.1064],[39.8079,40.9825],[40.1284,40.943],[40.2652,40.9613],[40.6875,41.1074],[40.8195,41.1902],[41.0836,41.2612],[41.4144,41.4236],[41.5101,41.5175]]]}},{"type":"Feature","properties":{"ISO_A2":"TN","NAME":"Tunisia","CONTINENT":"Africa","REGION":"Africa"},"geometry":{"type":"Polygon","coordinates":[[[11.5046,33.1819],[11.4539,32.6426],[11.5338,32.525],[11.505,32.4137],[10.8264,32.0807],[10.6089,31.9295],[10.4758,31.736],[10.2746,31.685],[10.1149,31.4638],[10.257,30.9408],[10.2164,30.7832],[9.895,30.3873],[9.5188,30.2294],[9.044,32.0724],[8.3334,32.5436],[8.2109,32.9267],[8.1125,33.0553],[7.7313,33.2685],[7.5002,33.8325],[7.5139,34.0805],[7.7485,34.2545],[7.8383,34.4103],[8.1234,34.5639],[8.2456,34.7341],[8.2769,34.9795],[8.3942,35.2039],[8.3164,35.4031],[8.3181,35.6549],[8.2471,35.8018],[8.3487,36.368],[8.3027,36.4556],[8.2076,36.5189],[8.3696,36.6325],[8.4442,36.7607],[8.6013,36.8339],[8.5766,36.9372],[8.8235,36.9976],[9.142,37.1946],[9.688,37.3404],[9.8385,37.309],[9.784,37.2114],[9.8303,37.1354],[9.8964,37.1816],[9.8756,37.2542],[10.0874,37.2513],[10.1964,37.2059],[10.1888,37.0339],[10.3341,36.8654],[10.2933,36.7815],[10.4123,36.7318],[10.5182,36.7914],[10.5713,36.8794],[10.7662,36.9303],[10.9514,37.0593],[11.0539,37.0725],[11.1267,36.8741],[10.9672,36.743],[10.7981,36.4931],[10.6424,36.4196],[10.5257,36.3233],[10.4766,36.1751],[10.5058,36.0324],[10.5908,35.8873],[10.689,35.7995],[11.0043,35.6338],[11.0433,35.3351],[11.1201,35.2403],[10.6909,34.6785],[10.5349,34.5447],[10.1184,34.2801],[10.04,34.1403],[10.049,34.0563],[10.159,33.85],[10.3053,33.7283],[10.4543,33.6625],[10.7132,33.689],[10.7228,33.5144],[10.8984,33.5337],[10.958,33.6263],[11.0846,33.5629],[11.1503,33.3692],[11.2574,33.3088],[11.2699,33.2863],[11.2026,33.2492],[11.5046,33.1819]]]}},{"type":"Feature","properties":{"ISO_A2":"TT","NAME":"Trinidad and Tobago","CONTINENT":"North America","REGION":"Americas"},"geometry":{"type":"Polygon","coordinates":[[[-61.0121,10.1343],[-61.1743,10.078],[-61.9061,10.0691],[-61.6615,10.1917],[-61.6327,10.2434],[-61.4993,10.2686],[-61.4783,10.6034],[-61.6512,10.7181],[-61.37,10.7968],[-60.9176,10.8402],[-61.0337,10.6699],[-61.0375,10.4823],[-60.9685,10.3234],[-61.0121,10.1343]]]}},{"type":"Feature","properties":{"ISO_A2":"TO","NAME":"Tonga","CONTINENT":"Oceania","REGION":"Oceania"},"geometry":{"type":"Polygon","coordinates":[[[-175.1619,-21.1693],[-175.0782,-21.129],[-175.1566,-21.2637],[-175.3354,-21.1577],[-175.3624,-21.1068],[-175.3181,-21.0683],[-175.3226,-21.0993],[-175.158,-21.1465],[-175.1998,-21.1557],[-175.1619,-21.1693]]]}},{"type":"Feature","properties":{"ISO_A2":"TG","NAME":"Togo","CONTINENT":"Africa","REGION":"Africa"},"geometry":{"type":"Polygon","coordinates":[[[0.9005,10.9933],[0.7875,10.7103],[0.7634,10.3867],[1.3301,9.997],[1.3471,9.5675],[1.3857,9.3617],[1.5663,9.1373],[1.6002,9.05],[1.6247,6.9973],[1.531,6.9924],[1.582,6.877],[1.5985,6.6102],[1.7432,6.4263],[1.7779,6.2946],[1.6109,6.2508],[1.6227,6.2168],[1.3106,6.1469],[1.1872,6.0894],[1.1851,6.145],[1.0499,6.2026],[0.985,6.3203],[0.9122,6.3286],[0.7369,6.4526],[0.7022,6.5808],[0.5256,6.8509],[0.523,6.9389],[0.5925,7.034],[0.6348,7.3537],[0.5096,7.4351],[0.5,7.5469],[0.6052,7.7282],[0.5992,8.2096],[0.6881,8.3042],[0.6162,8.4796],[0.4153,8.6527],[0.3726,8.7593],[0.4888,8.8515],[0.4661,9.1153],[0.5257,9.3985],[0.4053,9.4915],[0.26,9.426],[0.2334,9.4635],[0.2755,9.5706],[0.3426,9.6042],[0.2646,9.6447],[0.3239,9.6876],[0.3809,10.2918],[0.216,10.3905],[-0.0577,10.6306],[-0.0902,10.7155],[0.0094,11.021],[-0.0686,11.1156],[0.4842,10.992],[0.4927,10.955],[0.9005,10.9933]]]}},{"type":"Feature","properties":{"ISO_A2":"TL","NAME":"Timor-Leste","CONTINENT":"Asia","REGION":"Asia"},"geometry":{"type":"Polygon","coordinates":[[[125.0682,-9.5119],[124.9602,-9.2138],[125.1005,-9.1898],[125.1494,-9.1229],[125.149,-9.0426],[125.1004,-9.004],[124.9732,-9.0643],[124.9368,-9.0534],[124.9223,-8.9425],[125.027,-8.8591],[125.178,-8.6479],[125.3818,-8.5754],[125.8043,-8.4922],[126.6197,-8.4595],[126.9664,-8.3157],[127.2148,-8.3729],[127.2961,-8.4245],[126.9152,-8.7152],[126.6654,-8.782],[126.4869,-8.9127],[126.1643,-8.9967],[125.9461,-9.1239],[125.8403,-9.1302],[125.408,-9.2758],[125.0682,-9.5119]]]}},{"type":"Feature","properties":{"ISO_A2":"TH","NAME":"Thailand","CONTINENT":"Asia","REGION":"Asia"},"geometry":{"type":"Polygon","coordinates":[[[100.1225,20.3167],[100.1149,20.2577],[100.1397,20.2454],[100.2181,20.3396],[100.318,20.3859],[100.5195,20.1779],[100.5431,20.0887],[100.3977,19.7561],[100.4201,19.6445],[100.5136,19.5535],[100.6255,19.4999],[100.7439,19.5147],[100.9665,19.6108],[101.2119,19.5483],[101.1976,19.3279],[101.2799,19.0889],[101.2863,18.9771],[101.1655,18.6183],[101.047,18.442],[101.1375,18.2869],[101.1439,18.1426],[100.9085,17.5839],[100.9559,17.5411],[101.1052,17.4795],[101.1675,17.499],[101.4137,17.7188],[101.6875,17.8894],[101.7748,18.0334],[101.9475,18.0815],[102.1015,18.2106],[102.4588,17.9846],[102.5525,17.9651],[102.5982,17.9268],[102.6168,17.8334],[102.6606,17.818],[102.8074,17.9456],[102.9914,17.9862],[103.0514,18.0285],[103.1485,18.2217],[103.2632,18.2785],[103.2518,18.3735],[103.2883,18.4084],[103.488,18.4182],[103.7923,18.3165],[103.8988,18.2953],[103.9496,18.319],[104.4281,17.699],[104.7396,17.4617],[104.816,17.3003],[104.7436,16.8844],[104.7506,16.6476],[104.8193,16.4661],[104.9499,16.3399],[105.0472,16.1603],[105.4063,15.9875],[105.3756,15.9422],[105.3989,15.8299],[105.6221,15.7],[105.641,15.6565],[105.6156,15.4883],[105.5132,15.3609],[105.4904,15.2566],[105.4904,15.1276],[105.5467,14.9325],[105.4756,14.5301],[105.3422,14.4167],[105.1833,14.3462],[105.0741,14.2274],[105.0034,14.2544],[104.9697,14.3661],[104.779,14.4278],[104.4116,14.3696],[104.2277,14.3955],[103.9818,14.3579],[103.7419,14.3742],[103.6004,14.4211],[103.1994,14.3326],[103.0311,14.2525],[102.9093,14.1367],[102.7289,13.8419],[102.5447,13.66],[102.5469,13.5857],[102.3197,13.54],[102.3308,13.2882],[102.4617,13.015],[102.4996,12.67],[102.7557,12.4263],[102.7063,12.2557],[102.7366,12.0898],[102.9339,11.7067],[102.7916,11.8886],[102.763,12.0125],[102.5941,12.203],[102.5402,12.1092],[102.3432,12.2526],[102.2591,12.3943],[102.2296,12.3316],[102.0344,12.5319],[101.8357,12.6404],[101.7236,12.6894],[101.4449,12.6189],[101.0902,12.6736],[100.9537,12.6212],[100.8978,12.6538],[100.8633,12.7145],[100.9627,13.432],[100.6561,13.5213],[100.6029,13.5682],[100.5364,13.5145],[100.2356,13.4845],[100.0175,13.3532],[99.9905,13.2435],[100.0511,13.1712],[100.0899,13.0457],[99.964,12.69],[100.0057,12.3547],[99.9891,12.1708],[99.8371,11.9366],[99.7987,11.7488],[99.6273,11.4629],[99.5144,11.1006],[99.4869,10.8896],[99.2848,10.5691],[99.2373,10.3881],[99.165,10.3198],[99.1946,10.1754],[99.1607,9.734],[99.2883,9.4146],[99.2539,9.2652],[99.3938,9.2137],[99.7238,9.3142],[99.8355,9.2884],[99.9047,9.1129],[99.9896,8.5892],[100.1293,8.4281],[100.1635,8.5084],[100.2287,8.4247],[100.2794,8.2685],[100.4535,7.4423],[100.5452,7.2269],[100.4394,7.2808],[100.3804,7.5415],[100.2838,7.5515],[100.3243,7.6442],[100.3174,7.716],[100.2566,7.7749],[100.1582,7.7281],[100.1607,7.5993],[100.4235,7.1878],[100.4897,7.1614],[100.5862,7.176],[100.7926,6.9947],[101.0179,6.8609],[101.302,6.9083],[101.4979,6.8653],[101.6143,6.754],[101.7992,6.4746],[102.1011,6.2422],[102.0552,6.0967],[101.9361,5.9793],[101.8736,5.8253],[101.7907,5.7793],[101.6784,5.7788],[101.5561,5.9078],[101.257,5.7894],[101.1906,5.6688],[101.114,5.6368],[100.9816,5.771],[100.9928,5.8462],[101.0756,5.9565],[101.0535,6.2426],[100.8739,6.2454],[100.7545,6.4601],[100.7156,6.4807],[100.6295,6.448],[100.3454,6.5499],[100.2614,6.6827],[100.1768,6.6718],[100.1191,6.442],[99.8687,6.7499],[99.696,6.8767],[99.7203,7.1062],[99.6678,7.1509],[99.6024,7.1553],[99.553,7.2188],[99.597,7.3556],[99.4352,7.3344],[99.3586,7.3722],[99.2637,7.619],[99.1834,7.7181],[99.0776,7.7181],[99.0427,7.7656],[99.0511,7.8878],[98.9739,7.9628],[98.7887,8.0598],[98.7035,8.2567],[98.5792,8.3443],[98.4998,8.3178],[98.421,8.1782],[98.3607,8.187],[98.3055,8.2262],[98.2382,8.4231],[98.2418,8.7679],[98.326,8.9689],[98.3714,9.2905],[98.493,9.5614],[98.7469,10.3508],[98.7754,10.557],[98.7572,10.6609],[99.1901,11.1053],[99.4779,11.6125],[99.5729,11.6872],[99.6147,11.7812],[99.5229,12.0896],[99.4629,12.1902],[99.3942,12.4736],[99.4051,12.5479],[99.2198,12.7397],[99.1735,12.9613],[99.1239,13.0308],[99.1074,13.1035],[99.1762,13.2331],[99.1368,13.7167],[98.9336,14.0499],[98.57,14.3599],[98.246,14.8147],[98.2021,14.9759],[98.191,15.2041],[98.4521,15.3574],[98.5569,15.3677],[98.5924,16.0507],[98.818,16.1808],[98.8655,16.2371],[98.8883,16.3519],[98.8354,16.4176],[98.6893,16.3054],[98.6607,16.3304],[98.4781,16.7322],[98.4389,16.9757],[98.2565,17.1477],[97.7064,17.7971],[97.7399,17.9353],[97.6322,18.2903],[97.5238,18.2959],[97.4508,18.3597],[97.3739,18.518],[97.5151,18.4978],[97.7459,18.5882],[97.7061,18.9318],[97.7142,18.9965],[97.8039,19.1305],[97.8168,19.46],[97.9912,19.6537],[98.015,19.7495],[98.111,19.7622],[98.2391,19.6907],[98.3713,19.6892],[98.7606,19.7711],[98.9167,19.7729],[98.9874,19.8614],[99.0207,20.0418],[99.0742,20.0994],[99.1969,20.1151],[99.3379,20.0789],[99.4859,20.1499],[99.5017,20.1877],[99.4479,20.3521],[99.7201,20.3254],[99.8903,20.4244],[100.1225,20.3167]]]}},{"type":"Feature","properties":{"ISO_A2":"TZ","NAME":"Tanzania","CONTINENT":"Africa","REGION":"Africa"},"geometry":{"type":"Polygon","coordinates":[[[32.9199,-9.4074],[32.4871,-9.2127],[32.4332,-9.1563],[31.9426,-9.054],[31.9187,-8.9422],[31.8181,-8.9022],[31.6736,-8.9088],[31.5563,-8.8055],[31.5349,-8.7133],[31.3506,-8.607],[31.0764,-8.6119],[30.9684,-8.551],[30.8307,-8.3855],[30.3132,-7.2037],[30.2127,-7.0379],[30.1063,-6.915],[29.7097,-6.6169],[29.5408,-6.3139],[29.4801,-6.025],[29.607,-5.7227],[29.3234,-4.8988],[29.4032,-4.4493],[29.7178,-4.4559],[29.9473,-4.3073],[30.1472,-4.0854],[30.2686,-3.8505],[30.3791,-3.7308],[30.425,-3.5889],[30.6319,-3.4187],[30.6261,-3.3474],[30.7902,-3.2746],[30.8114,-3.2006],[30.7803,-2.9849],[30.4556,-2.8932],[30.424,-2.824],[30.4733,-2.6943],[30.4242,-2.6416],[30.5337,-2.4263],[30.8287,-2.3385],[30.8766,-2.1434],[30.8191,-1.9675],[30.8126,-1.5631],[30.7107,-1.3968],[30.6319,-1.3675],[30.5081,-1.2082],[30.4702,-1.1312],[30.51,-1.0673],[30.5987,-1.0697],[30.8092,-0.9949],[33.9794,-1.0021],[37.6438,-3.0454],[37.688,-3.2462],[37.6082,-3.4971],[37.711,-3.5408],[37.7973,-3.6744],[39.2218,-4.6924],[38.9782,-5.5186],[38.8192,-5.8776],[38.8047,-6.0701],[38.874,-6.3312],[38.9814,-6.4551],[39.1255,-6.556],[39.2873,-6.8149],[39.4724,-6.8786],[39.5461,-7.024],[39.5192,-7.1241],[39.3531,-7.3414],[39.2885,-7.5179],[39.287,-7.7877],[39.3305,-7.7467],[39.4284,-7.8128],[39.441,-8.0115],[39.34,-8.2429],[39.304,-8.4438],[39.3773,-8.7208],[39.4884,-8.8618],[39.4513,-8.943],[39.6413,-9.1925],[39.6255,-9.4095],[39.7838,-9.9146],[39.7252,-10.0005],[39.8638,-10.022],[39.9836,-10.1596],[40.0837,-10.1566],[40.3888,-10.3535],[40.4636,-10.4644],[39.9887,-10.8208],[39.8171,-10.9124],[39.4392,-11.0346],[39.3216,-11.1226],[39.171,-11.1669],[38.9875,-11.1673],[38.7947,-11.2289],[38.4918,-11.4133],[38.3151,-11.3111],[38.1766,-11.2787],[37.9202,-11.2947],[37.8854,-11.3167],[37.8293,-11.4819],[37.7248,-11.5807],[37.5417,-11.6751],[37.3729,-11.7104],[37.2184,-11.6865],[36.9789,-11.567],[36.8727,-11.5713],[36.6738,-11.6843],[36.5187,-11.7162],[36.3057,-11.7063],[36.1913,-11.6707],[36.1755,-11.6093],[36.0822,-11.5373],[35.9113,-11.4547],[35.7854,-11.4529],[35.631,-11.582],[35.5644,-11.6023],[34.9595,-11.5781],[34.8906,-11.3936],[34.8506,-11.352],[34.7738,-11.3417],[34.6079,-11.0805],[34.6057,-10.9902],[34.6671,-10.7925],[34.6365,-10.6256],[34.5836,-10.5251],[34.5699,-10.2411],[34.5242,-10.0302],[34.3209,-9.7315],[34.0886,-9.5378],[33.9956,-9.4954],[33.9496,-9.5653],[33.9537,-9.6582],[33.8889,-9.6701],[33.6977,-9.5981],[33.4209,-9.608],[33.3309,-9.5191],[33.1305,-9.4959],[32.974,-9.395],[32.9199,-9.4074]]]}},{"type":"Feature","properties":{"ISO_A2":"TJ","NAME":"Tajikistan","CONTINENT":"Asia","REGION":"Asia"},"geometry":{"type":"Polygon","coordinates":[[[67.759,37.1722],[67.798,37.245],[67.8144,37.487],[68.0876,37.8354],[68.294,38.0329],[68.3503,38.211],[68.1441,38.3831],[68.0872,38.4735],[68.0479,38.6693],[68.1485,38.8906],[68.1325,38.9276],[68.0443,38.9836],[67.6944,38.9946],[67.6483,39.1311],[67.3576,39.2167],[67.4262,39.4656],[67.5425,39.5576],[67.719,39.6214],[68.4633,39.5367],[68.5861,39.635],[68.639,39.8389],[68.7353,39.8362],[68.7778,39.9042],[68.8324,39.8843],[68.8688,39.9075],[68.7895,40.0133],[68.8047,40.0503],[68.9721,40.0899],[68.9269,40.1363],[68.6397,40.1292],[68.6307,40.1671],[68.9518,40.2226],[69.2749,40.1981],[69.2195,40.2881],[69.2944,40.2966],[69.3042,40.3274],[69.2063,40.5666],[69.314,40.6348],[69.3094,40.7239],[69.3572,40.7674],[69.4139,40.7972],[69.7129,40.657],[70.2921,40.8917],[70.402,41.0351],[70.6573,40.8396],[70.6348,40.7966],[70.751,40.7396],[70.712,40.6691],[70.3826,40.4535],[70.3716,40.3841],[70.5336,40.3245],[70.6027,40.2142],[70.958,40.2389],[70.9464,40.1876],[70.6443,40.0834],[70.6241,39.999],[70.5151,39.9499],[70.4514,40.0492],[69.9668,40.2022],[69.5303,40.0973],[69.4688,40.0208],[69.4763,39.9197],[69.4319,39.9098],[69.3072,39.9686],[69.2788,39.9178],[69.2291,39.7611],[69.2803,39.6659],[69.2977,39.5248],[69.5988,39.5738],[69.956,39.5531],[70.1368,39.5576],[70.1711,39.5842],[70.2448,39.5426],[70.5012,39.5874],[70.6078,39.5644],[70.7331,39.4133],[70.7993,39.3947],[71.0049,39.4119],[71.065,39.4934],[71.4703,39.6037],[71.5174,39.5539],[71.5033,39.4788],[71.7322,39.423],[71.7257,39.3066],[71.7786,39.278],[72.0428,39.3521],[72.23,39.2075],[72.3577,39.3369],[72.5634,39.3772],[73.1093,39.3619],[73.235,39.3746],[73.4704,39.4606],[73.6316,39.4489],[73.6073,39.2292],[73.8053,38.9687],[73.6961,38.8543],[73.8017,38.6069],[73.8691,38.5629],[74.0256,38.5398],[74.1313,38.6612],[74.2774,38.6598],[74.5141,38.6],[74.8123,38.4603],[74.8359,38.4043],[74.7721,38.2748],[74.7751,38.1919],[74.9383,37.7725],[74.8942,37.6014],[75.0975,37.4513],[75.1188,37.3857],[74.8913,37.2316],[74.6594,37.3945],[74.5242,37.3824],[74.349,37.4188],[74.2597,37.4154],[74.1671,37.3294],[73.7496,37.2318],[73.6275,37.2616],[73.7173,37.3294],[73.7206,37.4188],[73.4813,37.4717],[73.3829,37.4623],[72.8955,37.2675],[72.757,37.1727],[72.6574,37.0291],[72.3588,36.9829],[72.1535,36.9005],[71.8021,36.6943],[71.6656,36.6969],[71.5975,36.7329],[71.5309,36.8451],[71.4329,37.1275],[71.5822,37.9101],[71.552,37.9332],[71.2785,37.9184],[71.3327,38.1703],[71.2559,38.307],[71.0521,38.4179],[70.8789,38.4564],[70.7359,38.4226],[70.6158,38.3344],[70.4178,38.0754],[70.2146,37.9244],[70.1994,37.886],[70.255,37.7654],[70.2515,37.6642],[70.1887,37.5825],[70.1198,37.5435],[70.0447,37.5472],[69.9406,37.6003],[69.8209,37.6096],[69.4921,37.5531],[69.4201,37.4867],[69.3992,37.3993],[69.4297,37.2909],[69.4145,37.2078],[69.3039,37.1169],[69.2648,37.1084],[68.9118,37.3339],[68.8237,37.2707],[68.6691,37.2584],[68.5465,37.1834],[68.3869,37.1375],[68.2995,37.0884],[68.2609,37.0131],[68.2121,37.0215],[68.0678,36.9498],[67.958,36.972],[67.8345,37.0642],[67.759,37.1722]]]}},{"type":"Feature","properties":{"ISO_A2":"TW","NAME":"Taiwan","CONTINENT":"Asia","REGION":"Asia"},"geometry":{"type":"Polygon","coordinates":[[[121.0088,22.6204],[120.8974,22.3792],[120.8398,21.925],[120.7428,21.956],[120.5813,22.3564],[120.3162,22.5476],[120.0834,23.0937],[120.0725,23.1498],[120.143,23.3991],[120.1321,23.6529],[120.6297,24.4785],[120.8359,24.7227],[121.0406,25.0328],[121.3654,25.1592],[121.4496,25.249],[121.5937,25.2753],[121.6871,25.1816],[121.8528,25.1044],[121.9052,25.0564],[121.929,24.9737],[121.8201,24.8245],[121.828,24.5344],[121.6131,24.0527],[121.3975,23.1725],[121.2959,22.9666],[121.0088,22.6204]]]}},{"type":"Feature","properties":{"ISO_A2":"SY","NAME":"Syria","CONTINENT":"Asia","REGION":"Asia"},"geometry":{"type":"Polygon","coordinates":[[[35.8927,35.9166],[36.1536,35.8339],[36.202,35.9375],[36.3476,36.0035],[36.3754,36.1712],[36.4771,36.2207],[36.6367,36.234],[36.5375,36.4574],[36.5969,36.7014],[36.6586,36.8025],[36.9418,36.7584],[37.0662,36.6526],[37.4363,36.6433],[38.1917,36.9016],[38.4438,36.8623],[38.7666,36.6931],[39.3566,36.6816],[40.0164,36.8261],[40.7057,37.0977],[40.9589,37.1092],[41.2646,37.0693],[41.5155,37.0892],[42.0599,37.2061],[42.2027,37.2973],[42.3129,37.2296],[42.359,37.1086],[42.3501,37.0606],[41.7886,36.5972],[41.4168,36.5146],[41.296,36.3834],[41.2456,36.0734],[41.3526,35.81],[41.3541,35.6404],[41.2483,35.4275],[41.2164,35.2882],[41.1947,34.769],[40.987,34.4291],[40.9351,34.3866],[40.6895,34.332],[38.7735,33.3722],[36.8184,32.3173],[36.3721,32.3869],[36.2197,32.4951],[36.0595,32.5338],[35.8947,32.7138],[35.7873,32.7349],[35.888,32.9444],[35.8172,33.1332],[35.7925,33.3341],[35.8407,33.4157],[36.0345,33.5851],[35.9424,33.6676],[35.9685,33.7324],[36.0922,33.8316],[36.365,33.8394],[36.2778,33.9253],[36.3549,34.0113],[36.4575,34.0568],[36.585,34.2212],[36.5044,34.4324],[36.3299,34.4996],[36.433,34.6135],[36.3839,34.6579],[36.2963,34.6787],[36.2636,34.6329],[35.9763,34.6292],[35.8879,34.9486],[35.9431,35.2238],[35.9024,35.4207],[35.7645,35.5716],[35.8396,35.8492],[35.8927,35.9166]]]}},{"type":"Feature","properties":{"ISO_A2":"CH","NAME":"Switzerland","CONTINENT":"Europe","REGION":"Europe"},"geometry":{"type":"Polygon","coordinates":[[[9.524,47.5242],[9.6259,47.467],[9.4843,47.1727],[9.4877,47.0623],[9.8453,47.0074],[9.8777,46.9377],[10.1335,46.8515],[10.3494,46.9848],[10.4149,46.9644],[10.4546,46.8994],[10.3979,46.665],[10.4383,46.6188],[10.4307,46.55],[10.2723,46.5648],[10.1955,46.6211],[10.087,46.5999],[10.0383,46.4832],[10.1097,46.3628],[10.1283,46.2382],[10.041,46.2381],[9.9393,46.3618],[9.6395,46.2959],[9.5287,46.3062],[9.4811,46.3488],[9.4276,46.4823],[9.3044,46.4956],[9.2602,46.4752],[9.2511,46.2868],[9.003,46.0149],[9.0467,45.8756],[8.9537,45.83],[8.778,45.9962],[8.8268,46.061],[8.6417,46.1108],[8.4584,46.2459],[8.4226,46.446],[8.3707,46.4451],[8.0957,46.271],[8.1252,46.1609],[7.9932,46.0159],[7.7879,45.9218],[7.5386,45.9782],[7.129,45.8804],[7.0558,45.9038],[6.7721,46.1651],[6.8168,46.2752],[6.7581,46.4158],[6.4289,46.4305],[6.2347,46.3326],[6.2729,46.2522],[6.1994,46.1931],[6.0866,46.147],[5.9715,46.1512],[5.97,46.2147],[6.0959,46.2794],[6.1232,46.3786],[6.0603,46.4282],[6.1607,46.611],[6.4102,46.7554],[6.4563,46.9483],[6.6669,47.0265],[6.9521,47.2672],[7.0006,47.3225],[6.9004,47.3942],[7.0534,47.4894],[7.136,47.4898],[7.2031,47.4327],[7.2657,47.4258],[7.42,47.4552],[7.4949,47.5474],[7.6156,47.5927],[7.9271,47.5639],[8.1982,47.6069],[8.454,47.5962],[8.5595,47.624],[8.5671,47.6519],[8.4518,47.6518],[8.4034,47.6878],[8.4357,47.7313],[8.5727,47.7756],[8.7283,47.7],[8.8312,47.7036],[8.874,47.6627],[9.1828,47.6707],[9.524,47.5242]]]}},{"type":"Feature","properties":{"ISO_A2":"SE","NAME":"Sweden","CONTINENT":"Europe","REGION":"Europe"},"geometry":{"type":"Polygon","coordinates":[[[11.3883,59.0365],[11.4707,58.9095],[11.5436,58.893],[11.6428,58.9261],[11.7122,59.0187],[11.7981,59.2899],[11.6808,59.5923],[11.8343,59.6972],[11.9321,59.8637],[12.1692,59.9129],[12.4861,60.1068],[12.5158,60.3052],[12.5887,60.4507],[12.5538,60.5457],[12.3146,60.8921],[12.2941,61.0027],[12.7061,61.0599],[12.8282,61.2218],[12.8808,61.3523],[12.5961,61.5413],[12.1554,61.7208],[12.3035,62.2856],[12.1146,62.5919],[12.1398,62.7213],[12.1086,62.9195],[12.2182,63.0006],[11.9999,63.2917],[12.2121,63.4922],[12.1752,63.5959],[12.6625,63.9405],[12.7928,64],[13.2035,64.0751],[13.9605,64.014],[14.1412,64.1735],[14.148,64.2603],[14.0776,64.464],[13.6503,64.5815],[14.1151,64.9461],[14.4797,65.3015],[14.5495,65.6464],[14.6346,65.7933],[14.5433,66.1293],[15.04,66.1675],[15.4838,66.306],[15.4229,66.4898],[16.4035,67.055],[16.4343,67.1551],[16.3606,67.252],[16.1274,67.4258],[16.1936,67.5052],[16.4571,67.5518],[16.5741,67.6196],[16.7836,67.895],[17.3246,68.1038],[17.9167,67.9649],[18.1767,68.2006],[18.1626,68.5284],[18.3786,68.5624],[19.9698,68.3564],[20.24,68.4775],[19.9688,68.542],[20.24,68.6731],[20.3194,68.7541],[20.348,68.8487],[20.3371,68.8997],[20.1167,69.0209],[20.6222,69.0369],[20.8951,68.9798],[20.9186,68.9069],[21.9975,68.5206],[22.8541,68.3673],[23.0979,68.2576],[23.1825,68.1366],[23.3186,68.1303],[23.4742,68.0173],[23.6389,67.9544],[23.5019,67.8752],[23.5002,67.6962],[23.5413,67.6143],[23.4515,67.4792],[23.4681,67.45],[23.7336,67.4229],[23.7749,67.3286],[23.6261,67.2339],[23.6415,67.1294],[23.6773,67.0681],[23.9418,66.8778],[23.9886,66.8105],[23.8941,66.7069],[23.8655,66.5766],[23.7012,66.4808],[23.6738,66.3807],[23.7003,66.2526],[23.7515,66.1912],[23.9073,66.1482],[24.049,65.9898],[24.1555,65.8053],[23.8905,65.7822],[23.6914,65.8285],[23.2211,65.7861],[23.1023,65.7354],[22.7466,65.8709],[22.5386,65.7943],[22.401,65.8621],[22.2876,65.7506],[22.254,65.5976],[22.0862,65.6109],[22.1476,65.5529],[21.9201,65.5324],[21.9031,65.5083],[21.95,65.4704],[21.8796,65.424],[21.5655,65.4081],[21.5234,65.3586],[21.6127,65.2991],[21.6092,65.2614],[21.4104,65.3174],[21.546,65.207],[21.5739,65.1258],[21.1959,64.8769],[21.1382,64.8087],[21.2793,64.7247],[21.3938,64.5443],[21.5196,64.4631],[21.465,64.3796],[21.0185,64.178],[20.7627,63.8678],[20.2047,63.6625],[19.9137,63.6105],[19.7816,63.5382],[19.7221,63.4633],[19.5023,63.509],[19.4946,63.4244],[19.3543,63.4775],[19.2363,63.3474],[19.0344,63.2377],[18.8167,63.2575],[18.7923,63.2381],[18.8502,63.2241],[18.8194,63.1973],[18.6064,63.1783],[18.5307,63.0635],[18.3442,63.0321],[18.3129,62.9964],[18.5021,62.9889],[18.4631,62.8959],[18.248,62.8491],[18.17,62.7894],[18.0744,62.7907],[18.0936,62.836],[17.9511,62.8339],[17.9066,62.8868],[17.8796,62.8732],[17.9744,62.721],[17.903,62.6595],[18.0373,62.6005],[17.8345,62.5027],[17.7178,62.5009],[17.6464,62.4509],[17.4103,62.5084],[17.3784,62.4628],[17.429,62.3347],[17.6337,62.233],[17.5102,62.1663],[17.3745,61.8663],[17.4654,61.6845],[17.1964,61.7246],[17.2156,61.6563],[17.1308,61.5757],[17.1643,61.4583],[17.138,61.3817],[17.1996,61.312],[17.1639,61.2783],[17.2029,60.9519],[17.2789,60.8122],[17.251,60.7008],[17.3599,60.6408],[17.5931,60.6277],[17.6611,60.5352],[17.9558,60.5898],[18.0113,60.5114],[18.1625,60.4079],[18.4,60.3371],[18.5575,60.2536],[18.5354,60.1529],[18.787,60.0795],[18.9332,59.9423],[18.9904,59.8278],[18.9705,59.7572],[18.7188,59.6574],[18.5781,59.5658],[18.2765,59.4376],[18.1636,59.4304],[17.9643,59.3594],[17.9798,59.3291],[18.1326,59.3162],[18.5089,59.408],[18.6176,59.3271],[18.4143,59.2903],[18.373,59.1797],[18.2854,59.1094],[17.4567,58.8584],[17.3477,58.7805],[16.9781,58.6542],[16.3158,58.6636],[16.2143,58.6367],[16.7885,58.5853],[16.9238,58.4926],[16.652,58.4343],[16.7699,58.2143],[16.7001,58.1608],[16.6949,57.9175],[16.597,57.9129],[16.5554,57.8123],[16.5862,57.7609],[16.6042,57.5683],[16.6522,57.5007],[16.6309,57.4302],[16.476,57.2651],[16.5279,57.0682],[16.3487,56.7093],[16.1507,56.5008],[15.9967,56.2226],[15.8267,56.125],[15.6266,56.1856],[15.3266,56.1508],[14.782,56.1619],[14.714,56.1341],[14.7548,56.0332],[14.6556,56.0199],[14.5586,56.0486],[14.402,55.9768],[14.215,55.8326],[14.2029,55.7292],[14.3417,55.5277],[14.1737,55.3966],[13.8063,55.4286],[13.3214,55.3464],[12.8858,55.4114],[12.9406,55.4816],[12.9739,55.7481],[12.4712,56.2905],[12.7063,56.235],[12.8017,56.2639],[12.6564,56.4406],[12.8574,56.4524],[12.9195,56.5156],[12.8837,56.6177],[12.7176,56.6628],[12.5727,56.8233],[12.4215,56.9064],[12.1519,57.227],[12.0532,57.447],[11.9615,57.4261],[11.8787,57.6794],[11.735,57.7177],[11.7032,57.9732],[11.549,58.0012],[11.4493,58.1184],[11.4315,58.34],[11.33,58.3803],[11.2482,58.3691],[11.2716,58.4756],[11.2079,58.8664],[11.1472,58.9886],[11.1958,59.0783],[11.2953,59.0869],[11.3883,59.0365]]]}},{"type":"Feature","properties":{"ISO_A2":"SZ","NAME":"eSwatini","CONTINENT":"Africa","REGION":"Africa"},"geometry":{"type":"Polygon","coordinates":[[[31.9482,-25.9576],[32.0605,-26.0184],[32.0414,-26.2812],[32.106,-26.52],[32.1129,-26.8395],[31.9947,-26.8175],[31.9461,-27.1736],[31.9584,-27.3059],[31.4695,-27.2955],[31.274,-27.2384],[31.0634,-27.1123],[30.8833,-26.7924],[30.7943,-26.7643],[30.7891,-26.4555],[31.0881,-25.9807],[31.2073,-25.8434],[31.3826,-25.743],[31.8715,-25.9816],[31.9482,-25.9576]]]}},{"type":"Feature","properties":{"ISO_A2":"SR","NAME":"Suriname","CONTINENT":"South America","REGION":"Americas"},"geometry":{"type":"Polygon","coordinates":[[[-54.156,5.359],[-54.3316,5.1874],[-54.4522,5.0135],[-54.4797,4.8365],[-54.4261,4.583],[-54.4496,4.485],[-54.3984,4.2025],[-54.3421,4.14],[-54.3507,4.0541],[-53.9905,3.5896],[-54.0096,3.4485],[-54.2031,3.1382],[-54.1707,2.9936],[-54.1955,2.8179],[-54.402,2.4615],[-54.4855,2.4161],[-54.5359,2.3433],[-54.6619,2.3275],[-54.7222,2.4417],[-54.8761,2.4504],[-54.9787,2.5977],[-55.0703,2.5483],[-55.1877,2.5475],[-55.344,2.4888],[-55.3854,2.4406],[-55.7306,2.4062],[-55.9575,2.5205],[-55.9935,2.4975],[-56.0204,2.3928],[-56.1294,2.2995],[-56.1377,2.259],[-56.0736,2.2368],[-55.9153,2.0396],[-55.9296,1.8875],[-55.9633,1.8571],[-56.0199,1.8422],[-56.4528,1.9323],[-56.5627,2.0051],[-56.7043,2.0365],[-56.9315,2.3954],[-57.1051,2.7683],[-57.1974,2.8533],[-57.3037,3.3771],[-57.5496,3.3528],[-57.6467,3.3945],[-57.6495,3.5174],[-57.8327,3.676],[-57.9077,3.8567],[-58.0322,4.002],[-58.0545,4.1719],[-57.9498,4.35],[-57.846,4.6682],[-57.917,4.8204],[-57.8811,4.8806],[-57.7111,4.9911],[-57.4122,5.0046],[-57.3058,5.0496],[-57.3096,5.1059],[-57.2098,5.1954],[-57.2185,5.2315],[-57.2796,5.2468],[-57.3186,5.3354],[-57.2479,5.4853],[-57.1948,5.5484],[-57.1821,5.5289],[-57.0566,5.9387],[-56.9698,5.9929],[-56.2356,5.8854],[-55.9396,5.7955],[-55.8976,5.6993],[-55.9099,5.8926],[-55.8282,5.9617],[-55.6483,5.9859],[-55.3793,5.9526],[-55.1483,5.9935],[-54.8337,5.9883],[-54.3562,5.9099],[-54.0542,5.8079],[-54.0459,5.6089],[-54.156,5.359]]]}},{"type":"Feature","properties":{"ISO_A2":"SS","NAME":"S. Sudan","CONTINENT":"Africa","REGION":"Africa"},"geometry":{"type":"Polygon","coordinates":[[[33.9761,4.2202],[33.4894,3.7551],[33.1541,3.7747],[32.9973,3.8802],[32.8381,3.7985],[32.3357,3.7062],[32.1967,3.6078],[32.1359,3.5197],[31.9418,3.6076],[31.798,3.8026],[31.5472,3.6776],[31.1523,3.7856],[30.9294,3.6341],[30.8386,3.4907],[30.7572,3.6242],[30.5867,3.6242],[30.5083,3.8357],[30.1949,3.9819],[29.8702,4.3271],[29.6769,4.5869],[29.5521,4.636],[29.4696,4.6118],[29.3849,4.4984],[29.2249,4.3919],[29.1515,4.3882],[28.9394,4.4871],[28.7271,4.505],[28.4275,4.3242],[28.1921,4.3502],[27.9807,4.5321],[27.7881,4.6447],[27.6642,4.846],[27.491,4.9676],[27.2567,5.2896],[27.2291,5.5625],[27.1439,5.7229],[26.7264,5.9982],[26.5937,6.0175],[26.5143,6.0692],[26.3086,6.4553],[26.3618,6.6353],[26.1693,6.7817],[26.0365,6.9552],[25.889,7.0649],[25.3807,7.3334],[25.2789,7.4275],[25.1813,7.5572],[25.2474,7.7246],[25.2004,7.8079],[24.8533,8.1375],[24.7367,8.1916],[24.2914,8.2914],[24.2084,8.3691],[24.18,8.4611],[24.2209,8.6083],[24.1474,8.6656],[24.1604,8.6963],[24.2136,8.7678],[24.3002,8.8143],[24.5319,8.8869],[24.5494,9.0068],[24.648,9.1791],[24.6736,9.3893],[24.7826,9.5273],[24.7853,9.7747],[25.0029,10.0553],[25.0236,10.2358],[25.067,10.2938],[25.798,10.4205],[25.8582,10.4065],[25.9191,10.1693],[26.1695,9.9659],[26.5514,9.5258],[26.6587,9.4841],[27.0742,9.6138],[27.8809,9.6016],[28.0489,9.3286],[28.8445,9.3261],[28.8395,9.4591],[28.9796,9.5942],[29.2424,9.7181],[29.4731,9.7686],[29.6039,9.9214],[29.6055,10.0651],[30.003,10.2774],[30.4746,9.979],[30.7691,9.7268],[30.8142,9.7531],[31.1545,9.7709],[31.2249,9.7993],[31.6549,10.2211],[31.8543,10.4791],[31.933,10.6625],[32.4208,11.0891],[32.3389,11.3145],[32.3385,11.7101],[32.0723,12.0067],[32.7367,12.0097],[32.7186,12.2138],[33.1993,12.2173],[33.1351,11.9416],[33.1225,11.6932],[33.073,11.5915],[33.1722,10.8501],[33.1301,10.7459],[33.3799,10.6462],[33.907,10.1814],[33.9519,10.0709],[33.9633,9.8687],[33.8949,9.7176],[33.8715,9.5062],[33.8788,9.4777],[34.0768,9.4615],[34.1018,8.6764],[34.0728,8.5453],[33.9533,8.4435],[33.2811,8.4373],[33.2343,8.3964],[32.9989,7.8995],[33.0808,7.8237],[33.226,7.7606],[33.6661,7.671],[33.9024,7.5095],[34.0204,7.368],[34.0643,7.2257],[34.2793,7.0028],[34.4844,6.8984],[34.5628,6.7798],[34.7106,6.6603],[34.959,6.0451],[34.9836,5.8583],[35.0819,5.6731],[35.2684,5.4923],[33.9761,4.2202]]]}},{"type":"Feature","properties":{"ISO_A2":"SD","NAME":"Sudan","CONTINENT":"Africa","REGION":"Africa"},"geometry":{"type":"Polygon","coordinates":[[[34.0781,9.4615],[33.8909,9.4622],[33.8715,9.5062],[33.8949,9.7176],[33.9633,9.8687],[33.9568,10.0542],[33.907,10.1814],[33.3799,10.6462],[33.1314,10.7577],[33.1722,10.8501],[33.073,11.5915],[33.1191,11.6824],[33.1351,11.9416],[33.1993,12.2173],[32.7219,12.2231],[32.7367,12.0097],[32.0723,12.0067],[32.3354,11.716],[32.3389,11.3145],[32.4208,11.0891],[31.933,10.6625],[31.8543,10.4791],[31.6549,10.2211],[31.2249,9.7993],[31.1545,9.7709],[30.8271,9.7563],[30.7691,9.7268],[30.4746,9.979],[30.003,10.2774],[29.6055,10.0651],[29.6039,9.9214],[29.4731,9.7686],[29.2424,9.7181],[28.9796,9.594],[28.8395,9.4591],[28.8445,9.3261],[28.0489,9.3286],[27.8858,9.5997],[27.0742,9.6138],[26.6587,9.4841],[26.5514,9.5258],[26.1695,9.9659],[25.9191,10.1693],[25.8582,10.4065],[25.798,10.4205],[25.067,10.2938],[25.0236,10.2358],[25.0029,10.0553],[24.7853,9.7747],[24.7826,9.5273],[24.6736,9.3893],[24.648,9.1791],[24.5494,9.0068],[24.5319,8.8869],[24.2136,8.7678],[24.1474,8.6656],[23.6793,8.7325],[23.5373,8.8158],[23.5519,8.9432],[23.4891,8.9933],[23.4683,9.1147],[23.5961,9.2619],[23.6227,9.3406],[23.6463,9.8229],[23.3123,10.3879],[22.9644,10.7518],[22.8601,10.9197],[22.9377,11.192],[22.9227,11.3449],[22.849,11.4033],[22.7834,11.41],[22.5911,11.5799],[22.5563,11.6695],[22.581,11.9901],[22.5644,12.033],[22.4725,12.0678],[22.3902,12.463],[22.4145,12.5464],[22.3523,12.6604],[22.2334,12.7095],[21.9281,12.6781],[21.8781,12.6994],[21.8253,12.7905],[21.9077,13.001],[21.9902,13.1131],[22.158,13.215],[22.2281,13.3296],[22.2214,13.4716],[22.1076,13.7303],[22.1064,13.7998],[22.1731,13.9106],[22.5386,14.1619],[22.4493,14.2842],[22.3815,14.5505],[22.4678,14.6334],[22.6709,14.7225],[22.6792,14.8515],[22.7633,14.9987],[22.9323,15.1621],[22.9695,15.3113],[22.9339,15.5331],[23.1052,15.7025],[23.604,15.746],[23.9652,15.7134],[23.9803,19.9959],[24.967,19.9955],[24.9803,21.9959],[31.2092,21.9949],[31.2606,22.0023],[31.3585,22.1886],[31.4003,22.2024],[31.4643,22.1915],[31.4861,22.1478],[31.4345,21.9959],[36.8714,21.9967],[36.927,21.5865],[37.0812,21.326],[37.2586,21.1085],[37.2572,21.0394],[37.1506,21.1038],[37.1411,20.9818],[37.2275,20.5567],[37.1879,20.3949],[37.1932,20.1207],[37.2626,19.7919],[37.2484,19.5819],[37.3615,19.092],[37.4713,18.8201],[37.5994,18.7174],[37.7298,18.6943],[37.9219,18.5559],[38.2018,18.2494],[38.2831,18.2867],[38.3329,18.219],[38.574,18.0729],[38.6095,18.0051],[38.4225,17.8239],[38.3737,17.7173],[38.2535,17.5848],[37.7824,17.458],[37.5475,17.3241],[37.411,17.0617],[37.009,17.0589],[36.9787,16.8006],[36.8878,16.6247],[36.9138,16.2962],[36.5218,15.2501],[36.4268,15.1321],[36.5243,14.2568],[36.4439,13.9884],[36.4471,13.842],[36.3906,13.6261],[36.2122,13.2711],[36.1602,13.0933],[36.1252,12.757],[36.1075,12.7265],[35.8206,12.6849],[35.6702,12.6237],[35.2524,11.957],[35.1123,11.8166],[34.9607,11.2768],[34.9314,10.8648],[34.7713,10.7462],[34.5719,10.8802],[34.4314,10.7878],[34.3439,10.6586],[34.2757,10.5281],[34.3112,10.1909],[34.1591,9.8534],[34.0781,9.4615]]]}},{"type":"Feature","properties":{"ISO_A2":"LK","NAME":"Sri Lanka","CONTINENT":"Asia","REGION":"Asia"},"geometry":{"type":"Polygon","coordinates":[[[79.9823,9.8127],[80.2528,9.7963],[80.376,9.6423],[80.7111,9.3664],[80.9354,8.9715],[81.016,8.9326],[81.1982,8.662],[81.227,8.5055],[81.3729,8.4314],[81.4222,8.1479],[81.6654,7.7825],[81.6829,7.6845],[81.832,7.4284],[81.8741,7.2883],[81.8614,6.9013],[81.7678,6.6143],[81.6374,6.4251],[81.3063,6.2039],[80.7241,5.9791],[80.4958,5.9494],[80.2674,6.0098],[80.0953,6.1532],[79.8594,6.8293],[79.713,8.1823],[79.7498,8.2942],[79.7497,8.0489],[79.7835,8.0185],[79.8509,8.4116],[79.9418,8.6915],[79.9289,8.8992],[80.0648,9.0957],[80.0996,9.21],[80.1184,9.3269],[80.0863,9.5778],[80.318,9.4654],[80.4283,9.481],[80.3854,9.5488],[80.2576,9.6113],[80.0458,9.6499],[79.954,9.7423],[79.9823,9.8127]]]}},{"type":"Feature","properties":{"ISO_A2":"ES","NAME":"Spain","CONTINENT":"Europe","REGION":"Europe"},"geometry":{"type":"Polygon","coordinates":[[[-1.794,43.4073],[-1.7927,43.3726],[-1.7128,43.307],[-1.4107,43.2401],[-1.4226,43.1491],[-1.4805,43.0711],[-1.4288,43.0368],[-1.3705,43.0376],[-1.3188,43.097],[-1.2854,43.0596],[-0.9338,42.9495],[-0.7626,42.9398],[-0.5864,42.799],[-0.2993,42.8253],[-0.0412,42.6891],[0.2014,42.7193],[0.2555,42.6929],[0.6316,42.6896],[0.6518,42.8004],[0.6969,42.8451],[1.3494,42.6907],[1.4283,42.5959],[1.4488,42.4375],[1.7061,42.5033],[1.9279,42.4263],[1.9865,42.3585],[2.2004,42.4209],[2.6517,42.3405],[2.7019,42.4085],[2.8914,42.4561],[3.2114,42.4312],[3.3067,42.289],[3.1664,42.2565],[3.1504,42.1625],[3.2381,42.0822],[3.248,41.9442],[3.0049,41.7674],[2.3109,41.4665],[2.0826,41.2874],[1.0329,41.0621],[0.7146,40.8229],[0.7961,40.8038],[0.8911,40.7224],[0.7206,40.6305],[0.5961,40.6145],[0.3637,40.319],[-0.0751,39.8759],[-0.327,39.5199],[-0.329,39.4171],[-0.2049,39.0626],[-0.0341,38.8912],[0.1549,38.8247],[0.2016,38.7592],[-0.0527,38.5857],[-0.3812,38.4356],[-0.5208,38.3173],[-0.5507,38.2031],[-0.6468,38.1519],[-0.6832,37.992],[-0.8146,37.7699],[-0.8231,37.7116],[-0.7216,37.6311],[-0.8222,37.5808],[-1.3275,37.5611],[-1.641,37.387],[-1.7976,37.2329],[-1.9393,36.9459],[-2.1115,36.7767],[-2.1877,36.7455],[-2.3056,36.8198],[-2.4528,36.8312],[-2.5957,36.8065],[-2.6706,36.7476],[-2.7875,36.7147],[-3.1492,36.7585],[-3.4312,36.7079],[-3.8278,36.7561],[-4.3668,36.7181],[-4.4349,36.7002],[-4.6741,36.5064],[-4.9353,36.5021],[-5.1715,36.4238],[-5.3297,36.2357],[-5.3609,36.1349],[-5.4436,36.1506],[-5.4625,36.0738],[-5.6255,36.0259],[-5.8084,36.0883],[-5.9607,36.1817],[-6.0407,36.1884],[-6.2263,36.4265],[-6.2689,36.5967],[-6.3841,36.637],[-6.4123,36.7289],[-6.3283,36.8481],[-6.2168,36.9136],[-6.3209,36.9085],[-6.3962,36.8316],[-6.4924,36.9546],[-6.8846,37.1942],[-6.8638,37.2789],[-6.9747,37.1984],[-7.4062,37.1794],[-7.5035,37.5855],[-7.4439,37.7283],[-7.1854,38.0063],[-7.0229,38.0447],[-6.9576,38.1879],[-7.1064,38.181],[-7.343,38.4574],[-7.2815,38.7146],[-7.046,38.907],[-6.9979,39.0564],[-7.043,39.1071],[-7.1724,39.1352],[-7.3058,39.3381],[-7.3354,39.4651],[-7.4451,39.5362],[-7.5357,39.6616],[-7.1177,39.6817],[-7.0474,39.7056],[-6.9754,39.7984],[-6.8961,40.0218],[-7.0326,40.1679],[-7.0147,40.2084],[-6.8102,40.3431],[-6.8521,40.4433],[-6.8184,40.6541],[-6.8359,40.7775],[-6.9285,41.0091],[-6.7758,41.1077],[-6.6901,41.2145],[-6.4031,41.3754],[-6.2125,41.532],[-6.2431,41.6018],[-6.3081,41.6422],[-6.5422,41.6725],[-6.5575,41.8741],[-6.6183,41.9424],[-7.0305,41.9506],[-7.1471,41.9812],[-7.1954,41.9552],[-7.2096,41.8953],[-7.4036,41.8337],[-7.6931,41.8885],[-7.9208,41.8836],[-8.1525,41.812],[-8.2248,41.8959],[-8.13,42.0182],[-8.2131,42.1337],[-8.2661,42.1374],[-8.5896,42.0527],[-8.8523,41.9269],[-8.8783,41.9469],[-8.8872,42.1053],[-8.6909,42.2742],[-8.8158,42.2853],[-8.81,42.3345],[-8.73,42.4117],[-8.8121,42.4701],[-8.8115,42.6403],[-9.0331,42.5938],[-9.0351,42.6624],[-8.9272,42.7986],[-9.0416,42.814],[-9.2352,42.9769],[-9.1781,43.174],[-8.8737,43.3344],[-8.6656,43.3166],[-8.3555,43.3968],[-8.2489,43.4394],[-8.2889,43.5396],[-8.2567,43.5799],[-8.0047,43.6944],[-7.8527,43.707],[-7.6981,43.7646],[-7.5946,43.7273],[-7.5036,43.7399],[-7.262,43.5946],[-7.061,43.554],[-6.9007,43.5856],[-6.0801,43.5949],[-5.8467,43.6451],[-5.6658,43.5825],[-5.3157,43.5532],[-4.523,43.4157],[-4.3128,43.4147],[-3.8894,43.4994],[-3.774,43.4779],[-3.6046,43.5195],[-3.0456,43.3716],[-2.875,43.4544],[-2.6071,43.4127],[-2.3371,43.328],[-1.9913,43.3451],[-1.794,43.4073]]]}},{"type":"Feature","properties":{"ISO_A2":"KR","NAME":"South Korea","CONTINENT":"Asia","REGION":"Asia"},"geometry":{"type":"Polygon","coordinates":[[[126.6339,37.7818],[126.6646,37.8007],[126.6668,37.9172],[127.0097,38.2405],[127.0903,38.2839],[127.294,38.3133],[128.039,38.3085],[128.1687,38.3593],[128.3746,38.6234],[128.6188,38.1761],[129.0516,37.6776],[129.3352,37.2746],[129.4183,37.059],[129.4734,36.7419],[129.433,36.6366],[129.445,36.4707],[129.3926,36.3227],[129.4035,36.0521],[129.4583,36.0064],[129.5729,36.0505],[129.5617,35.9477],[129.4191,35.4979],[129.2142,35.1818],[128.9801,35.1015],[128.5109,35.101],[128.4188,35.0157],[128.4439,34.8704],[128.0945,34.9336],[128.0362,35.022],[127.8732,34.9663],[127.7148,34.9547],[127.6394,34.8897],[127.7422,34.7826],[127.7154,34.721],[127.6324,34.6902],[127.5236,34.8401],[127.4043,34.8231],[127.3896,34.743],[127.4791,34.6252],[127.3246,34.4633],[127.1734,34.5461],[127.2605,34.6617],[127.2471,34.7551],[127.0308,34.6069],[126.8975,34.4389],[126.8263,34.4511],[126.7548,34.5119],[126.6108,34.4035],[126.5844,34.3175],[126.5314,34.3143],[126.4817,34.4939],[126.3326,34.5896],[126.2645,34.6732],[126.3011,34.72],[126.5245,34.6979],[126.4729,34.7563],[126.5934,34.8244],[126.4207,34.8234],[126.2911,35.1542],[126.3605,35.2169],[126.4928,35.5013],[126.6141,35.571],[126.4865,35.6063],[126.4885,35.6471],[126.7174,35.7688],[126.753,35.872],[126.6475,35.9224],[126.6935,36.0142],[126.5404,36.1662],[126.5482,36.4776],[126.4877,36.6938],[126.3888,36.6512],[126.1809,36.6916],[126.1605,36.7719],[126.2172,36.8709],[126.487,37.0075],[126.5777,37.0196],[126.6867,36.9604],[126.7845,36.9484],[126.8721,36.8245],[126.8791,36.8621],[126.9769,36.9394],[126.8689,36.9757],[126.7464,37.1936],[126.7905,37.2949],[126.6503,37.4471],[126.6568,37.5512],[126.5634,37.7165],[126.6339,37.7818]]]}},{"type":"Feature","properties":{"ISO_A2":"ZA","NAME":"South Africa","CONTINENT":"Africa","REGION":"Africa"},"geometry":{"type":"Polygon","coordinates":[[[29.3648,-22.1939],[29.6631,-22.1463],[29.9023,-22.1842],[30.1904,-22.2911],[30.4602,-22.329],[30.9161,-22.2907],[31.0734,-22.3078],[31.2879,-22.4021],[31.5317,-23.2795],[31.5456,-23.4823],[31.7996,-23.8922],[31.9666,-24.3765],[31.9846,-25.6319],[31.9203,-25.7739],[31.9482,-25.9576],[31.8715,-25.9816],[31.4151,-25.7466],[31.3352,-25.7556],[31.2073,-25.8434],[30.8033,-26.4135],[30.8067,-26.7853],[30.8833,-26.7924],[31.0634,-27.1123],[31.274,-27.2384],[31.4695,-27.2955],[31.7426,-27.31],[31.9584,-27.3059],[31.9461,-27.1736],[31.9947,-26.8175],[32.3535,-26.8616],[32.8861,-26.8493],[32.8491,-27.0802],[32.657,-27.6073],[32.5348,-28.1997],[32.3752,-28.4982],[32.2857,-28.6215],[32.0272,-28.8396],[31.7782,-28.9371],[31.3352,-29.3781],[31.1699,-29.5908],[31.0233,-29.9009],[30.8776,-30.0711],[30.2887,-30.9701],[29.9712,-31.3221],[29.4829,-31.6747],[28.856,-32.2942],[27.8606,-33.0539],[27.0774,-33.5212],[26.6137,-33.7074],[26.4295,-33.7596],[25.9896,-33.7113],[25.8059,-33.7371],[25.6524,-33.8496],[25.6382,-34.0111],[25.5742,-34.0354],[25.1697,-33.9607],[25.0029,-33.9736],[24.8271,-34.1689],[24.5955,-34.1745],[24.183,-34.0615],[23.6979,-33.9928],[23.5855,-33.9852],[23.2682,-34.0812],[22.5538,-34.0101],[22.2455,-34.0691],[21.789,-34.3727],[21.3498,-34.4082],[20.9898,-34.3675],[20.7748,-34.4399],[20.5299,-34.4631],[20.0206,-34.7857],[19.635,-34.7533],[19.3915,-34.6057],[19.2982,-34.615],[19.3308,-34.4924],[19.2446,-34.4123],[19.1491,-34.4169],[19.0983,-34.3501],[18.8313,-34.3641],[18.8088,-34.1082],[18.7521,-34.0826],[18.6052,-34.0773],[18.5004,-34.1093],[18.4621,-34.1681],[18.4616,-34.3469],[18.3521,-34.1885],[18.3334,-34.0742],[18.3544,-33.9391],[18.465,-33.8878],[18.433,-33.7173],[18.2612,-33.4217],[18.1563,-33.3588],[18.0748,-33.2073],[17.9926,-33.1523],[17.9584,-33.0464],[17.8782,-32.9615],[17.8511,-32.8274],[17.8953,-32.7505],[17.9652,-32.7086],[18.0365,-32.7751],[18.125,-32.7491],[18.2509,-32.6521],[18.3253,-32.505],[18.3107,-32.1225],[18.2108,-31.7425],[17.6774,-31.019],[17.3471,-30.4448],[17.1891,-30.0998],[16.95,-29.4034],[16.7395,-29.0094],[16.4476,-28.6176],[16.6262,-28.4879],[16.7558,-28.4521],[16.8753,-28.1279],[16.9333,-28.0696],[17.0563,-28.0311],[17.1494,-28.0822],[17.2046,-28.1988],[17.3587,-28.2694],[17.3857,-28.3532],[17.3479,-28.5012],[17.4479,-28.6981],[17.9761,-28.8113],[18.1027,-28.8717],[18.8388,-28.8691],[19.1617,-28.9388],[19.2458,-28.9017],[19.2822,-28.8479],[19.271,-28.7777],[19.4829,-28.6616],[19.5398,-28.5746],[19.6715,-28.5039],[19.9805,-28.4513],[19.9805,-24.7768],[20.3452,-25.0299],[20.4307,-25.1471],[20.7932,-25.9156],[20.815,-26.1649],[20.6268,-26.4438],[20.6414,-26.7422],[20.6851,-26.8225],[20.7398,-26.8488],[20.8709,-26.8088],[21.071,-26.8518],[21.6947,-26.8409],[21.7883,-26.7101],[22.0909,-26.5802],[22.2176,-26.3889],[22.5977,-26.1327],[22.8788,-25.4579],[22.9513,-25.3703],[23.0575,-25.3123],[23.266,-25.2666],[23.3893,-25.2914],[23.6707,-25.434],[23.8938,-25.6009],[24.193,-25.6329],[24.3306,-25.7429],[24.7481,-25.8174],[24.8692,-25.8135],[24.9989,-25.754],[25.2134,-25.7562],[25.4437,-25.7145],[25.5838,-25.6062],[25.9121,-24.7475],[26.3972,-24.6136],[26.6178,-24.3955],[26.8351,-24.2408],[26.987,-23.7046],[27.0855,-23.5779],[27.3134,-23.4242],[27.4987,-23.3684],[27.6438,-23.2177],[27.7583,-23.1968],[27.7686,-23.1489],[27.9313,-23.0336],[27.9351,-22.987],[28.0279,-22.8737],[28.2102,-22.6937],[28.3817,-22.5934],[28.8398,-22.4809],[28.9458,-22.3951],[29.0135,-22.2784],[29.1299,-22.2133],[29.3648,-22.1939]],[[28.7369,-30.102],[29.098,-29.919],[29.1422,-29.701],[29.2936,-29.5669],[29.3907,-29.2697],[29.3014,-29.0898],[28.9537,-28.8814],[28.6258,-28.5817],[28.2326,-28.7013],[27.9599,-28.8733],[27.7355,-28.94],[27.2945,-29.5193],[27.0569,-29.6256],[27.1305,-29.8402],[27.3554,-30.1586],[27.3497,-30.2474],[27.3885,-30.3159],[27.492,-30.364],[27.7531,-30.6],[28.0568,-30.6311],[28.1287,-30.5251],[28.1391,-30.4499],[28.3921,-30.1476],[28.7369,-30.102]]]}},{"type":"Feature","properties":{"ISO_A2":"SO","NAME":"Somalia","CONTINENT":"Africa","REGION":"Africa"},"geometry":{"type":"Polygon","coordinates":[[[41.5327,-1.6953],[41.5219,-1.5723],[40.9787,-0.8703],[40.9787,2.8424],[41.3418,3.2017],[41.9153,4.0313],[42.0241,4.1379],[42.2284,4.2017],[42.7916,4.292],[42.8947,4.3611],[43.016,4.5633],[43.1257,4.6445],[43.5835,4.855],[43.9889,4.9505],[44.9405,4.912],[46.4229,6.4973],[47.9782,7.9971],[48.9381,9.4518],[48.9386,11.2584],[49.3883,11.3427],[49.6421,11.4509],[50.1101,11.5293],[50.4662,11.7275],[50.6359,11.9438],[50.7923,11.9837],[51.2549,11.8307],[51.2182,11.6577],[51.0843,11.3356],[51.1406,10.6569],[51.0938,10.4885],[51.0318,10.4448],[51.1883,10.4797],[51.193,10.5546],[51.3691,10.4752],[51.3846,10.3865],[51.2088,10.4311],[50.9301,10.3355],[50.8328,9.7105],[50.825,9.4282],[50.6852,9.2412],[50.638,9.1093],[50.4298,8.8453],[50.2857,8.5094],[50.1028,8.1998],[49.8521,7.9625],[49.6712,7.4695],[49.235,6.7773],[49.0927,6.4079],[49.0493,6.1736],[48.649,5.4944],[48.234,4.9527],[47.9753,4.497],[46.8788,3.2856],[46.0512,2.4751],[45.8263,2.3099],[44.9202,1.8102],[44.3327,1.391],[43.4677,0.6216],[41.9799,-0.973],[41.7322,-1.4301],[41.5327,-1.6953]]]}},{"type":"Feature","properties":{"ISO_A2":"SB","NAME":"Solomon Is.","CONTINENT":"Oceania","REGION":"Oceania"},"geometry":{"type":"MultiPolygon","coordinates":[[[[159.7504,-9.2727],[159.9706,-9.4333],[160.3546,-9.4216],[160.6255,-9.5889],[160.6818,-9.6916],[160.7943,-9.7674],[160.8189,-9.8628],[160.6492,-9.9286],[160.3211,-9.8213],[160.0023,-9.8124],[159.8027,-9.7635],[159.6805,-9.6368],[159.6123,-9.4707],[159.6256,-9.3112],[159.6863,-9.2687],[159.7504,-9.2727]]],[[[159.8791,-8.5343],[159.8809,-8.5574],[159.7465,-8.4738],[159.6445,-8.3717],[159.3541,-8.2604],[159.2917,-8.2034],[158.944,-8.0407],[158.597,-7.7591],[158.5654,-7.6514],[158.4574,-7.5447],[158.7344,-7.6043],[159.1094,-7.9035],[159.198,-7.9096],[159.4314,-8.029],[159.8431,-8.327],[159.7939,-8.4061],[159.8791,-8.5343]]],[[[160.7494,-8.314],[160.9977,-8.612],[160.9443,-8.799],[161.1587,-8.9618],[161.2088,-9.1326],[161.2566,-9.192],[161.2585,-9.3169],[161.368,-9.4903],[161.3674,-9.6112],[161.3219,-9.5896],[161.191,-9.3929],[161.0415,-9.308],[160.8734,-9.1568],[160.7721,-8.9639],[160.6626,-8.6206],[160.7141,-8.5393],[160.5904,-8.3728],[160.5963,-8.3282],[160.7494,-8.314]]]]}},{"type":"Feature","properties":{"ISO_A2":"SK","NAME":"Slovakia","CONTINENT":"Europe","REGION":"Europe"},"geometry":{"type":"Polygon","coordinates":[[[22.5387,49.0727],[22.3895,48.8735],[22.2952,48.6858],[22.1429,48.5685],[22.1113,48.3934],[21.7215,48.3466],[21.5632,48.4957],[21.4514,48.5522],[21.0673,48.5059],[20.8666,48.5457],[20.49,48.5269],[20.3338,48.2956],[19.9504,48.1466],[19.8986,48.1313],[19.6254,48.2231],[19.5643,48.2128],[19.467,48.1107],[18.9142,48.0508],[18.7919,48.0003],[18.7501,47.9395],[18.778,47.8529],[18.7242,47.7872],[17.7619,47.7702],[17.6353,47.8099],[17.3173,47.9909],[17.1474,48.006],[17.0859,48.0396],[16.8654,48.3869],[16.8627,48.4414],[16.9434,48.5509],[16.9853,48.6769],[17.1356,48.8411],[17.1885,48.8609],[17.4826,48.8278],[17.7585,48.8881],[17.9133,48.9987],[18.0859,49.0651],[18.1609,49.2574],[18.3648,49.3362],[18.5965,49.4915],[18.9382,49.4983],[18.9684,49.3962],[19.1494,49.4],[19.2502,49.5114],[19.4416,49.5977],[19.6642,49.396],[19.7739,49.3722],[19.788,49.27],[19.7566,49.2044],[19.8022,49.1923],[19.9161,49.2214],[20.0576,49.1813],[20.1637,49.3164],[20.363,49.3853],[20.6161,49.3917],[20.7995,49.3287],[20.9473,49.3171],[21.0794,49.4183],[21.3505,49.4288],[21.6396,49.412],[21.8901,49.3435],[21.9677,49.2991],[22.0201,49.2095],[22.5387,49.0727]]]}},{"type":"Feature","properties":{"ISO_A2":"SI","NAME":"Slovenia","CONTINENT":"Europe","REGION":"Europe"},"geometry":{"type":"Polygon","coordinates":[[[16.5162,46.4999],[16.3212,46.5346],[16.2367,46.4838],[16.2533,46.3891],[16.2274,46.3729],[16.0665,46.3713],[15.9333,46.2776],[15.6359,46.2007],[15.5926,46.14],[15.6662,46.0485],[15.6521,45.8622],[15.2771,45.7326],[15.3537,45.6599],[15.2836,45.5797],[15.3395,45.467],[15.2421,45.4414],[14.9546,45.4999],[14.7931,45.4782],[14.5688,45.6572],[14.3699,45.4814],[14.0855,45.4778],[13.9928,45.5094],[13.8787,45.4284],[13.6152,45.4768],[13.5779,45.5169],[13.7198,45.5876],[13.8747,45.6148],[13.7217,45.7613],[13.5834,45.8124],[13.6006,45.9798],[13.4877,45.9871],[13.4864,46.0396],[13.635,46.1578],[13.4918,46.2166],[13.421,46.2123],[13.3782,46.2616],[13.3995,46.3175],[13.6797,46.4629],[13.7,46.5203],[14.5498,46.3997],[14.7567,46.4991],[14.8933,46.6059],[15.217,46.643],[15.4393,46.6296],[15.7603,46.7107],[15.9576,46.6776],[15.9769,46.8014],[16.0931,46.8633],[16.2836,46.8573],[16.3354,46.7216],[16.3846,46.6808],[16.3813,46.6387],[16.5162,46.4999]]]}},{"type":"Feature","properties":{"ISO_A2":"SG","NAME":"Singapore","CONTINENT":"Asia","REGION":"Asia"},"geometry":{"type":"Polygon","coordinates":[[[103.9697,1.3314],[103.8199,1.2654],[103.6502,1.3255],[103.7053,1.4234],[103.818,1.4471],[103.9964,1.3652],[103.9697,1.3314]]]}},{"type":"Feature","properties":{"ISO_A2":"SL","NAME":"Sierra Leone","CONTINENT":"Africa","REGION":"Africa"},"geometry":{"type":"Polygon","coordinates":[[[-10.2832,8.4852],[-10.3598,8.1879],[-10.5167,8.1253],[-10.5708,8.0711],[-10.6475,7.7594],[-11.2677,7.2326],[-11.5075,6.9065],[-11.7334,7.0886],[-12.4856,7.3863],[-12.4327,7.545],[-12.5104,7.6657],[-12.4803,7.7533],[-12.5702,7.7006],[-12.6976,7.7159],[-12.8509,7.8187],[-12.9569,8.1453],[-13.0208,8.2009],[-13.149,8.2146],[-13.2728,8.4297],[-13.2612,8.4876],[-13.085,8.4248],[-12.8941,8.6298],[-12.904,8.6563],[-12.9534,8.6151],[-13.0882,8.6257],[-13.1818,8.5769],[-13.2284,8.6959],[-13.2069,8.8431],[-13.071,8.8563],[-13.0595,8.8812],[-13.1537,8.8977],[-13.2716,8.9874],[-13.2927,9.0492],[-13.2342,9.0701],[-13.1299,9.0476],[-13.028,9.1036],[-12.9588,9.2633],[-12.8311,9.3022],[-12.7559,9.3736],[-12.5579,9.705],[-12.5015,9.8622],[-12.428,9.8981],[-12.2777,9.9298],[-12.1423,9.8754],[-11.9228,9.9228],[-11.9111,9.993],[-11.2736,9.9965],[-11.2057,9.9777],[-10.6905,9.3143],[-10.747,9.0953],[-10.616,9.0592],[-10.6056,8.8676],[-10.5005,8.6875],[-10.6285,8.53],[-10.7121,8.3353],[-10.5577,8.3157],[-10.3944,8.481],[-10.2832,8.4852]]]}},{"type":"Feature","properties":{"ISO_A2":"SC","NAME":"Seychelles","CONTINENT":"Seven seas (open ocean)","REGION":"Africa"},"geometry":{"type":"Polygon","coordinates":[[[55.5403,-4.6931],[55.543,-4.7855],[55.3834,-4.6093],[55.4558,-4.5588],[55.5403,-4.6931]]]}},{"type":"Feature","properties":{"ISO_A2":"RS","NAME":"Serbia","CONTINENT":"Europe","REGION":"Europe"},"geometry":{"type":"Polygon","coordinates":[[[21.3601,44.8267],[21.5231,44.7901],[21.6361,44.7104],[21.9093,44.6661],[22.027,44.6199],[22.0931,44.5419],[22.201,44.5607],[22.3507,44.6761],[22.4977,44.7063],[22.7209,44.6055],[22.7344,44.5699],[22.554,44.5403],[22.5023,44.4896],[22.4945,44.4354],[22.5307,44.378],[22.6479,44.3165],[22.7051,44.2378],[22.6266,44.1941],[22.5975,44.0753],[22.4208,44.0074],[22.3654,43.8621],[22.3696,43.7813],[22.5546,43.4545],[22.7676,43.3541],[22.8596,43.2523],[22.9769,43.188],[22.9423,43.0971],[22.7062,42.8839],[22.4668,42.8425],[22.4393,42.7916],[22.4656,42.7508],[22.4362,42.6291],[22.5324,42.4812],[22.4221,42.3289],[22.344,42.314],[22.2397,42.3582],[22.0521,42.3046],[21.9041,42.3221],[21.5625,42.2475],[21.5189,42.3284],[21.6099,42.3875],[21.7521,42.6515],[21.7238,42.682],[21.3906,42.7514],[21.403,42.8315],[21.2371,42.9132],[21.2227,42.9562],[21.057,43.0917],[20.8444,43.1734],[20.8006,43.2611],[20.6231,43.1986],[20.6576,43.0999],[20.624,43.0342],[20.4751,42.953],[20.4688,42.8579],[20.3443,42.8279],[20.3399,42.8929],[20.2685,42.9354],[19.944,43.0816],[19.6145,43.1734],[19.4146,43.3428],[19.2188,43.45],[19.1916,43.521],[19.2545,43.5844],[19.3604,43.5935],[19.4513,43.5621],[19.4951,43.6429],[19.4882,43.7036],[19.245,43.965],[19.3053,43.9934],[19.5495,43.9871],[19.5838,44.0435],[19.3389,44.2258],[19.1519,44.3025],[19.1185,44.36],[19.1514,44.5273],[19.2919,44.6968],[19.3486,44.8809],[19.2368,44.9143],[19.0071,44.8692],[18.9955,44.904],[19.0853,44.9268],[19.0629,45.1372],[19.1297,45.1517],[19.1369,45.1962],[19.303,45.1673],[19.3881,45.173],[19.4,45.2125],[19.3303,45.2681],[19.0931,45.3369],[19.0047,45.3995],[19.0076,45.4658],[19.0643,45.515],[18.9179,45.6008],[18.9473,45.6558],[18.8391,45.8357],[18.8936,45.8655],[18.9054,45.9317],[19.0157,45.9597],[19.0662,46.0095],[19.2084,45.9844],[19.2781,46.0029],[19.4213,46.0645],[19.5308,46.1552],[19.9341,46.1615],[20.2102,46.126],[20.3586,45.9755],[20.5812,45.8695],[20.7093,45.7353],[20.775,45.7498],[20.794,45.4679],[21.0238,45.3215],[21.4314,45.1925],[21.4902,45.1479],[21.4207,45.033],[21.3529,45.009],[21.3777,44.9734],[21.5332,44.9188],[21.5199,44.8808],[21.3579,44.8618],[21.3601,44.8267]]]}},{"type":"Feature","properties":{"ISO_A2":"SN","NAME":"Senegal","CONTINENT":"Africa","REGION":"Africa"},"geometry":{"type":"Polygon","coordinates":[[[-12.2806,14.809],[-12.1865,14.6481],[-12.2284,14.4586],[-12.0192,14.2065],[-12.0201,13.9747],[-11.9609,13.8753],[-11.9842,13.7881],[-12.0441,13.7339],[-12.0542,13.6331],[-11.8946,13.4444],[-11.8778,13.3646],[-11.8317,13.3158],[-11.7583,13.3945],[-11.635,13.3699],[-11.5488,13.1703],[-11.3904,12.942],[-11.4506,12.5577],[-11.3824,12.4792],[-11.3894,12.4044],[-11.5737,12.4263],[-11.8081,12.3873],[-12.0424,12.398],[-12.2912,12.328],[-12.7973,12.4519],[-12.9307,12.5323],[-13.0119,12.4776],[-13.0613,12.49],[-13.0598,12.615],[-13.0829,12.6335],[-13.7292,12.6739],[-15.1961,12.6799],[-15.5748,12.4904],[-15.8396,12.4379],[-16.1442,12.4574],[-16.5213,12.3486],[-16.7118,12.3548],[-16.7849,12.4725],[-16.7603,12.5258],[-16.5532,12.6049],[-16.45,12.5807],[-16.4429,12.6095],[-16.5977,12.7153],[-16.7014,12.6032],[-16.7439,12.5854],[-16.768,12.6284],[-16.7633,13.0642],[-16.6488,13.1542],[-15.8343,13.1564],[-15.8144,13.3251],[-15.2862,13.396],[-15.1511,13.5565],[-14.4386,13.2689],[-14.2468,13.2358],[-13.8475,13.3353],[-13.8267,13.4078],[-13.8528,13.4786],[-13.9774,13.5435],[-14.3255,13.4886],[-14.4055,13.5037],[-14.5708,13.6162],[-14.766,13.6691],[-14.9358,13.7852],[-15.1083,13.8121],[-15.4269,13.727],[-15.5097,13.5862],[-16.5623,13.5873],[-16.5878,13.6896],[-16.7454,13.8404],[-16.7669,13.9049],[-16.6181,14.0405],[-16.7917,14.0042],[-16.7978,14.0933],[-16.9738,14.4032],[-17.0794,14.4831],[-17.1681,14.6406],[-17.3458,14.7293],[-17.4185,14.7235],[-17.445,14.6516],[-17.5356,14.7551],[-17.1472,14.922],[-16.8434,15.294],[-16.5708,15.7344],[-16.441,16.2045],[-16.4043,16.2249],[-16.239,16.5313],[-16.1684,16.5471],[-15.959,16.4921],[-15.7682,16.4851],[-15.38,16.582],[-15.1214,16.6036],[-15.0906,16.6574],[-15.0552,16.641],[-14.9595,16.6789],[-14.9286,16.6535],[-14.5337,16.656],[-14.3001,16.5803],[-13.975,16.3111],[-13.9682,16.2572],[-13.8685,16.1481],[-13.8098,16.138],[-13.7566,16.1725],[-13.6847,16.1269],[-13.507,16.1352],[-13.3476,15.9735],[-13.2064,15.6169],[-13.1424,15.6033],[-13.0793,15.5104],[-12.9943,15.5049],[-12.9309,15.453],[-12.8627,15.3404],[-12.8585,15.2425],[-12.6596,15.0821],[-12.5436,15.039],[-12.4087,14.889],[-12.2806,14.809]]]}},{"type":"Feature","properties":{"ISO_A2":"SA","NAME":"Saudi Arabia","CONTINENT":"Asia","REGION":"Asia"},"geometry":{"type":"Polygon","coordinates":[[[51.9776,18.9961],[49.042,18.5818],[48.1722,18.1569],[47.5796,17.4483],[47.4418,17.1119],[47.1436,16.9467],[46.9757,16.9535],[46.7276,17.2656],[46.3104,17.2313],[45.5354,17.3021],[45.4065,17.3198],[45.148,17.4274],[44.156,17.3985],[43.917,17.3247],[43.713,17.3655],[43.5973,17.4714],[43.418,17.5163],[43.1909,17.3594],[43.2369,17.2665],[43.156,17.205],[43.1165,16.942],[43.1845,16.8118],[43.165,16.6894],[43.1048,16.6642],[43.0336,16.5504],[42.7993,16.3718],[42.6988,16.737],[42.5529,16.8685],[42.5441,16.9597],[42.3833,17.1225],[42.2939,17.435],[42.0522,17.6693],[41.75,17.8857],[41.5076,18.2561],[41.4317,18.4524],[41.2295,18.6784],[41.116,19.0822],[40.9133,19.4901],[40.7916,19.6464],[40.7592,19.7555],[40.6159,19.8224],[40.4822,19.9935],[40.0807,20.2659],[39.8841,20.293],[39.7283,20.3903],[39.6137,20.5177],[39.4912,20.737],[39.2761,20.974],[39.0936,21.3104],[39.1507,21.4328],[39.1471,21.519],[38.9879,21.8817],[39.034,22.2034],[39.0959,22.3928],[39.062,22.5922],[39.0014,22.699],[39.0074,22.7701],[38.9388,22.8048],[38.8829,22.882],[38.9411,22.8818],[38.7969,23.0486],[38.7061,23.3055],[38.4642,23.7119],[38.2889,23.911],[37.9197,24.1854],[37.821,24.1875],[37.7134,24.2744],[37.5431,24.2917],[37.1809,24.82],[37.2663,24.9601],[37.1488,25.2911],[36.9207,25.6412],[36.7627,25.7513],[36.6752,26.0389],[36.5188,26.1049],[36.2496,26.5948],[35.8517,27.0705],[35.763,27.2588],[35.5813,27.4325],[35.4238,27.7338],[35.1805,28.0349],[35.0783,28.087],[34.7221,28.1307],[34.625,28.0645],[34.6162,28.1483],[34.7799,28.5073],[34.7991,28.7205],[34.9508,29.3535],[36.0685,29.2005],[36.4761,29.4951],[36.7039,29.8316],[36.7553,29.866],[37.4692,29.9951],[37.6499,30.331],[37.9801,30.5],[36.9586,31.4915],[38.9623,31.9949],[39.1454,32.1245],[40.3693,31.939],[42.0744,31.0804],[44.6908,29.2023],[46.3564,29.0637],[46.5314,29.0962],[47.4332,28.9896],[47.5213,28.8378],[47.5831,28.628],[47.6713,28.5332],[48.4425,28.5429],[48.6264,28.1326],[48.809,27.8959],[48.8328,27.8007],[48.7972,27.7243],[48.9064,27.6291],[49.2375,27.4927],[49.1751,27.4376],[49.4053,27.181],[49.5377,27.1518],[49.7165,26.9559],[49.9861,26.8289],[50.1498,26.6626],[50.0264,26.6992],[50.0081,26.6785],[50.0273,26.5269],[50.185,26.4049],[50.2139,26.3085],[50.1555,26.1005],[50.0316,26.111],[50.0811,25.9614],[50.239,25.6229],[50.4552,25.4248],[50.5579,25.0867],[50.8044,24.7893],[50.8557,24.6796],[50.966,24.5739],[51.0934,24.5646],[51.268,24.6072],[51.3385,24.5644],[51.4112,24.5708],[51.4184,24.531],[51.3099,24.3404],[51.5684,24.2862],[51.5926,24.0789],[52.5551,22.9328],[55.1043,22.6215],[55.1858,22.7041],[55.641,22.0019],[54.9773,19.9959],[51.9776,18.9961]]]}},{"type":"Feature","properties":{"ISO_A2":"ST","NAME":"São Tomé and Principe","CONTINENT":"Africa","REGION":"Africa"},"geometry":{"type":"Polygon","coordinates":[[[6.66,0.1207],[6.5568,0.0474],[6.5197,0.0663],[6.4682,0.2273],[6.5243,0.3403],[6.6869,0.4044],[6.7498,0.3256],[6.75,0.2435],[6.66,0.1207]]]}},{"type":"Feature","properties":{"ISO_A2":"SM","NAME":"San Marino","CONTINENT":"Europe","REGION":"Europe"},"geometry":{"type":"Polygon","coordinates":[[[12.4853,43.9014],[12.4264,43.8941],[12.3969,43.9346],[12.4411,43.9824],[12.5037,43.9897],[12.4853,43.9014]]]}},{"type":"Feature","properties":{"ISO_A2":"WS","NAME":"Samoa","CONTINENT":"Oceania","REGION":"Oceania"},"geometry":{"type":"MultiPolygon","coordinates":[[[[-172.3335,-13.4652],[-172.2215,-13.5596],[-172.1769,-13.6847],[-172.225,-13.8043],[-172.3309,-13.7747],[-172.5357,-13.7917],[-172.7785,-13.5168],[-172.3335,-13.4652]]],[[[-171.4541,-14.0465],[-171.7282,-14.0473],[-171.9119,-14.0017],[-172.0281,-13.9068],[-172.0459,-13.8571],[-171.8582,-13.8071],[-171.6039,-13.8792],[-171.5654,-13.9431],[-171.4614,-13.9776],[-171.4541,-14.0465]]]]}},{"type":"Feature","properties":{"ISO_A2":"VC","NAME":"St. Vin. and Gren.","CONTINENT":"North America","REGION":"Americas"},"geometry":{"type":"Polygon","coordinates":[[[-61.1745,13.1581],[-61.2039,13.1423],[-61.2773,13.2096],[-61.2685,13.2877],[-61.139,13.3587],[-61.1345,13.2029],[-61.1745,13.1581]]]}},{"type":"Feature","properties":{"ISO_A2":"LC","NAME":"Saint Lucia","CONTINENT":"North America","REGION":"Americas"},"geometry":{"type":"Polygon","coordinates":[[[-60.8952,13.822],[-60.9514,13.7176],[-61.0606,13.7831],[-61.0731,13.8656],[-60.9967,14.0109],[-60.9081,14.0934],[-60.8952,13.822]]]}},{"type":"Feature","properties":{"ISO_A2":"KN","NAME":"St. Kitts and Nevis","CONTINENT":"North America","REGION":"Americas"},"geometry":{"type":"Polygon","coordinates":[[[-62.6307,17.24],[-62.6565,17.2244],[-62.702,17.286],[-62.8389,17.3393],[-62.8271,17.3864],[-62.7946,17.4026],[-62.7137,17.3533],[-62.6307,17.24]]]}},{"type":"Feature","properties":{"ISO_A2":"RW","NAME":"Rwanda","CONTINENT":"Africa","REGION":"Africa"},"geometry":{"type":"Polygon","coordinates":[[[29.577,-1.3879],[29.8254,-1.3355],[29.8816,-1.4518],[29.9301,-1.4699],[30.1016,-1.3687],[30.3603,-1.0746],[30.51,-1.0673],[30.4702,-1.1312],[30.5081,-1.2082],[30.6319,-1.3675],[30.7107,-1.3968],[30.8126,-1.5631],[30.8191,-1.9675],[30.8766,-2.1434],[30.8287,-2.3385],[30.5536,-2.4001],[30.4085,-2.313],[30.2338,-2.3471],[30.1173,-2.4166],[29.9302,-2.3396],[29.8682,-2.7164],[29.698,-2.7947],[29.3902,-2.8086],[29.3498,-2.7915],[29.2971,-2.673],[29.1021,-2.5957],[29.0632,-2.6025],[29.0144,-2.7202],[28.9218,-2.682],[28.8576,-2.4467],[28.8764,-2.4003],[29.1315,-2.1951],[29.1433,-1.816],[29.3517,-1.5176],[29.577,-1.3879]]]}},{"type":"Feature","properties":{"ISO_A2":"RU","NAME":"Russia","CONTINENT":"Europe","REGION":"Europe"},"geometry":{"type":"Polygon","coordinates":[[[130.6873,42.3025],[130.527,42.5354],[130.5845,42.5673],[130.5766,42.6232],[130.5206,42.6743],[130.4393,42.6855],[130.4248,42.7271],[130.5772,42.8116],[130.8033,42.8568],[130.9429,42.8518],[131.0686,42.9022],[131.0861,43.0381],[131.1756,43.1422],[131.2573,43.3781],[131.2439,43.469],[131.1824,43.5056],[131.1742,43.7047],[131.2133,44.0029],[131.2553,44.0716],[131.0869,44.5957],[130.9678,44.8],[130.9816,44.8443],[131.0823,44.91],[131.4469,44.984],[131.5787,45.0836],[131.654,45.2054],[131.8519,45.3269],[131.9775,45.244],[132.936,45.0299],[133.1135,45.1307],[133.1134,45.3214],[133.186,45.4948],[133.4364,45.6047],[133.5131,45.8788],[133.6479,45.9552],[133.7111,46.0696],[133.7007,46.1397],[133.8613,46.2478],[133.9027,46.3669],[133.8666,46.4991],[134.0227,46.7132],[134.0714,46.9508],[134.2021,47.1281],[134.1677,47.3022],[134.2908,47.4136],[134.4835,47.4474],[134.5419,47.4852],[134.7523,47.7154],[134.566,48.0225],[134.6693,48.1533],[134.6652,48.2539],[134.5636,48.3217],[134.2934,48.3734],[133.8422,48.2737],[133.4684,48.0972],[133.144,48.1057],[132.7729,47.9401],[132.7072,47.9473],[132.5619,47.7685],[132.4763,47.715],[131.7853,47.6805],[131.5567,47.682],[131.4643,47.7226],[131.3193,47.7278],[130.9619,47.7093],[130.9154,47.8429],[130.7326,48.0192],[130.7121,48.1276],[130.8043,48.3415],[130.7469,48.4304],[130.5521,48.6025],[130.6172,48.7732],[130.5531,48.8612],[130.196,48.8917],[130.0371,48.9723],[129.6711,49.2785],[129.5337,49.3234],[129.4981,49.3888],[129.3847,49.3895],[129.3099,49.3539],[129.0651,49.3747],[129.0203,49.4192],[128.8193,49.4638],[128.7703,49.4947],[128.791,49.5418],[128.769,49.577],[128.704,49.6001],[127.9996,49.5686],[127.7111,49.6715],[127.6367,49.7602],[127.5508,49.8018],[127.5024,49.8734],[127.4918,49.975],[127.5902,50.209],[127.3372,50.3501],[127.3408,50.4281],[127.3061,50.4535],[127.3469,50.6213],[127.307,50.708],[126.9248,51.1001],[126.8338,51.3149],[126.8478,51.3742],[126.8018,51.448],[126.8055,51.5057],[126.7092,51.5663],[126.7008,51.703],[126.5105,51.9258],[126.4556,52.1265],[126.3948,52.173],[126.3835,52.2865],[126.3242,52.3316],[126.3417,52.362],[126.1944,52.5191],[126.016,52.6102],[126.0602,52.692],[126.0481,52.7395],[125.8719,52.8715],[125.7281,52.8907],[125.6808,52.9308],[125.6917,53.0037],[125.649,53.0423],[125.546,53.0476],[125.075,53.2037],[124.9709,53.1973],[124.8821,53.1297],[124.8123,53.1338],[124.6398,53.2106],[124.4659,53.2296],[124.2199,53.3701],[124.1543,53.3587],[123.6078,53.5465],[123.1541,53.5446],[122.5158,53.457],[122.3378,53.485],[121.4055,53.317],[120.9854,53.2846],[120.7041,53.1718],[120.2182,52.8399],[120.0945,52.7872],[120.0443,52.7182],[120.0676,52.6329],[120.1728,52.6025],[120.5211,52.615],[120.6562,52.5667],[120.6992,52.4936],[120.6504,52.3959],[120.6654,52.2999],[120.7445,52.2055],[120.7498,52.0965],[120.6814,51.973],[120.0669,51.6007],[119.967,51.4221],[119.8132,51.267],[119.746,51.1077],[119.5123,50.8631],[119.5018,50.7792],[119.4457,50.7028],[119.344,50.6339],[119.2167,50.4325],[119.1637,50.406],[119.3016,50.3539],[119.3463,50.279],[119.3261,50.1549],[119.2599,50.0664],[118.9795,49.9789],[118.756,49.9628],[118.4516,49.8445],[117.8734,49.5135],[117.4771,49.6094],[117.2456,49.6249],[116.6833,49.8238],[116.5512,49.9203],[116.2168,50.0093],[116.1346,50.0108],[115.7178,49.8806],[115.4292,49.8965],[115.2745,49.9489],[115.0033,50.1386],[114.7432,50.2337],[114.2971,50.2744],[113.5742,50.007],[113.1642,49.7972],[113.0556,49.6163],[112.8064,49.5236],[112.4949,49.5323],[112.0797,49.4242],[111.4293,49.3426],[111.3366,49.3559],[110.7098,49.143],[110.6311,49.1376],[110.4278,49.22],[110.1999,49.1704],[109.2367,49.3349],[108.6137,49.3228],[108.4069,49.3964],[107.9654,49.6535],[107.9367,49.691],[107.9479,49.9247],[107.9166,49.9478],[107.2333,49.9894],[107.0402,50.0865],[106.9413,50.1967],[106.7111,50.3126],[106.2179,50.3046],[105.8752,50.4054],[105.3836,50.4737],[105.0947,50.3899],[104.4663,50.3062],[104.3539,50.2753],[104.1797,50.1694],[104.0787,50.1542],[103.8026,50.1761],[103.6329,50.1386],[103.3044,50.2003],[103.1617,50.2907],[102.6833,50.3872],[102.4694,50.5257],[102.3364,50.5442],[102.2884,50.5851],[102.3166,50.7185],[102.215,50.8294],[102.1945,51.0507],[102.152,51.1075],[102.1557,51.3138],[102.1115,51.3535],[101.5709,51.4672],[101.3813,51.4526],[100.4689,51.7261],[99.9217,51.7555],[99.7192,51.8716],[99.407,51.9235],[99.0343,52.0354],[98.8932,52.1173],[98.8025,51.9575],[98.6405,51.8012],[98.3527,51.7176],[98.2375,51.5784],[98.2199,51.5056],[98.0376,51.45],[97.9469,51.3484],[97.9108,51.1652],[97.8357,51.0517],[97.8253,50.9853],[97.9531,50.8552],[97.9619,50.7691],[98.0298,50.6446],[98.145,50.5686],[98.2795,50.5333],[98.2503,50.3024],[98.1034,50.0778],[98.0039,50.0143],[97.8539,49.9468],[97.5894,49.9115],[97.5408,49.8431],[97.3598,49.7415],[97.2086,49.7308],[96.9857,49.8828],[96.7117,49.9116],[96.5984,49.8784],[96.5058,49.9187],[96.315,49.9011],[96.0655,49.9987],[95.9357,49.96],[95.852,50.0129],[95.7894,50.0125],[95.5227,49.9112],[95.3856,49.9412],[95.1114,49.9354],[94.9303,50.0438],[94.6147,50.0237],[94.5646,50.0879],[94.3547,50.2218],[94.287,50.5114],[94.2511,50.5564],[93.1031,50.6039],[93.0099,50.6545],[92.9413,50.7782],[92.7793,50.7787],[92.7387,50.7109],[92.6267,50.6883],[92.3548,50.8642],[92.2958,50.8498],[92.1924,50.7006],[91.8043,50.6936],[91.4465,50.5222],[91.415,50.468],[91.0216,50.4155],[90.7607,50.306],[90.6551,50.2224],[90.5169,50.2133],[90.2245,50.1167],[90.0537,50.0938],[90.005,50.0693],[89.9773,49.9843],[89.7442,49.9481],[89.6438,49.903],[89.6541,49.7175],[89.3956,49.6115],[89.2439,49.6271],[89.18,49.5322],[89.1095,49.5014],[89.0084,49.4728],[88.9002,49.5397],[88.8639,49.5276],[88.8316,49.4484],[88.6332,49.4861],[88.1926,49.4517],[88.1355,49.3815],[88.1157,49.2563],[87.9881,49.1869],[87.5158,49.1224],[87.4167,49.0766],[87.3229,49.0858],[87.2337,49.2162],[87.001,49.2873],[86.7144,49.5586],[86.6265,49.5627],[86.6143,49.6097],[86.7307,49.6956],[86.7287,49.7487],[86.6755,49.7773],[86.6102,49.7691],[86.1809,49.4993],[85.9744,49.4993],[85.9336,49.5504],[85.3716,49.6239],[85.2326,49.6158],[85.0008,49.8941],[84.9752,49.9511],[84.9895,50.0614],[84.839,50.0913],[84.6073,50.2024],[84.3232,50.2392],[84.2578,50.2882],[84.176,50.5206],[84.0023,50.6769],[83.9451,50.7747],[83.7178,50.8872],[83.3573,50.9946],[83.1603,50.9892],[83.0192,50.8973],[82.7608,50.8934],[82.6117,50.7715],[82.4939,50.7276],[82.3264,50.7419],[82.098,50.7108],[81.9337,50.7664],[81.4659,50.7398],[81.4314,50.7711],[81.4516,50.8237],[81.3883,50.9565],[81.1246,50.9463],[81.0715,50.9688],[81.141,51.1466],[81.1272,51.1911],[80.9656,51.1898],[80.8773,51.2814],[80.7353,51.2934],[80.448,51.1834],[80.4215,51.1364],[80.4522,50.9976],[80.4236,50.9463],[80.2202,50.9118],[80.0863,50.84],[80.0659,50.7582],[79.9862,50.7746],[79.4688,51.4931],[78.4755,52.6384],[77.86,53.2692],[77.7044,53.3792],[76.5757,53.9425],[76.4848,54.0226],[76.4217,54.1515],[76.6546,54.1453],[76.789,54.3219],[76.8373,54.4424],[76.4965,54.3357],[76.2666,54.312],[75.6929,54.1148],[75.4372,54.0896],[75.3981,54.0685],[75.3771,53.9701],[75.2202,53.8938],[75.0521,53.8267],[74.8342,53.8257],[74.452,53.6473],[74.4027,53.5044],[74.3516,53.4876],[74.21,53.5765],[73.859,53.6197],[73.643,53.5763],[73.4069,53.4476],[73.3719,53.4544],[73.2857,53.5984],[73.3057,53.7072],[73.3994,53.8115],[73.6789,53.9294],[73.7124,54.0424],[73.618,54.0674],[73.3807,53.9628],[73.2299,53.9578],[73.1193,53.9808],[72.9141,54.1073],[72.6223,54.1343],[72.5643,54.0904],[72.5859,53.9959],[72.4468,53.9418],[72.4043,53.9645],[72.3873,54.123],[72.2691,54.2721],[72.186,54.3256],[72.1054,54.3084],[72.0656,54.2316],[72.0045,54.2057],[71.8874,54.2215],[71.3364,54.1584],[71.0932,54.2122],[71.0527,54.2605],[71.1521,54.3641],[71.1855,54.5993],[70.9102,55.128],[70.7381,55.3052],[70.4863,55.2824],[70.3715,55.2123],[70.1824,55.1625],[69.4933,55.3569],[68.9772,55.3896],[68.7129,55.3085],[68.5248,55.2048],[68.2063,55.1609],[68.244,55.0524],[68.1559,54.9767],[67.8299,54.9436],[67.6934,54.8724],[66.2227,54.6674],[65.9547,54.6595],[65.9143,54.6933],[65.7078,54.6187],[65.477,54.6233],[65.2374,54.5161],[65.1578,54.3644],[65.0884,54.3402],[64.9268,54.3966],[64.6499,54.3522],[64.4612,54.3842],[64.1994,54.3474],[63.8471,54.2365],[63.7212,54.245],[63.1913,54.171],[63.0739,54.1052],[62.6327,54.0693],[62.499,54.0132],[62.0402,54.0026],[61.9287,53.9465],[61.3337,54.0493],[61.2311,54.0195],[61.1438,53.9638],[61.1132,53.7535],[60.9855,53.6574],[60.9795,53.6217],[61.2479,53.551],[61.4741,53.5803],[61.535,53.5233],[61.401,53.4558],[61.2289,53.4459],[61.1628,53.3368],[61.1992,53.2872],[61.6599,53.2285],[62.0146,53.1079],[62.0811,53.0574],[62.0827,53.0054],[61.9742,52.9438],[61.4008,52.996],[61.0475,52.9725],[60.8023,52.7447],[60.7744,52.6758],[60.9945,52.3369],[60.9376,52.2806],[60.6703,52.1508],[60.4255,52.1256],[60.0655,51.9765],[60.0303,51.9333],[60.0675,51.8906],[60.2804,51.8346],[60.3875,51.773],[60.4647,51.6512],[60.9735,51.5371],[61.0148,51.4924],[61.3631,51.4419],[61.5547,51.3246],[61.5851,51.2297],[61.5122,51.137],[61.3895,50.861],[61.2269,50.7748],[60.9423,50.6955],[60.638,50.6637],[60.4248,50.6792],[60.2881,50.7042],[60.0586,50.8503],[59.9552,50.7993],[59.8124,50.582],[59.523,50.4929],[59.4979,50.5111],[59.5239,50.5828],[59.4523,50.6204],[58.8837,50.6944],[58.5475,50.971],[58.3592,51.0638],[57.8389,51.0917],[57.6538,50.9251],[57.4422,50.8889],[57.179,51.036],[57.0117,51.0652],[56.6202,50.9809],[56.4914,51.0195],[56.1439,50.8446],[56.0497,50.7135],[55.6862,50.5829],[55.3611,50.6653],[54.868,50.9414],[54.6416,51.0116],[54.5729,50.9902],[54.5461,50.946],[54.6063,50.8799],[54.65,50.6602],[54.6361,50.5916],[54.5553,50.5358],[54.4715,50.5838],[54.4215,50.7803],[54.1397,51.0408],[53.9568,51.1612],[53.6881,51.2518],[53.5347,51.3996],[53.3381,51.4824],[52.5712,51.4816],[52.4962,51.5122],[52.3311,51.6813],[52.2191,51.7094],[52.0071,51.6727],[51.6091,51.484],[51.3445,51.4753],[51.3011,51.4974],[51.2699,51.5945],[51.1635,51.6475],[50.7939,51.7292],[50.3093,51.3216],[49.9323,51.1972],[49.8223,51.1319],[49.498,51.0836],[49.4246,51.027],[49.3234,50.8517],[48.8084,50.6013],[48.6251,50.6127],[48.8433,50.0131],[48.759,49.9283],[48.4343,49.8285],[48.335,49.8583],[47.7058,50.378],[47.5996,50.4136],[47.4292,50.358],[47.2947,50.2175],[47.2952,50.0585],[47.2483,50.0009],[46.992,49.8527],[46.8896,49.697],[46.8021,49.3671],[47.0182,49.1999],[47.0313,49.1503],[46.9622,49.0383],[46.8529,48.9696],[46.7026,48.8056],[46.6092,48.5739],[46.6609,48.4123],[47.0043,48.2845],[47.0646,48.2325],[47.119,48.127],[47.0933,47.9477],[47.2021,47.7925],[47.2924,47.7409],[47.4819,47.8039],[48.11,47.7454],[48.167,47.7088],[48.5525,47.321],[48.9594,46.7746],[48.9503,46.7258],[48.8836,46.7054],[48.5584,46.7571],[48.5023,46.6986],[48.5412,46.6056],[49.2322,46.3372],[49.2459,46.2916],[49.1255,46.2817],[49.0796,46.1892],[48.6837,46.0862],[48.7034,45.9762],[48.7496,45.9206],[48.7296,45.8968],[48.487,45.9349],[48.1592,45.737],[47.8302,45.663],[47.7011,45.6862],[47.6498,45.6567],[47.6333,45.584],[47.4794,45.6876],[47.5242,45.6017],[47.5146,45.4909],[47.4131,45.421],[47.3513,45.2177],[47.1147,44.906],[47.0838,44.817],[47.0029,44.8761],[46.9574,44.7826],[46.7553,44.6565],[46.7161,44.5607],[46.7072,44.5033],[46.753,44.4207],[47.0236,44.3433],[47.307,44.1031],[47.4292,43.7799],[47.4628,43.555],[47.5626,43.8347],[47.6465,43.8846],[47.509,43.5097],[47.4898,43.3817],[47.5129,43.2188],[47.4632,43.0351],[47.6349,42.9035],[47.7091,42.8109],[47.7277,42.6807],[48.0802,42.3537],[48.3838,41.9534],[48.5729,41.8445],[48.3914,41.6019],[48.0561,41.4587],[47.8611,41.2127],[47.5206,41.2291],[47.2611,41.3151],[47.2053,41.4556],[46.7493,41.8126],[46.6903,41.8313],[46.5713,41.8001],[46.5377,41.8704],[46.2127,41.9899],[45.954,42.0354],[45.6386,42.2051],[45.7275,42.475],[45.6556,42.5177],[45.3438,42.5298],[45.1603,42.675],[44.871,42.7564],[44.7711,42.6168],[44.6443,42.7347],[44.5059,42.7486],[43.9574,42.5666],[43.826,42.5715],[43.7384,42.617],[43.7954,42.703],[43.7826,42.747],[43.0892,42.9891],[43.0002,43.0497],[42.9916,43.0915],[42.7606,43.1696],[42.566,43.1551],[42.419,43.2242],[42.05,43.1901],[41.5806,43.2192],[41.3582,43.3334],[41.0831,43.3745],[40.648,43.5339],[40.5189,43.512],[40.1502,43.5698],[40.0846,43.5531],[39.9783,43.4198],[39.5167,43.7279],[39.3294,43.8973],[38.7173,44.2881],[38.1813,44.4197],[37.8515,44.6988],[37.7049,44.6614],[37.4951,44.6953],[37.3523,44.7884],[37.2048,44.972],[36.9444,45.0696],[36.6508,45.1265],[36.6191,45.1855],[36.9412,45.2897],[36.7204,45.3719],[36.7938,45.4097],[36.8659,45.4271],[37.2136,45.2723],[37.2643,45.3109],[37.6472,45.3772],[37.6719,45.4884],[37.61,45.4995],[37.6124,45.5647],[37.6692,45.6541],[37.8409,45.7996],[37.9331,46.0017],[38.0143,46.0478],[38.0738,46.0171],[38.0796,45.9348],[38.1836,46.0948],[38.4923,46.0905],[38.0777,46.3943],[37.9139,46.4065],[37.7665,46.6361],[37.968,46.618],[38.23,46.7013],[38.501,46.6637],[38.4387,46.8131],[39.2707,47.0441],[39.2935,47.1058],[39.1957,47.2688],[39.0237,47.2722],[38.9283,47.1757],[38.6682,47.1439],[38.5524,47.1503],[38.7619,47.2616],[38.5772,47.2391],[38.4848,47.1755],[38.2144,47.0915],[38.2014,47.1752],[38.2808,47.259],[38.2014,47.3208],[38.2565,47.4089],[38.2874,47.5592],[38.3688,47.61],[38.6406,47.6659],[38.8223,47.837],[39.7359,47.8448],[39.7787,47.8875],[39.7758,47.9645],[39.9579,48.2689],[39.8475,48.3028],[39.8898,48.3604],[39.8356,48.5428],[39.6447,48.5912],[39.7046,48.7394],[39.7929,48.8077],[39.9041,48.7938],[40.0036,48.8221],[39.9892,48.8514],[39.7533,48.9145],[39.6865,49.0079],[39.8897,49.0641],[40.1088,49.2516],[40.1262,49.3688],[40.0578,49.4315],[40.0807,49.5769],[40.0307,49.5967],[39.7806,49.572],[39.4628,49.728],[39.3029,49.742],[39.1748,49.856],[38.9184,49.8247],[38.6478,49.9529],[38.4512,49.9641],[38.2586,50.0523],[38.1775,50.0254],[38.1468,49.9394],[38.0469,49.92],[37.7042,50.1091],[37.6051,50.2149],[37.5823,50.2918],[37.4229,50.4115],[37.3432,50.4176],[37.1313,50.3515],[36.7591,50.2918],[36.6194,50.2092],[36.4998,50.2805],[36.3061,50.2805],[36.1164,50.4085],[35.8902,50.4371],[35.6737,50.346],[35.5911,50.3688],[35.5455,50.44],[35.4116,50.5397],[35.3917,50.6109],[35.4401,50.7277],[35.3147,50.9499],[35.3348,51.0211],[35.3119,51.0439],[35.1581,51.061],[35.0641,51.2034],[34.7123,51.1722],[34.491,51.2371],[34.2139,51.2554],[34.2807,51.3117],[34.275,51.3402],[34.2299,51.3632],[34.2009,51.5538],[34.1154,51.645],[34.1211,51.6792],[34.3793,51.7165],[34.3979,51.7804],[34.1131,51.9796],[34.0153,52.156],[33.9221,52.2515],[33.7353,52.3448],[33.1484,52.3404],[32.8064,52.2526],[32.4354,52.3072],[32.363,52.2721],[32.2828,52.114],[32.1223,52.0506],[31.9738,52.0466],[31.7824,52.0994],[31.5773,52.3123],[31.5855,52.5325],[31.6159,52.5462],[31.5262,52.633],[31.5194,52.6987],[31.5648,52.7592],[31.2588,53.0167],[31.4179,53.196],[31.6683,53.2009],[31.7475,53.1842],[31.8497,53.1062],[32.142,53.0912],[32.4263,53.2106],[32.4693,53.2703],[32.7043,53.3363],[32.7064,53.4194],[32.4696,53.547],[32.4252,53.6173],[32.4502,53.6929],[32.2004,53.7813],[31.7542,53.8104],[31.8253,53.935],[31.826,54.0307],[31.4036,54.1959],[31.1848,54.453],[31.0748,54.4918],[31.1549,54.6109],[31.1213,54.6485],[30.7988,54.7833],[30.8299,54.915],[30.9777,55.0505],[30.9589,55.1376],[30.8105,55.307],[30.9006,55.3974],[30.9068,55.57],[30.6256,55.6663],[30.4563,55.7868],[30.2336,55.8452],[29.937,55.8453],[29.4822,55.6846],[29.3534,55.7844],[29.3961,55.9122],[29.283,55.9679],[29.0317,56.0218],[28.7947,55.9426],[28.564,56.092],[28.2843,56.0559],[28.1479,56.1429],[28.2021,56.2604],[28.1692,56.3869],[28.1031,56.5457],[28.0075,56.5999],[27.8921,56.7411],[27.8815,56.8242],[27.8061,56.8671],[27.6557,56.8432],[27.7174,57.0546],[27.8303,57.1945],[27.8286,57.2933],[27.5387,57.4298],[27.5111,57.5082],[27.352,57.5281],[27.3543,57.5503],[27.4,57.6668],[27.492,57.725],[27.5421,57.7994],[27.777,57.8567],[27.6734,57.9346],[27.5024,58.2213],[27.4878,58.2701],[27.5313,58.4353],[27.4271,58.7331],[27.4342,58.7873],[27.5131,58.8863],[27.7576,59.052],[27.8977,59.2776],[28.1511,59.3744],[28.0125,59.4843],[28.064,59.554],[28.014,59.7248],[28.058,59.7815],[28.1312,59.7865],[28.2125,59.7247],[28.3346,59.6925],[28.4237,59.7341],[28.4539,59.8143],[28.5182,59.8496],[28.7477,59.8067],[28.9473,59.8288],[29.1473,59.9998],[29.6697,59.9557],[30.1226,59.8736],[30.1727,59.9571],[29.9768,60.0264],[29.8723,60.1209],[29.7212,60.1953],[29.0691,60.1915],[28.8127,60.3315],[28.6432,60.3753],[28.4916,60.5401],[28.6225,60.4916],[28.6506,60.611],[28.5128,60.6773],[28.1793,60.571],[27.7977,60.5361],[28.4074,60.8969],[29.2517,61.2878],[30.5656,62.1276],[31.1867,62.4814],[31.2856,62.5678],[31.5365,62.9216],[31.1809,63.2083],[30.4186,63.5041],[29.9915,63.7352],[30.2103,63.8033],[30.5039,64.0206],[30.5261,64.0773],[30.4879,64.2365],[30.1081,64.3661],[29.9866,64.5243],[29.9855,64.5577],[30.1201,64.6446],[30.1103,64.7326],[30.0729,64.765],[29.7832,64.8043],[29.7017,64.8458],[29.6042,64.9684],[29.6225,65.0395],[29.8108,65.1079],[29.827,65.1451],[29.8105,65.2047],[29.6124,65.2348],[29.7148,65.337],[29.728,65.4734],[29.8194,65.5688],[29.7159,65.6246],[30.0953,65.6817],[30.0875,65.7865],[29.9034,66.0911],[29.6709,66.2761],[29.4644,66.5322],[29.0662,66.8917],[29.087,66.9709],[29.2434,67.0966],[29.9412,67.5475],[29.9881,67.6683],[29.3438,68.0619],[28.6852,68.1898],[28.4707,68.4884],[28.4793,68.5376],[28.7521,68.7714],[28.7729,68.84],[28.4535,68.8723],[28.4141,68.9042],[29.1186,69.05],[29.21,69.097],[29.3883,69.2981],[29.994,69.3925],[30.1638,69.5016],[30.1965,69.5806],[30.1598,69.6299],[30.6154,69.5326],[30.8607,69.5384],[30.9225,69.6058],[30.8697,69.7834],[31.547,69.6969],[31.6662,69.721],[31.7886,69.8158],[31.9979,69.8099],[32.0306,69.8353],[31.9693,69.9139],[31.9846,69.9537],[33.0078,69.7221],[32.9946,69.6262],[32.915,69.6017],[32.1768,69.674],[32.0915,69.6326],[32.3306,69.5542],[32.3777,69.4791],[32.9998,69.4701],[33.021,69.4456],[32.9416,69.3833],[32.9789,69.3673],[33.3849,69.4443],[33.4543,69.4282],[33.4637,69.3782],[33.413,69.2674],[33.3277,69.1519],[33.1964,69.1168],[33.1412,69.0687],[33.4356,69.1304],[33.6844,69.3103],[34.2294,69.3131],[35.0096,69.2212],[35.1759,69.2308],[35.2898,69.2754],[35.8579,69.1917],[37.7306,68.6921],[38.3576,68.4151],[38.4302,68.3556],[38.8315,68.3249],[39.5689,68.0717],[39.8233,68.0586],[39.7463,68.1622],[39.8093,68.1508],[40.3807,67.8319],[40.9664,67.7135],[41.0609,67.4442],[41.1339,67.386],[41.1339,67.2669],[41.3588,67.2097],[41.2756,66.9143],[41.189,66.8262],[40.5216,66.4466],[40.1033,66.3],[39.2891,66.132],[38.6539,66.069],[37.9007,66.0956],[36.9837,66.2726],[36.3734,66.3023],[35.5135,66.3958],[34.8246,66.6111],[34.4826,66.5503],[34.3961,66.6132],[34.4516,66.6512],[34.1461,66.7033],[33.8937,66.7067],[33.5954,66.7846],[33.482,66.7646],[33.1502,66.8439],[32.8476,67.0215],[32.9305,67.0868],[32.3999,67.1527],[31.8953,67.1614],[32.2016,67.1132],[32.501,67.0039],[32.4637,66.9163],[32.8573,66.7469],[32.8624,66.7214],[33.1806,66.6799],[33.2244,66.6039],[33.1829,66.5739],[33.2174,66.5316],[33.656,66.4426],[33.5933,66.3846],[33.3605,66.3295],[34.1127,66.2252],[34.3998,66.1284],[34.6918,65.9519],[34.7863,65.8646],[34.777,65.7683],[34.6157,65.5099],[34.4064,65.3958],[34.6711,65.1681],[34.8035,64.986],[34.8326,64.8002],[34.9522,64.756],[34.8583,64.7067],[34.8695,64.56],[35.0354,64.4402],[35.432,64.3468],[35.6471,64.3783],[36.1465,64.189],[36.3649,64.0028],[37.4422,63.8134],[37.6354,63.8934],[37.968,63.9491],[38.0708,64.0258],[38.0622,64.091],[37.9771,64.207],[37.9537,64.3201],[37.7406,64.397],[37.4296,64.3736],[37.1837,64.4085],[36.5787,64.791],[36.5282,64.8474],[36.5346,64.9386],[36.6529,64.9354],[36.7859,64.9872],[36.8828,65.1724],[37.1408,65.1943],[37.5281,65.1083],[38.0094,64.8788],[38.4121,64.8571],[38.5409,64.7913],[39.0535,64.7139],[39.5674,64.5706],[39.758,64.5771],[39.8486,64.6905],[40.0578,64.7708],[40.4078,64.7549],[40.4449,64.7787],[40.2813,64.9981],[40.1427,65.0633],[39.798,65.3499],[39.7491,65.4479],[39.8165,65.5979],[40.3278,65.7517],[40.6916,65.9634],[41.0761,66.0211],[41.4758,66.1234],[41.7809,66.2593],[42.2105,66.5197],[42.4508,66.4824],[42.6021,66.4225],[43.2332,66.4155],[43.5509,66.3213],[43.6531,66.251],[43.5504,66.1734],[43.5419,66.1234],[43.737,66.1584],[43.8438,66.1424],[44.1044,66.0086],[44.1453,66.1127],[44.0972,66.2351],[44.2207,66.4071],[44.4887,66.6718],[44.4371,66.7946],[44.4293,66.9377],[44.4039,67.0042],[44.2918,67.0997],[44.0744,67.1673],[43.8554,67.1886],[43.7824,67.2545],[43.8563,67.4393],[44.0364,67.6707],[44.2254,67.9956],[44.2047,68.2538],[44.1691,68.3271],[43.404,68.6085],[43.3332,68.6734],[43.472,68.6798],[44.048,68.5488],[45.0781,68.5782],[45.5194,68.5465],[45.892,68.4797],[46.6836,67.9705],[46.6904,67.8488],[45.5287,67.7576],[44.9395,67.4774],[44.9021,67.4131],[44.9395,67.3508],[45.5622,67.1856],[45.8854,66.8911],[45.986,66.8531],[46.2978,66.8428],[46.4924,66.8002],[47.4965,66.9298],[47.6559,66.9759],[47.7091,67.045],[47.7681,67.2756],[47.9082,67.4547],[47.8747,67.5842],[48.6538,67.6953],[48.8332,67.6815],[48.8779,67.7313],[48.6957,67.8742],[48.7543,67.8959],[48.9539,67.8538],[49.1553,67.8704],[49.9313,68.0651],[50.6994,68.3177],[51.3361,68.4024],[51.9947,68.5388],[52.1288,68.532],[52.2854,68.4594],[52.1835,68.3743],[52.3967,68.3517],[52.6697,68.4268],[52.7227,68.484],[52.6477,68.5062],[52.5501,68.5924],[52.344,68.6082],[52.6836,68.7312],[53.802,68.9959],[54.4912,68.9923],[53.7977,68.9075],[53.7982,68.8847],[53.9706,68.8443],[53.8912,68.8015],[53.7589,68.634],[53.9177,68.537],[53.9309,68.4355],[53.8295,68.3827],[53.69,68.4025],[53.3426,68.3432],[53.2605,68.2675],[53.9679,68.2273],[54.4762,68.2941],[54.718,68.1842],[54.8613,68.2019],[54.923,68.3738],[55.4181,68.5678],[55.6753,68.5759],[56.0437,68.6489],[56.6202,68.619],[57.1269,68.554],[58.173,68.8897],[58.237,68.8339],[58.3539,68.9162],[59.0573,69.0061],[59.1102,68.8963],[59.3705,68.7384],[59.2226,68.6913],[59.1123,68.6163],[59.099,68.4443],[59.7257,68.3516],[59.8588,68.396],[59.9229,68.4713],[59.9414,68.5105],[59.8651,68.6049],[59.896,68.7063],[60.4892,68.729],[60.6377,68.787],[60.9336,68.9868],[60.8586,69.1455],[60.6646,69.1103],[60.3373,69.457],[60.1706,69.5909],[60.2765,69.6526],[60.5587,69.6923],[60.9091,69.8471],[61.7705,69.763],[62.6313,69.7431],[63.3614,69.6753],[64.1904,69.5347],[64.9285,69.3254],[64.8963,69.2478],[65.0315,69.2698],[65.7357,69.1323],[65.8127,69.077],[66.4161,68.9479],[67.0024,68.8736],[67.1492,68.754],[67.6396,68.5793],[67.7308,68.5137],[68.1569,68.4037],[68.3712,68.3143],[68.5042,68.3484],[68.8295,68.5674],[69.1405,68.9506],[68.9244,68.9562],[68.7629,68.9174],[68.5428,68.9671],[68.1174,69.2362],[68.073,69.4208],[68.0059,69.48],[67.6241,69.5844],[67.0645,69.6937],[66.9641,69.6556],[66.8967,69.5538],[66.804,69.6592],[66.8029,69.7401],[66.9264,70.0143],[67.069,70.0056],[67.2393,70.1081],[67.1465,70.2199],[67.2469,70.5001],[67.2848,70.7387],[67.1434,70.8375],[66.8225,70.7974],[66.7022,70.8185],[66.6661,70.9006],[66.8471,71.0637],[66.6926,71.0417],[66.6396,71.0814],[66.7681,71.1399],[66.9176,71.2824],[67.5418,71.412],[68.2692,71.6828],[68.6074,72.0127],[68.8297,72.3916],[69.0391,72.6699],[69.3914,72.9555],[69.6943,72.9775],[69.709,72.9564],[69.6451,72.8976],[69.7383,72.885],[71.5002,72.9137],[71.9296,72.8197],[72.4464,72.7903],[72.8121,72.6914],[72.7529,72.3432],[72.5741,72.0125],[72.2795,71.6955],[72.1297,71.6092],[71.912,71.5479],[71.8673,71.4574],[72.0793,71.3067],[72.5813,71.1511],[72.7045,70.9632],[72.7316,70.8229],[72.7,70.4573],[72.4694,70.275],[72.5297,70.1725],[72.5994,69.7932],[72.6156,69.484],[72.5573,69.3784],[72.5271,69.1542],[72.5768,68.9687],[72.6783,68.8749],[72.8119,68.8152],[73.548,68.5745],[73.5917,68.4819],[73.4652,68.4308],[73.1395,68.1813],[73.1294,68.0909],[73.173,67.973],[73.1521,67.865],[73.0668,67.7669],[72.9487,67.6962],[72.5943,67.587],[71.8475,67.0076],[71.6682,66.9397],[71.3652,66.9615],[71.5512,66.7604],[71.5396,66.6831],[71.342,66.6867],[70.9395,66.5481],[70.7249,66.5194],[70.3828,66.6025],[70.4426,66.6683],[70.6907,66.7453],[70.5791,66.7538],[70.4439,66.6973],[70.2834,66.6858],[69.8771,66.8455],[69.7404,66.8146],[69.2178,66.8286],[69.0135,66.7883],[69.1943,66.5787],[69.9824,66.4014],[70.3395,66.3424],[71.358,66.3594],[71.917,66.2467],[72.0676,66.2533],[72.3216,66.3321],[72.4174,66.5608],[73.5136,66.8611],[73.7921,66.9953],[73.8833,67.085],[73.9862,67.3277],[74.0745,67.4141],[74.6761,67.6946],[74.7695,67.7664],[74.7873,67.8975],[74.7427,68.0735],[74.6324,68.2183],[74.3914,68.4206],[74.481,68.6589],[74.5796,68.7512],[75.1246,68.8617],[76.1075,68.9757],[76.4592,68.9783],[76.6058,68.8976],[76.7351,68.7769],[77.1117,68.5962],[77.2385,68.4696],[77.2484,67.941],[77.1744,67.7785],[77.7716,67.5703],[78.9225,67.5891],[78.8391,67.6312],[77.5883,67.7519],[77.5201,67.9096],[77.5359,68.0077],[77.6648,68.1904],[77.9951,68.2595],[77.9068,68.4823],[77.7853,68.6305],[77.6507,68.903],[77.4663,68.9051],[76.6449,69.1174],[76.001,69.2351],[75.42,69.2386],[75.0535,69.1163],[74.8148,69.0906],[74.3626,69.1446],[73.9774,69.1146],[73.836,69.1432],[73.7757,69.1982],[73.8909,69.418],[73.8327,69.5039],[73.5602,69.7072],[73.5781,69.803],[73.8302,70.1757],[74.2067,70.4455],[74.3434,70.5787],[74.3109,70.6536],[73.7315,71.0687],[73.5766,71.2165],[73.1505,71.3852],[73.0862,71.4449],[73.6718,71.8451],[74.4891,71.997],[74.9922,72.1448],[75.0899,72.2631],[75.0971,72.4207],[75.0604,72.5488],[74.7868,72.8119],[74.9422,72.8538],[75.1524,72.8527],[75.3693,72.7966],[75.6035,72.5811],[75.5914,72.4572],[75.7414,72.2962],[75.5502,72.1708],[75.3945,71.9832],[75.2738,71.9589],[75.2475,71.8134],[75.5032,71.6546],[75.4686,71.5344],[75.2803,71.4301],[75.332,71.3417],[75.7336,71.2659],[76.1104,71.2186],[76.742,71.2021],[76.929,71.1279],[76.9952,71.1811],[77.5896,71.1679],[78.0683,70.9863],[78.3206,70.9304],[78.5258,70.9118],[79.0154,70.9502],[79.0839,71.002],[78.7239,70.976],[78.4914,71.0254],[78.3865,71.0871],[78.2126,71.2663],[77.9084,71.3241],[77.4811,71.3116],[76.4334,71.5525],[76.3121,71.5955],[76.0324,71.9104],[76.4217,72.006],[76.8714,72.033],[77.0613,72.0042],[77.5508,71.8421],[77.7775,71.8364],[78.1869,71.9071],[78.2324,71.9523],[78.1408,72.0447],[78.0164,72.092],[77.7807,72.1143],[77.4929,72.0717],[77.4108,72.1078],[77.4716,72.1921],[77.7332,72.2292],[77.9682,72.3287],[78.4826,72.395],[79.4221,72.3808],[79.9539,72.223],[80.7625,72.0892],[80.8561,71.9702],[81.6616,71.716],[82.0799,71.7068],[82.7578,71.7641],[83.1066,71.7205],[83.2336,71.6682],[82.9771,71.4514],[82.3229,71.26],[82.2392,70.9977],[82.3359,70.8074],[82.1632,70.5981],[82.2212,70.3957],[82.2584,70.5436],[82.4517,70.6901],[82.5925,70.8899],[82.8691,70.9548],[83.0102,70.8954],[83.0511,70.8152],[83.0302,70.5805],[82.9198,70.4074],[82.6823,70.2177],[82.8565,70.1045],[83.0808,70.093],[83.132,70.1572],[83.0738,70.2767],[83.4971,70.3453],[83.6599,70.4184],[83.7359,70.5465],[83.5789,70.7659],[83.3339,70.9885],[83.1513,71.1036],[83.266,71.2759],[83.5505,71.5437],[83.5713,71.5944],[83.5344,71.6839],[83.3404,71.8275],[83.2003,71.8747],[82.6454,71.9252],[82.3191,72.0718],[82.1836,72.2375],[82.0937,72.2654],[81.7929,72.3266],[81.0981,72.3897],[80.8271,72.4883],[80.6563,72.712],[80.8416,72.9492],[80.7574,73.0252],[80.5097,73.0861],[80.4245,73.2312],[80.398,73.3568],[80.5959,73.474],[80.5619,73.515],[80.5832,73.5685],[81.817,73.6588],[83.5447,73.6665],[84.7379,73.7628],[85.2006,73.7215],[85.4483,73.7346],[85.6114,73.8216],[86.5914,73.8943],[86.893,73.8871],[87.0295,73.8242],[86.3659,73.6198],[86.0941,73.5783],[85.8271,73.4928],[85.7926,73.4383],[85.8182,73.327],[86.6771,73.1068],[86.715,73.1258],[85.9708,73.3471],[85.9101,73.3904],[85.939,73.4565],[86.0924,73.5191],[86.3763,73.5688],[87.1201,73.615],[87.3695,73.7559],[87.5712,73.8107],[87.2097,73.8787],[86.6971,74.1953],[86.5711,74.2438],[86.0014,74.316],[86.1829,74.423],[86.3958,74.4501],[86.6647,74.4143],[86.8979,74.3253],[87.2297,74.3639],[86.4257,74.5855],[85.791,74.6451],[85.8808,74.7402],[86.0589,74.7282],[86.2013,74.8162],[86.6515,74.6824],[86.8629,74.7179],[87.4193,74.9409],[87.4676,75.0132],[87.1407,75.0723],[86.9391,75.0681],[86.9217,75.1128],[87.006,75.1698],[87.1708,75.1917],[87.6714,75.1296],[88.5037,75.2905],[88.7331,75.3692],[89.3103,75.4701],[89.5951,75.4583],[90.185,75.5911],[91.0047,75.6496],[91.4795,75.6497],[91.8454,75.7237],[92.4075,75.7497],[94.0752,75.9129],[94.1563,75.9592],[93.687,75.9216],[93.574,75.9563],[93.4061,75.9013],[93.1781,75.959],[92.9866,75.9027],[92.8904,75.91],[92.8586,75.9795],[92.9716,76.0751],[93.1049,76.0258],[93.2593,76.0988],[93.6484,76.0542],[94.1023,76.1236],[94.5067,76.108],[94.5756,76.1518],[95.0385,76.1135],[95.5787,76.1373],[96.0755,76.082],[95.986,76.0097],[95.6533,75.8922],[95.7438,75.8723],[95.9348,75.926],[96.5086,76.0056],[96.6006,75.9899],[96.4971,75.8912],[96.8792,75.9311],[97.3507,76.0334],[97.4992,75.9802],[97.6377,76.0291],[97.6698,76.078],[97.9184,76.0887],[98.02,76.1337],[98.662,76.2427],[99.5627,76.1093],[99.7704,76.0288],[99.6023,75.8521],[99.4422,75.8032],[99.5407,75.7986],[99.8514,75.9303],[99.8254,76.1359],[99.6168,76.2402],[98.8057,76.4807],[98.8694,76.5096],[99.5763,76.4714],[100.3224,76.4792],[100.8438,76.5252],[101.0607,76.4772],[101.5978,76.4392],[101.6838,76.4855],[100.928,76.5567],[101.0993,76.704],[100.9204,76.8225],[100.9059,76.9007],[100.9899,76.9905],[101.1857,77.0286],[101.5177,77.1981],[102.6102,77.5085],[103.1314,77.6265],[103.5607,77.6319],[104.0146,77.7304],[104.8143,77.6521],[104.9652,77.5947],[105.309,77.5492],[105.7103,77.5252],[105.8945,77.4889],[106.0596,77.3905],[105.7342,77.352],[105.3846,77.2378],[104.2024,77.1018],[105.6459,77.1007],[105.712,77.0015],[105.8222,76.9975],[106.1454,77.0453],[106.7051,77.0138],[106.9416,77.0344],[107.2789,76.991],[107.4298,76.9266],[106.9409,76.7305],[106.6388,76.5734],[106.3847,76.5895],[106.4136,76.5123],[106.6832,76.5147],[106.8254,76.4801],[107.1577,76.5241],[107.7222,76.5223],[107.9022,76.5697],[107.9499,76.6606],[108.0279,76.7185],[108.1816,76.7378],[108.6384,76.7201],[109.3693,76.7492],[109.9812,76.7119],[110.4715,76.7584],[111.1148,76.723],[111.7861,76.6036],[112.0939,76.4803],[111.9427,76.3805],[112.2971,76.4347],[112.6195,76.3835],[112.6842,76.2188],[112.7984,76.1296],[112.6563,76.0536],[113.0467,76.1141],[113.1504,76.1745],[112.988,76.2397],[113.2727,76.2517],[113.4277,76.1121],[113.5639,75.8917],[113.8572,75.9213],[113.871,75.856],[113.7487,75.7048],[113.5676,75.5684],[113.4859,75.564],[113.5172,75.6219],[113.3916,75.6779],[113.1264,75.6987],[112.6292,75.8354],[112.4661,75.8437],[112.7296,75.7376],[112.9557,75.5719],[113.1615,75.6205],[113.243,75.6114],[113.3563,75.5343],[113.7262,75.4506],[113.6136,75.293],[112.9249,75.015],[112.192,74.8532],[111.8683,74.74],[111.299,74.6584],[110.8928,74.5481],[110.3735,74.4661],[110.2259,74.3787],[109.8403,74.322],[109.9113,74.2613],[109.8103,74.1692],[109.5108,74.0888],[109.075,74.0323],[108.1995,73.6941],[107.7654,73.625],[107.2711,73.621],[106.6794,73.3307],[106.1887,73.308],[105.6771,72.9593],[105.1439,72.7771],[105.7082,72.8367],[106.0667,72.9499],[106.315,73.1064],[106.4779,73.1394],[107.1088,73.1773],[107.7504,73.1731],[108.2854,73.2659],[108.3515,73.3102],[109.0899,73.3784],[109.3311,73.4875],[109.6371,73.454],[109.8553,73.4725],[110.8682,73.7307],[110.7224,73.7799],[110.3883,73.726],[109.7527,73.7226],[109.6656,73.8002],[109.8691,73.9306],[110.2614,74.0174],[111.0563,73.9394],[111.1309,74.0528],[111.5506,74.0285],[111.2281,73.9686],[111.4004,73.8277],[112.1473,73.7089],[112.7954,73.7461],[112.9396,73.8356],[112.8359,73.9621],[113.0328,73.9139],[113.1815,73.8374],[113.4162,73.6476],[113.3645,73.5828],[113.1569,73.4596],[113.277,73.3915],[113.4909,73.3461],[113.4746,73.0479],[113.3693,72.9419],[113.1278,72.8307],[113.1861,72.7302],[113.3122,72.6574],[113.6646,72.6345],[113.7119,72.6542],[113.2981,72.7389],[113.2155,72.8059],[113.4175,72.9322],[113.5428,73.0543],[113.5814,73.1422],[113.5589,73.2326],[113.8862,73.3458],[113.5395,73.4336],[113.5104,73.505],[113.8569,73.5334],[114.0605,73.5847],[114.816,73.6072],[115.3377,73.7026],[116.4955,73.6761],[117.3086,73.5992],[118.4502,73.5898],[118.8709,73.5379],[118.9364,73.4812],[118.457,73.4644],[118.3766,73.3672],[118.4303,73.2465],[118.9604,73.1173],[119.4253,73.064],[119.7504,72.9791],[120.5979,72.9811],[120.9972,72.9367],[121.7479,72.9697],[121.886,72.9609],[122.0298,72.8972],[122.5375,72.8778],[122.752,72.9065],[122.502,72.9707],[122.5268,73.0167],[123.1604,72.9549],[123.3012,73.0018],[123.4616,73.1442],[123.6223,73.1933],[123.3839,73.3473],[123.3227,73.4308],[123.3051,73.5329],[123.4162,73.6369],[123.4911,73.6664],[123.7969,73.6268],[124.019,73.7123],[124.5412,73.7513],[125.6171,73.5206],[125.5985,73.4474],[126.2545,73.5482],[126.3449,73.5063],[126.2574,73.4198],[126.2925,73.3942],[126.5525,73.3349],[126.8385,73.4342],[126.9552,73.5282],[127.0313,73.5475],[127.7403,73.4815],[127.9551,73.4456],[128.0257,73.3908],[128.2814,73.3306],[128.2578,73.2675],[128.587,73.2624],[128.8887,73.1902],[128.8717,73.1394],[128.9134,73.1106],[129.1006,73.1124],[129.0537,73.0454],[128.599,72.8952],[129.0173,72.8725],[129.2291,72.7757],[129.2504,72.7052],[128.8153,72.5859],[128.4183,72.5352],[128.5494,72.4959],[129.1166,72.4857],[129.2813,72.4377],[129.4117,72.3155],[129.4106,72.1663],[129.2835,72.092],[128.935,72.0795],[128.4752,72.2456],[127.8034,72.434],[127.7261,72.4132],[127.8414,72.3083],[128.3588,72.0883],[128.9114,71.7553],[129.1166,71.8246],[129.1542,71.8787],[129.1216,71.9532],[129.2103,71.9169],[129.4608,71.7393],[129.2342,71.7448],[128.949,71.7076],[128.8433,71.6635],[128.9227,71.6018],[129.1343,71.5929],[129.7619,71.1195],[130.026,71.0654],[130.2813,70.9473],[130.5371,70.8925],[130.6685,70.8883],[130.7571,70.9624],[130.8319,70.9359],[130.898,70.8036],[131.0216,70.7461],[131.2683,70.7655],[131.562,70.901],[131.9064,71.2026],[132.0354,71.244],[131.9908,71.2932],[132.0037,71.3502],[132.2276,71.6428],[132.5623,71.8953],[132.6539,71.926],[132.8036,71.7676],[133.1309,71.6067],[133.4262,71.491],[133.6889,71.4342],[134.1028,71.379],[134.7027,71.3868],[134.8139,71.4606],[135.0224,71.515],[135.3594,71.5435],[135.5592,71.6104],[136.0903,71.6196],[137.1158,71.4157],[137.6506,71.2082],[137.9396,71.1334],[137.9917,71.1427],[137.844,71.2268],[138.0127,71.2608],[138.0906,71.3074],[138.3141,71.3255],[137.9184,71.3841],[137.9273,71.4298],[138.0483,71.526],[138.2342,71.5963],[138.5252,71.5627],[138.67,71.6348],[138.7802,71.629],[139.0049,71.5561],[139.2094,71.4448],[139.9842,71.4915],[139.9388,71.5577],[139.6951,71.7004],[139.7229,71.885],[139.3593,71.9514],[139.6402,71.9983],[139.8471,72.1486],[140.1877,72.1913],[139.617,72.2257],[139.4305,72.1635],[139.1764,72.1635],[139.1408,72.3297],[139.6012,72.4961],[140.4506,72.4931],[141.0793,72.5869],[140.9832,72.63],[140.9729,72.717],[140.6523,72.8428],[140.7081,72.89],[140.8082,72.891],[141.3098,72.8577],[141.5184,72.7887],[142.0614,72.7208],[143.5158,72.6982],[145.1993,72.5702],[146.2529,72.4422],[146.2348,72.3497],[144.8975,72.3962],[144.7764,72.3823],[144.5876,72.3055],[144.1692,72.2588],[144.2949,72.1926],[144.4707,72.1748],[145.0392,72.2599],[146.8318,72.2954],[146.807,72.2366],[146.5992,72.1235],[146.1133,71.945],[146.0059,71.9455],[146.2303,72.1375],[146.0515,72.1423],[145.7586,72.2259],[145.7097,72.2063],[145.6641,72.067],[145.7567,72.0207],[145.7567,71.9413],[145.4072,71.8901],[145.064,71.9261],[145.0737,71.8309],[144.9896,71.7534],[145.0756,71.7074],[145.1886,71.6958],[145.8048,71.7465],[146.0732,71.8084],[146.368,71.9221],[146.8947,72.1975],[147.2618,72.3279],[148.4021,72.312],[149.5016,72.1643],[149.7662,72.0913],[149.9631,71.9922],[150.0169,71.8957],[149.8811,71.843],[149.0487,71.7958],[148.9233,71.7146],[149.8571,71.6015],[150.0608,71.5108],[150.5998,71.5201],[150.6678,71.4552],[150.0977,71.2266],[150.9678,71.3805],[151.1453,71.3737],[151.5824,71.287],[152.0928,71.0233],[151.762,70.9825],[152.5088,70.8345],[153.7941,70.88],[154.414,70.9745],[155.0295,71.0342],[155.5959,71.0386],[155.8952,71.0955],[157.4474,71.0745],[158.037,71.0393],[158.7021,70.935],[159.3507,70.7907],[159.7279,70.6497],[159.9118,70.5061],[160.0064,70.3097],[159.9834,70.2214],[159.8314,70.0814],[159.8392,69.99],[159.7294,69.8702],[159.8325,69.785],[160.7395,69.6552],[160.9107,69.6063],[161.0355,69.0982],[161.3099,68.9823],[161.3406,68.9052],[161.129,68.6539],[160.8561,68.5383],[161.1045,68.5625],[161.2302,68.6539],[161.3651,68.823],[161.4953,68.8499],[161.5656,68.9052],[161.5656,69.064],[161.4801,69.2017],[161.4801,69.3001],[161.5369,69.3795],[162.166,69.6116],[163.2014,69.7147],[163.498,69.6933],[163.946,69.7352],[164.1596,69.7193],[164.5133,69.6091],[165.7607,69.5844],[165.9805,69.546],[166.8203,69.4996],[167.6281,69.7403],[167.8568,69.7282],[168.15,69.5774],[168.303,69.2715],[169.3106,69.0795],[169.4146,68.9196],[169.6099,68.786],[170.5376,68.8254],[170.9954,69.0453],[170.9967,69.1347],[170.8838,69.2636],[170.7142,69.3882],[170.5822,69.5834],[170.1609,69.6266],[170.2012,69.6832],[170.3596,69.751],[170.5031,69.8565],[170.5254,69.9379],[170.4868,70.1076],[172.5596,69.9684],[173.2774,69.8238],[173.3533,69.924],[173.4387,69.9468],[173.948,69.8741],[174.7855,69.8557],[175.9215,69.8953],[176.9244,69.646],[177.3945,69.6116],[177.9337,69.4956],[178.8483,69.3872],[178.9069,69.3621],[178.9507,69.2958],[179.2727,69.2597],[180,68.9834],[180,65.0672],[179.8273,65.0342],[179.4482,64.822],[179.15,64.7816],[178.6984,64.6311],[178.5195,64.603],[178.2854,64.6723],[177.7486,64.717],[177.5816,64.7779],[177.1792,65.0141],[176.8809,65.0819],[176.6248,65.0376],[176.4131,65.0712],[176.341,65.0473],[177.0373,64.9997],[177.2229,64.8617],[177.0688,64.7867],[176.8311,64.8492],[176.4295,64.8552],[176.0611,64.9609],[175.7812,64.844],[175.3965,64.7837],[175.0978,64.7769],[174.5488,64.6839],[175.6779,64.7825],[176.0565,64.9047],[176.247,64.843],[176.351,64.7051],[176.1409,64.5858],[176.5076,64.6824],[176.731,64.6249],[176.8429,64.6338],[177.0498,64.7192],[177.3875,64.774],[177.4672,64.7368],[177.4099,64.5728],[177.4329,64.4445],[177.6875,64.3047],[178.0447,64.2196],[178.1306,64.2353],[178.2295,64.3644],[178.3814,64.2609],[178.4771,64.1279],[178.4514,64.0114],[178.6503,63.9653],[178.6925,63.8423],[178.7314,63.6671],[178.4404,63.6056],[178.4661,63.5741],[178.6537,63.5566],[178.7064,63.5215],[178.6787,63.4023],[178.744,63.3948],[178.7867,63.4424],[178.793,63.5403],[178.9186,63.4002],[178.9215,63.345],[179.0281,63.2824],[179.3323,63.1902],[179.3886,63.1472],[179.4051,63.0777],[179.2596,63.0083],[179.3811,62.8837],[179.5109,62.8628],[179.5705,62.7735],[179.5705,62.6875],[179.4772,62.6131],[179.177,62.4692],[179.1207,62.3204],[178.0192,62.547],[177.2926,62.599],[177.3597,62.737],[177.339,62.7813],[177.2587,62.7504],[177.0235,62.7772],[176.9647,62.6586],[177.1896,62.5916],[177.1595,62.561],[176.7025,62.5058],[176.3284,62.346],[175.2679,62.1024],[175.1924,62.0344],[174.7976,61.9389],[174.715,61.9479],[174.5144,61.8236],[174.1389,61.7952],[173.8224,61.6794],[173.6234,61.7161],[173.1318,61.4066],[172.8565,61.4692],[172.8068,61.4361],[172.908,61.3116],[172.7307,61.3144],[172.69,61.2952],[172.697,61.2493],[172.5848,61.1904],[172.3961,61.1674],[172.3624,61.1166],[172.3928,61.0618],[171.918,60.8641],[171.7295,60.8431],[170.9493,60.5229],[170.6082,60.4349],[170.5886,60.3429],[170.5123,60.2595],[170.4234,60.0478],[170.351,59.9655],[170.1541,59.9861],[169.9826,60.0671],[169.8976,60.1479],[169.887,60.2179],[169.6184,60.438],[169.2268,60.5959],[168.7883,60.5638],[168.4628,60.5922],[168.1375,60.5739],[167.2268,60.4063],[166.9641,60.307],[166.4525,59.947],[166.273,59.8563],[166.1865,59.8495],[166.136,59.9793],[166.3521,60.4848],[166.1802,60.4804],[165.942,60.3569],[165.4158,60.2052],[165.2853,60.1349],[165.0846,60.0986],[165.0736,59.9456],[165.0189,59.8607],[164.9537,59.8436],[164.7794,59.8742],[164.6697,59.9975],[164.5253,60.0613],[164.3769,60.0581],[164.1133,59.8976],[164.1351,59.9844],[163.9129,60.0371],[163.7438,60.028],[163.41,59.835],[163.3648,59.7814],[163.269,59.52],[163.2729,59.3026],[163.0849,59.1314],[163.0102,59.1483],[162.94,59.1143],[163.0043,59.0202],[162.9698,58.9865],[162.453,58.7086],[162.1416,58.4474],[161.9601,58.0769],[162.0396,57.9183],[162.1975,57.8292],[162.4114,57.7784],[162.3914,57.7172],[162.467,57.7662],[162.522,57.9041],[162.6543,57.9482],[163.145,57.8373],[163.2258,57.7904],[163.1879,57.6374],[162.7793,57.3576],[162.7615,57.2439],[162.8081,57.1028],[162.8026,56.8115],[162.9221,56.7227],[163.0464,56.7413],[163.2565,56.688],[163.2433,56.5646],[163.3355,56.2325],[163.0474,56.0447],[162.8403,56.0656],[162.6281,56.2323],[162.7132,56.3309],[162.8933,56.3995],[163.0384,56.5219],[162.8776,56.4764],[162.6715,56.4901],[162.4887,56.3991],[162.5282,56.2607],[162.085,56.0896],[161.7756,55.6548],[161.7239,55.4961],[161.7294,55.358],[161.785,55.2053],[162.0803,54.8861],[162.1056,54.7521],[161.7257,54.533],[161.6248,54.5163],[161.294,54.5206],[161.1299,54.5982],[160.7727,54.5414],[160.0744,54.1892],[159.9218,54.0084],[159.8438,53.7836],[159.8709,53.6727],[159.9559,53.5522],[159.8991,53.4477],[159.8977,53.3808],[160.0021,53.2749],[160.0251,53.1296],[159.9475,53.1251],[159.7716,53.2297],[159.5859,53.2377],[158.9521,53.0476],[158.7454,52.9089],[158.5646,53.05],[158.4721,53.0324],[158.4323,52.9574],[158.5602,52.9222],[158.6088,52.8736],[158.4808,52.6267],[158.4932,52.3832],[158.3316,52.0909],[158.1035,51.8096],[157.8232,51.6053],[157.531,51.4799],[157.4898,51.4089],[157.2022,51.2127],[156.7478,50.9693],[156.6708,51.2269],[156.5435,51.3116],[156.5212,51.3803],[156.4898,51.913],[156.3647,52.5094],[156.2286,52.6263],[156.1104,52.8662],[155.9502,53.7443],[155.7064,54.5215],[155.5639,55.1991],[155.5549,55.3485],[155.7166,56.0722],[155.9825,56.6952],[156.0675,56.7816],[156.7284,57.1522],[156.8488,57.2902],[156.9768,57.4663],[156.9482,57.6158],[156.7916,57.7479],[156.8299,57.7796],[156.9857,57.8302],[157.2168,57.7768],[157.4504,57.7993],[157.6664,58.0198],[157.9746,57.9859],[158.2104,58.0253],[158.2752,58.009],[158.3211,58.0834],[158.4494,58.1628],[159.2106,58.5194],[159.5915,58.8037],[159.8474,59.1271],[160.3504,59.394],[160.5475,59.5474],[160.8553,59.6269],[161.2189,59.8456],[161.4493,60.0273],[161.7535,60.1523],[162.0682,60.4664],[162.7132,60.6595],[162.9731,60.7829],[163.3523,60.8004],[163.71,60.9168],[163.5535,61.0256],[163.6196,61.1113],[163.8934,61.2405],[164.0055,61.3438],[163.9728,61.4199],[163.8044,61.4614],[163.8827,61.6401],[164.0195,61.7107],[164.068,61.8739],[164.0742,62.045],[164.2072,62.2922],[164.5983,62.4706],[165.1241,62.4115],[165.2081,62.374],[165.2139,62.4482],[165.4174,62.4471],[165.3966,62.4939],[165.044,62.517],[164.7924,62.5711],[164.567,62.6755],[164.4184,62.7046],[163.3317,62.5509],[163.2442,62.4554],[163.3021,62.373],[163.1635,62.2596],[163.1185,62.1529],[163.1311,62.0499],[163.0177,61.8911],[163.0093,61.7915],[163.2578,61.6995],[163.0853,61.5706],[162.9939,61.5442],[162.9217,61.5977],[162.856,61.705],[162.7523,61.7113],[162.699,61.6526],[162.3926,61.6621],[161.0371,60.9629],[160.7666,60.7533],[160.482,60.7398],[160.1736,60.6384],[160.2258,60.8315],[160.3789,61.0255],[160.1843,61.0477],[160.004,61.0074],[159.8831,60.9434],[159.7904,60.9566],[159.9492,61.1286],[159.8831,61.2918],[160.2469,61.6476],[160.3174,61.7934],[160.3094,61.8944],[160.1825,61.9028],[159.5523,61.7195],[159.295,61.9142],[159.1893,61.9294],[158.5472,61.8109],[158.3337,61.8257],[158.0701,61.7536],[157.7993,61.7953],[157.4693,61.7989],[157.0842,61.6757],[156.6803,61.4806],[156.6297,61.2725],[156.056,60.9956],[155.8533,60.7771],[155.7161,60.6824],[154.9708,60.3767],[154.5782,60.095],[154.4407,59.8838],[154.2931,59.8334],[154.2688,59.6584],[154.1498,59.5285],[154.2722,59.4751],[154.5825,59.5401],[154.9713,59.4496],[155.1667,59.3602],[155.1604,59.1901],[154.8237,59.1875],[154.7035,59.1413],[154.458,59.2166],[154.2467,59.1086],[154.0109,59.0755],[153.6952,59.2248],[153.3611,59.2148],[153.2729,59.0913],[153.0777,59.0819],[152.8822,58.9391],[152.8179,58.9263],[152.5756,58.9541],[152.3196,59.0308],[152.1652,58.997],[152.0879,58.9104],[151.7046,58.8667],[151.3268,58.8751],[151.1211,59.0825],[151.505,59.164],[151.99,59.1601],[152.2606,59.2236],[152.1695,59.2779],[151.9424,59.2841],[151.798,59.3232],[151.4857,59.5241],[151.3482,59.5611],[151.0336,59.5856],[150.8234,59.4607],[150.6152,59.5065],[150.4836,59.4944],[150.6673,59.5563],[149.6426,59.7704],[149.4245,59.761],[149.0652,59.6305],[149.205,59.4882],[148.925,59.475],[148.7971,59.5323],[148.7089,59.4485],[148.7441,59.3735],[148.8896,59.4],[148.9646,59.3691],[148.9141,59.2827],[148.7267,59.2579],[148.4912,59.2623],[148.2574,59.4142],[147.8746,59.388],[147.6879,59.2907],[147.5145,59.2686],[147.04,59.3657],[146.8037,59.3729],[146.5372,59.457],[146.4443,59.4305],[146.2734,59.2215],[146.0495,59.1706],[145.9316,59.1984],[145.8291,59.3303],[145.7564,59.3737],[145.5546,59.4135],[144.4834,59.3763],[143.8688,59.4114],[143.5238,59.3437],[143.1922,59.3701],[142.5803,59.2401],[142.0254,58.9997],[141.7547,58.7453],[141.6029,58.649],[141.3471,58.5281],[140.9877,58.4168],[140.7902,58.3035],[140.685,58.2122],[140.4469,57.8137],[140.0023,57.6875],[139.8615,57.5493],[139.6192,57.4557],[139.5066,57.3583],[139.1816,57.2615],[138.9657,57.0881],[138.6621,56.9655],[138.2178,56.629],[138.0738,56.4331],[137.6915,56.1394],[137.5729,56.1121],[137.3841,55.9748],[136.7936,55.6942],[136.4603,55.5767],[136.1752,55.3522],[135.7508,55.1606],[135.5406,55.1138],[135.2625,54.9433],[135.2115,54.8408],[135.2577,54.7315],[135.8516,54.5839],[136.7973,54.621],[136.8204,54.4523],[136.7704,54.3533],[136.683,53.9313],[136.7188,53.8041],[136.8026,53.782],[136.8864,53.8394],[137.1554,53.8217],[137.258,54.0252],[137.0962,54.1286],[137.1416,54.1822],[137.3777,54.2823],[137.666,54.2833],[137.5132,54.1564],[137.3393,54.1005],[137.6228,53.9705],[137.8348,53.9467],[137.7861,53.9033],[137.6448,53.8658],[137.517,53.7071],[137.2215,53.5792],[137.2537,53.5461],[137.7382,53.5603],[137.9505,53.6036],[138.2529,53.7264],[138.3789,53.9093],[138.5279,53.9599],[138.5682,53.9472],[138.5691,53.8188],[138.2922,53.5924],[138.2497,53.524],[138.4507,53.537],[138.6607,53.7448],[138.6994,53.8697],[138.7159,54.2227],[138.6572,54.2983],[138.6957,54.32],[139.3197,54.193],[139.7074,54.2771],[140.1787,54.0516],[140.2417,54.001],[140.3471,53.8126],[140.6876,53.5964],[141.0057,53.4946],[141.015,53.4542],[141.2177,53.3345],[141.3737,53.2928],[141.4021,53.184],[141.3279,53.0973],[141.1813,53.0153],[140.8396,53.0879],[141.0868,52.8976],[141.2559,52.8401],[141.245,52.5501],[141.1324,52.4357],[141.1698,52.3684],[141.4853,52.1785],[141.3855,52.0572],[141.3669,51.9207],[141.2584,51.8607],[141.1294,51.7278],[140.9326,51.6199],[140.8386,51.4142],[140.6877,51.2323],[140.6707,51.0513],[140.5209,50.8002],[140.4764,50.546],[140.5354,50.1308],[140.6245,50.0824],[140.4627,49.9115],[140.4646,49.8256],[140.5113,49.7617],[140.5172,49.5961],[140.309,49.0539],[140.3783,48.9641],[140.2242,48.7729],[140.1706,48.5237],[140.1133,48.4227],[139.3727,47.8874],[139.0014,47.3833],[138.5868,47.0572],[138.3918,46.7451],[138.3369,46.5434],[138.2102,46.4629],[138.1063,46.2507],[137.6854,45.8184],[137.4252,45.64],[137.147,45.3935],[136.8035,45.1711],[136.4604,44.8221],[136.2512,44.6668],[136.1423,44.4891],[135.8746,44.3735],[135.5332,43.9715],[135.4834,43.835],[135.2602,43.6846],[135.1311,43.5257],[134.0104,42.9475],[133.7094,42.8299],[133.5867,42.8282],[133.16,42.697],[133.0594,42.7228],[132.9966,42.808],[132.8636,42.7938],[132.709,42.8758],[132.5765,42.8716],[132.4813,42.9098],[132.3038,42.8833],[132.3344,43.2387],[132.3096,43.3135],[132.0287,43.1189],[131.8666,43.0952],[131.8983,43.1708],[132.0131,43.28],[131.939,43.302],[131.7221,43.2026],[131.5164,42.9964],[131.3933,42.8223],[131.2925,42.7721],[131.1583,42.626],[130.7562,42.6733],[130.7094,42.6564],[130.8342,42.5229],[130.7299,42.3258],[130.6873,42.3025]]]}},{"type":"Feature","properties":{"ISO_A2":"RO","NAME":"Romania","CONTINENT":"Europe","REGION":"Europe"},"geometry":{"type":"Polygon","coordinates":[[[28.2125,45.4504],[28.3177,45.3471],[28.4513,45.2922],[28.7607,45.2341],[28.7883,45.241],[28.7817,45.3099],[28.8943,45.2899],[29.2235,45.4029],[29.4037,45.4197],[29.5677,45.3708],[29.7059,45.2599],[29.6354,44.9796],[29.5575,44.8434],[29.0482,44.7576],[29.0811,44.7988],[29.0478,44.9257],[29.0953,44.975],[28.9807,44.9929],[28.8915,44.9187],[28.9262,44.81],[28.849,44.7163],[28.807,44.565],[28.8882,44.5748],[28.6454,44.2957],[28.6586,43.9838],[28.5854,43.7422],[28.222,43.7729],[28.05,43.8224],[27.8843,43.9874],[27.7386,43.9563],[27.6709,43.9978],[27.4254,44.0205],[27.0869,44.1674],[26.4893,44.084],[26.2158,44.0073],[25.9334,43.8706],[25.8188,43.7668],[25.4971,43.6708],[25.1597,43.6863],[24.4306,43.7944],[24.2268,43.7635],[23.2246,43.8739],[22.919,43.8345],[22.8677,43.8646],[22.8683,43.9479],[23.0244,44.0472],[23.0285,44.078],[22.6879,44.2483],[22.6833,44.2865],[22.5307,44.378],[22.4945,44.4354],[22.554,44.5403],[22.7008,44.5555],[22.7344,44.5699],[22.7209,44.6055],[22.4977,44.7063],[22.3507,44.6761],[22.201,44.5607],[22.0931,44.5419],[22.027,44.6199],[21.9093,44.6661],[21.6361,44.7104],[21.5231,44.7901],[21.3601,44.8267],[21.3579,44.8618],[21.5323,44.9007],[21.357,44.9908],[21.4207,45.033],[21.4902,45.1479],[21.4314,45.1925],[21.0238,45.3215],[20.794,45.4679],[20.775,45.7498],[20.7278,45.7374],[20.5812,45.8695],[20.3586,45.9755],[20.2418,46.1086],[20.5081,46.1669],[20.6137,46.1335],[20.7074,46.1728],[20.7603,46.2462],[21.0398,46.2422],[21.1217,46.2824],[21.1918,46.3916],[21.2646,46.4123],[21.2522,46.4864],[21.3202,46.6078],[21.4971,46.7043],[21.4944,46.7897],[21.6526,46.9638],[21.6614,47.0439],[21.7854,47.1381],[21.8693,47.3046],[21.9953,47.3957],[21.9997,47.505],[22.2906,47.7278],[22.4914,47.7726],[22.6084,47.7663],[22.8767,47.9473],[23.0548,48.0065],[23.1395,48.0874],[23.4082,47.99],[23.669,47.9923],[24.1777,47.9061],[24.4841,47.9471],[24.5789,47.9311],[24.8934,47.7178],[25.0738,47.7457],[25.1696,47.8231],[25.4643,47.9108],[26.1627,47.9925],[26.277,48.1132],[26.3057,48.2038],[26.7138,48.2635],[26.901,48.2111],[26.9808,48.155],[27.1521,47.9593],[27.3369,47.6397],[27.4648,47.5367],[27.6141,47.3405],[27.768,47.2276],[27.8538,47.1145],[28.0718,46.9784],[28.2395,46.6408],[28.2227,46.5081],[28.2443,46.4513],[28.1191,46.1387],[28.0997,45.9726],[28.1598,45.6471],[28.0747,45.599],[28.2125,45.4504]]]}},{"type":"Feature","properties":{"ISO_A2":"QA","NAME":"Qatar","CONTINENT":"Asia","REGION":"Asia"},"geometry":{"type":"Polygon","coordinates":[[[51.268,24.6072],[51.0934,24.5646],[50.966,24.5739],[50.8557,24.6796],[50.8044,24.7893],[50.8468,24.8886],[50.7546,25.3993],[50.8687,25.6127],[51.0031,25.9814],[51.1081,26.0806],[51.2623,26.1533],[51.3891,26.0111],[51.5431,25.9024],[51.5723,25.781],[51.4854,25.5247],[51.6089,25.0529],[51.4279,24.6683],[51.268,24.6072]]]}},{"type":"Feature","properties":{"ISO_A2":"PT","NAME":"Portugal","CONTINENT":"Europe","REGION":"Europe"},"geometry":{"type":"Polygon","coordinates":[[[-8.7771,41.9411],[-8.5896,42.0527],[-8.2661,42.1374],[-8.2131,42.1337],[-8.13,42.0182],[-8.2248,41.8959],[-8.1525,41.812],[-7.9208,41.8836],[-7.6931,41.8885],[-7.4036,41.8337],[-7.2096,41.8953],[-7.1954,41.9552],[-7.1471,41.9812],[-7.0305,41.9506],[-6.6183,41.9424],[-6.5575,41.8741],[-6.5422,41.6725],[-6.3081,41.6422],[-6.2431,41.6018],[-6.2125,41.532],[-6.4031,41.3754],[-6.6901,41.2145],[-6.7758,41.1077],[-6.9285,41.0091],[-6.8359,40.7775],[-6.8184,40.6541],[-6.8521,40.4433],[-6.8102,40.3431],[-7.0147,40.2084],[-7.0326,40.1679],[-6.8961,40.0218],[-6.9754,39.7984],[-7.0367,39.714],[-7.1177,39.6817],[-7.5357,39.6616],[-7.4451,39.5362],[-7.3354,39.4651],[-7.3058,39.3381],[-7.1724,39.1352],[-7.043,39.1071],[-6.9979,39.0564],[-7.046,38.907],[-7.2815,38.7146],[-7.343,38.4574],[-7.1064,38.181],[-6.9748,38.1944],[-6.9811,38.122],[-7.0229,38.0447],[-7.1854,38.0063],[-7.4439,37.7283],[-7.5035,37.5855],[-7.4062,37.1794],[-7.4936,37.1683],[-7.8341,37.0057],[-7.9397,37.0054],[-8.1368,37.0771],[-8.5977,37.1213],[-8.7391,37.0746],[-8.8484,37.0757],[-8.9354,37.016],[-8.9978,37.0323],[-8.8142,37.4308],[-8.7918,37.7328],[-8.8227,37.8719],[-8.879,37.9587],[-8.8022,38.1838],[-8.8109,38.2998],[-8.8811,38.4467],[-8.6683,38.4243],[-8.7989,38.5182],[-9.2133,38.4481],[-9.2034,38.539],[-9.2504,38.6567],[-9.0933,38.6967],[-9.0215,38.7469],[-8.9771,38.8029],[-9.0005,38.903],[-8.9381,38.9981],[-8.7916,39.0782],[-8.9543,39.0161],[-9.1358,38.7428],[-9.3567,38.6979],[-9.4741,38.7309],[-9.4144,39.1121],[-9.3528,39.2481],[-9.3748,39.3383],[-9.1483,39.5426],[-8.8378,40.1157],[-8.8866,40.1794],[-8.8727,40.2591],[-8.7724,40.6057],[-8.6846,40.7525],[-8.6598,41.0863],[-8.8057,41.56],[-8.8108,41.652],[-8.7554,41.6984],[-8.8464,41.7052],[-8.8876,41.7646],[-8.8782,41.8321],[-8.7771,41.9411]]]}},{"type":"Feature","properties":{"ISO_A2":"PL","NAME":"Poland","CONTINENT":"Europe","REGION":"Europe"},"geometry":{"type":"Polygon","coordinates":[[[23.6053,51.5179],[23.6797,51.3949],[23.6645,51.3101],[23.8635,51.1262],[23.9857,50.9404],[24.0958,50.8728],[24.1058,50.845],[23.9784,50.7856],[24.0463,50.7228],[24.0947,50.617],[24.0899,50.5305],[23.9727,50.4101],[23.7117,50.3773],[23.0363,49.8991],[22.7062,49.6062],[22.6494,49.539],[22.7324,49.2952],[22.7057,49.1712],[22.8471,49.0813],[22.8098,49.0208],[22.0201,49.2095],[21.9677,49.2991],[21.8901,49.3435],[21.6396,49.412],[21.0794,49.4183],[21.0012,49.3398],[20.8685,49.3147],[20.6161,49.3917],[20.363,49.3853],[20.1637,49.3164],[20.0576,49.1813],[19.9161,49.2214],[19.7566,49.2044],[19.788,49.27],[19.7739,49.3722],[19.6303,49.4066],[19.4416,49.5977],[19.2502,49.5114],[19.1494,49.4],[18.9684,49.3962],[18.9382,49.4983],[18.8322,49.5108],[18.8069,49.6137],[18.5946,49.7578],[18.5624,49.8793],[18.3484,49.9298],[18.3053,49.9141],[18.0283,50.0353],[17.9838,49.9991],[17.8313,49.9833],[17.6271,50.1164],[17.5963,50.1395],[17.7354,50.2308],[17.7201,50.2986],[17.4152,50.2548],[17.152,50.3783],[16.8801,50.4271],[16.9896,50.2369],[16.6392,50.1021],[16.3342,50.3669],[16.2104,50.4237],[16.3566,50.5005],[16.4197,50.5736],[16.2822,50.6556],[16.0072,50.6116],[15.9485,50.6703],[15.7306,50.7397],[15.3544,50.8118],[15.2771,50.883],[15.2586,50.9585],[14.9938,51.0144],[14.9829,50.8866],[14.8094,50.859],[14.9639,51.0951],[15.0166,51.2527],[14.906,51.4633],[14.7247,51.5239],[14.7249,51.6617],[14.6017,51.8324],[14.6749,51.9048],[14.7481,52.0708],[14.7046,52.1102],[14.6799,52.25],[14.6156,52.2776],[14.5546,52.3597],[14.6194,52.5285],[14.5141,52.6456],[14.1286,52.8782],[14.1389,52.9329],[14.3686,53.1056],[14.4109,53.199],[14.4146,53.2835],[14.2589,53.7296],[14.5835,53.6394],[14.5521,53.7073],[14.5584,53.8232],[14.2137,53.8708],[14.1982,53.919],[14.2114,53.9503],[14.3842,53.9247],[15.2884,54.1399],[16.1863,54.2904],[16.5598,54.5538],[16.8854,54.5964],[17.2619,54.7295],[18.0856,54.8358],[18.3234,54.8382],[18.7593,54.6846],[18.7996,54.6334],[18.4362,54.7447],[18.6696,54.4309],[18.9763,54.3489],[19.4071,54.3861],[19.6044,54.4592],[22.1685,54.3599],[22.7318,54.3501],[22.8237,54.3958],[22.8939,54.3905],[23.4536,54.1435],[23.4776,53.9589],[23.5989,53.5992],[23.7893,53.2709],[23.8871,53.0275],[23.9163,52.8188],[23.9013,52.7036],[23.4109,52.5162],[23.1751,52.2866],[23.5979,52.1031],[23.6524,52.0404],[23.6074,51.8798],[23.6257,51.8093],[23.5448,51.7103],[23.5396,51.6189],[23.6053,51.5179]]]}},{"type":"Feature","properties":{"ISO_A2":"PH","NAME":"Philippines","CONTINENT":"Asia","REGION":"Asia"},"geometry":{"type":"MultiPolygon","coordinates":[[[[121.1016,18.6153],[121.2545,18.5634],[121.593,18.3765],[121.8456,18.2954],[121.9476,18.2852],[122.0385,18.3279],[122.1467,18.4866],[122.2212,18.5006],[122.2655,18.4588],[122.315,18.3203],[122.2938,18.2343],[122.1795,18.0643],[122.1523,17.6644],[122.2368,17.4349],[122.3875,17.3068],[122.4075,17.1781],[122.5191,17.1249],[122.4258,16.8227],[122.2259,16.4352],[122.1352,16.1848],[121.9747,16.1579],[121.7887,16.0774],[121.5953,15.9333],[121.5609,15.8268],[121.607,15.6698],[121.3923,15.3244],[121.3989,15.2666],[121.6954,14.7373],[121.6266,14.6817],[121.6279,14.5812],[121.7666,14.1681],[121.9117,14.0204],[122.0796,13.9471],[122.2117,13.9302],[122.2284,13.9795],[122.2875,13.9962],[122.1997,14.148],[122.4908,14.3224],[122.6271,14.3175],[122.8561,14.2508],[122.9342,14.1881],[123.071,13.96],[123.06,13.7888],[123.102,13.7502],[123.2314,13.7474],[123.297,13.8364],[123.3054,13.9366],[123.2593,13.9754],[123.3203,14.0617],[123.4323,13.9663],[123.8157,13.8371],[123.8576,13.7996],[123.8063,13.7217],[123.6071,13.7044],[123.5496,13.6458],[123.6081,13.5281],[123.8192,13.2695],[123.7852,13.1105],[123.8728,13.117],[124.0691,13.0319],[124.1428,13.0358],[124.1373,12.7912],[124.0598,12.5671],[123.9617,12.595],[123.8778,12.6897],[123.9485,12.9164],[123.918,12.9399],[123.736,12.8969],[123.6268,12.9118],[123.4023,13.0331],[123.3109,13.0441],[123.2955,13.2156],[123.1633,13.4417],[122.8635,13.6172],[122.7813,13.7371],[122.5952,13.9076],[122.4863,13.93],[122.468,13.8867],[122.508,13.6568],[122.5962,13.562],[122.6679,13.3954],[122.6751,13.2532],[122.5999,13.1941],[122.5152,13.26],[122.4979,13.3635],[122.3766,13.5206],[122.0728,13.7884],[121.7779,13.9376],[121.6917,13.9346],[121.5011,13.8422],[121.4508,13.7908],[121.4463,13.7119],[121.3441,13.6491],[121.2035,13.6403],[121.0955,13.6795],[121.0062,13.7581],[120.9323,13.7619],[120.8407,13.8847],[120.7291,13.9005],[120.6371,13.8045],[120.6168,14.188],[120.6883,14.2912],[120.9221,14.4931],[120.9516,14.558],[120.9413,14.6451],[120.8881,14.7158],[120.7079,14.7766],[120.5837,14.8813],[120.5468,14.7661],[120.5887,14.4831],[120.5557,14.4414],[120.4388,14.4534],[120.3961,14.4933],[120.3652,14.6083],[120.2839,14.6844],[120.2508,14.7933],[120.138,14.8004],[120.0821,14.8511],[120.0366,15.1146],[119.9328,15.4309],[119.8916,15.8377],[119.7689,16.0084],[119.7726,16.2551],[119.8308,16.3266],[120.0334,16.1846],[120.1598,16.0477],[120.337,16.0665],[120.3688,16.1096],[120.3893,16.2216],[120.325,16.4003],[120.3044,16.6455],[120.3212,16.7619],[120.4089,16.9556],[120.4271,17.3769],[120.3584,17.6382],[120.5845,18.3688],[120.5997,18.5079],[120.8138,18.6034],[120.925,18.5851],[121.1016,18.6153]]],[[[117.3111,8.4396],[117.2186,8.3673],[117.2559,8.541],[117.3499,8.7136],[117.8848,9.2407],[118.0238,9.2698],[118.1148,9.3467],[119.0238,10.3536],[119.2238,10.4773],[119.287,10.574],[119.3127,10.6871],[119.2611,10.8452],[119.3057,10.9736],[119.5013,11.3464],[119.5533,11.3135],[119.5326,11.1016],[119.5619,11.0455],[119.5267,10.9532],[119.6869,10.5003],[119.5952,10.4074],[119.3693,10.3273],[119.2848,10.2517],[119.1915,10.0611],[118.7821,9.9161],[118.755,9.8621],[118.7738,9.7668],[118.5696,9.4228],[118.435,9.256],[118.1341,9.1014],[117.9896,8.8771],[117.7798,8.7286],[117.5722,8.642],[117.5166,8.5383],[117.3111,8.4396]]],[[[122.4962,11.6151],[122.6127,11.5642],[122.7263,11.6079],[122.8381,11.5957],[122.9313,11.5293],[122.8945,11.4413],[123.1027,11.5415],[123.1583,11.5355],[123.1195,11.2868],[123.0165,11.1165],[122.8029,10.99],[122.7699,10.8238],[122.6731,10.8009],[122.5221,10.6919],[122.1977,10.6229],[121.954,10.4444],[121.9338,10.4937],[121.9801,10.6386],[121.9503,10.7574],[121.9644,10.8717],[122.0509,11.0974],[122.1035,11.6429],[122.067,11.7237],[121.8912,11.7909],[121.916,11.8543],[121.9637,11.8974],[122.0292,11.8954],[122.2907,11.772],[122.4962,11.6151]]],[[[123.1309,9.0641],[122.9947,9.0588],[122.9479,9.108],[122.8666,9.3198],[122.5625,9.4828],[122.4109,9.6939],[122.3995,9.823],[122.4715,9.9615],[122.713,9.9901],[122.8556,10.0869],[122.8665,10.284],[122.817,10.5038],[122.9584,10.6983],[122.9833,10.8866],[123.2566,10.9939],[123.5106,10.923],[123.5676,10.7808],[123.4929,10.5823],[123.3436,10.3254],[123.2961,10.1245],[123.162,9.8643],[123.1498,9.6062],[123.3084,9.357],[123.3205,9.2729],[123.2287,9.1214],[123.1309,9.0641]]],[[[125.2396,12.5279],[125.3104,12.4463],[125.3202,12.3218],[125.4813,12.252],[125.5356,12.1914],[125.5033,12.1358],[125.5134,12.0546],[125.4565,11.9525],[125.4918,11.5943],[125.609,11.323],[125.5735,11.2382],[125.6273,11.2339],[125.704,11.1648],[125.7356,11.0496],[125.6281,11.132],[125.4318,11.1126],[125.2334,11.1451],[125.1559,11.267],[125.0343,11.3413],[124.917,11.5584],[124.9789,11.6385],[124.995,11.7649],[124.8843,11.7755],[124.6768,12.0209],[124.5291,12.0792],[124.4457,12.1528],[124.3258,12.4038],[124.2947,12.5693],[124.5658,12.5262],[125.1502,12.5726],[125.2396,12.5279]]],[[[126.006,9.3209],[126.0876,9.2607],[126.1934,9.2767],[126.192,9.1249],[126.3046,8.9521],[126.3195,8.8447],[126.1396,8.5957],[126.3653,8.4839],[126.3798,8.3268],[126.4587,8.2028],[126.4354,7.8328],[126.5701,7.6772],[126.5815,7.2478],[126.4391,7.0124],[126.294,6.8823],[126.2169,6.891],[126.1921,6.8525],[126.2402,6.7339],[126.1894,6.3097],[126.1098,6.4896],[126.0431,6.8432],[125.8244,7.3333],[125.6893,7.263],[125.6407,7.1051],[125.5422,7.0166],[125.401,6.7958],[125.3807,6.6899],[125.5885,6.4658],[125.6707,6.225],[125.668,5.9787],[125.4559,5.6643],[125.3465,5.599],[125.2879,5.6323],[125.241,5.7569],[125.2685,6.0332],[125.2315,6.0695],[125.174,6.047],[125.0354,5.8707],[124.9273,5.8753],[124.6363,5.9982],[124.2128,6.2333],[124.0781,6.4044],[123.9853,6.9937],[124.0451,7.1141],[124.1907,7.2673],[124.2066,7.3964],[123.9685,7.6646],[123.7647,7.7426],[123.6658,7.8178],[123.5532,7.8321],[123.4931,7.8079],[123.3909,7.4075],[123.1782,7.5294],[123.0967,7.7004],[122.9896,7.5463],[122.843,7.5293],[122.7918,7.7225],[122.714,7.7741],[122.6162,7.7631],[122.4744,7.639],[122.1425,6.9497],[122.0981,6.9137],[121.9643,6.9682],[121.9042,7.0752],[121.9246,7.1995],[122.0472,7.3636],[122.1318,7.8105],[122.2434,7.9451],[122.3867,8.0459],[122.6729,8.1331],[122.9111,8.1564],[122.9963,8.2205],[122.9988,8.3561],[123.0506,8.4339],[123.1472,8.516],[123.3412,8.5704],[123.4346,8.7033],[123.6801,8.6206],[123.7834,8.5477],[123.8492,8.4327],[123.8774,8.1888],[123.7531,8.0583],[123.7994,8.0491],[124.1977,8.2295],[124.3252,8.5084],[124.4049,8.5999],[124.4513,8.6063],[124.6218,8.5227],[124.7312,8.563],[124.7868,8.8741],[124.8689,8.9723],[125.141,8.8688],[125.2097,9.0271],[125.3756,8.9918],[125.4987,9.0147],[125.5334,9.1409],[125.414,9.6692],[125.4713,9.7568],[125.5209,9.7591],[125.8767,9.5131],[126.006,9.3209]]]]}},{"type":"Feature","properties":{"ISO_A2":"PE","NAME":"Peru","CONTINENT":"South America","REGION":"Americas"},"geometry":{"type":"Polygon","coordinates":[[[-69.9659,-4.2359],[-69.972,-4.3012],[-70.0533,-4.3331],[-70.1288,-4.2866],[-70.2392,-4.3012],[-70.4046,-4.1501],[-70.7995,-4.1733],[-70.9737,-4.3505],[-71.5213,-4.4697],[-71.8447,-4.5044],[-72.3528,-4.786],[-72.6987,-5.0672],[-72.8871,-5.1228],[-72.9799,-5.6349],[-73.2355,-6.0984],[-73.1354,-6.3443],[-73.1374,-6.4658],[-73.2403,-6.5641],[-73.3255,-6.5747],[-73.4999,-6.6795],[-73.7581,-6.9058],[-73.8046,-7.0799],[-73.7204,-7.3093],[-73.9643,-7.3789],[-73.9585,-7.5066],[-74.0021,-7.5561],[-73.8221,-7.739],[-73.7204,-7.7825],[-73.7146,-7.829],[-73.7756,-7.9364],[-73.6449,-8.0729],[-73.5491,-8.3458],[-73.3604,-8.4793],[-73.3567,-8.567],[-73.3024,-8.654],[-73.2031,-8.7193],[-72.974,-8.9932],[-72.9704,-9.1201],[-73.2094,-9.4114],[-72.8143,-9.4104],[-72.3791,-9.5102],[-72.3181,-9.5566],[-72.26,-9.7743],[-72.1729,-9.844],[-72.1816,-10.0037],[-71.608,-10.0061],[-71.2379,-9.966],[-70.6369,-9.4782],[-70.5411,-9.4375],[-70.5922,-9.5435],[-70.5672,-9.7046],[-70.6369,-9.8237],[-70.6423,-11.0103],[-70.5333,-10.9469],[-70.3923,-11.0586],[-70.2904,-11.0643],[-69.9604,-10.9299],[-69.5786,-10.9518],[-68.6853,-12.502],[-68.7629,-12.6077],[-68.7591,-12.6872],[-68.8677,-12.7552],[-68.9786,-12.8801],[-68.9834,-13.4964],[-69.0741,-13.6828],[-68.9743,-13.976],[-68.8709,-14.1697],[-69.0045,-14.265],[-69.0131,-14.3772],[-69.2349,-14.5971],[-69.276,-14.7459],[-69.3595,-14.7953],[-69.3747,-14.963],[-69.1725,-15.2366],[-69.3019,-15.3994],[-69.4209,-15.6406],[-69.2176,-16.1491],[-69.1342,-16.222],[-68.9135,-16.2619],[-68.8428,-16.3379],[-69.0329,-16.476],[-69.0207,-16.6422],[-69.1998,-16.7685],[-69.4383,-17.0884],[-69.6249,-17.2002],[-69.6457,-17.2485],[-69.5219,-17.389],[-69.5111,-17.5049],[-69.6848,-17.6498],[-69.8061,-17.6649],[-69.8521,-17.7038],[-69.8026,-17.9902],[-69.9264,-18.2061],[-70.1838,-18.3252],[-70.4183,-18.3456],[-70.9417,-17.932],[-71.337,-17.6825],[-71.3994,-17.422],[-71.5322,-17.2943],[-71.7745,-17.1988],[-72.1113,-17.0025],[-72.4677,-16.7081],[-72.7939,-16.6146],[-73.4,-16.3043],[-73.7277,-16.2017],[-74.1471,-15.9125],[-74.3729,-15.834],[-74.5549,-15.699],[-75.1042,-15.4119],[-75.5336,-14.8992],[-75.9339,-14.6336],[-76.1751,-14.2267],[-76.289,-14.1331],[-76.297,-13.9484],[-76.3765,-13.8631],[-76.2592,-13.8028],[-76.1839,-13.5152],[-76.2236,-13.3712],[-76.5021,-12.9844],[-76.5552,-12.8234],[-76.758,-12.5271],[-76.8321,-12.3487],[-76.9941,-12.2192],[-77.0627,-12.1068],[-77.1527,-12.0604],[-77.2203,-11.6634],[-77.3099,-11.5324],[-77.6332,-11.2878],[-77.6643,-11.0221],[-77.7361,-10.8367],[-78.1856,-10.0891],[-78.4457,-9.3706],[-78.6646,-8.9711],[-78.7546,-8.7404],[-78.7623,-8.617],[-78.9254,-8.4046],[-79.0123,-8.2102],[-79.3772,-7.8355],[-79.5889,-7.4189],[-79.6177,-7.2956],[-79.995,-6.7689],[-80.1103,-6.6496],[-80.8116,-6.2822],[-81.142,-6.0567],[-81.1805,-5.9424],[-81.1643,-5.8753],[-81.0918,-5.8124],[-80.9917,-5.8609],[-80.9307,-5.8408],[-80.8827,-5.759],[-80.8819,-5.6351],[-80.9431,-5.4754],[-81.1677,-5.1671],[-81.1085,-5.0278],[-81.3366,-4.6695],[-81.2832,-4.3223],[-81.232,-4.2343],[-80.8919,-3.8816],[-80.7986,-3.7311],[-80.3247,-3.3879],[-80.2735,-3.4246],[-80.2206,-3.6132],[-80.2289,-3.7389],[-80.1792,-3.8777],[-80.3033,-4.0051],[-80.4372,-3.9786],[-80.4901,-4.0101],[-80.51,-4.0695],[-80.4885,-4.1655],[-80.4538,-4.2052],[-80.3529,-4.2085],[-80.4885,-4.3937],[-80.4786,-4.4301],[-80.3835,-4.4637],[-80.2934,-4.4168],[-80.1975,-4.311],[-80.1396,-4.2961],[-79.7973,-4.4764],[-79.6385,-4.4549],[-79.5162,-4.5392],[-79.5019,-4.6706],[-79.331,-4.9278],[-79.0763,-4.9906],[-79.0333,-4.9691],[-78.9754,-4.8732],[-78.9192,-4.8584],[-78.9076,-4.7145],[-78.686,-4.5624],[-78.6529,-4.4582],[-78.6794,-4.3259],[-78.5504,-3.9869],[-78.4198,-3.7769],[-78.3454,-3.3974],[-78.2842,-3.399],[-78.2263,-3.4892],[-78.1585,-3.4651],[-78.1833,-3.3502],[-77.8606,-2.9816],[-76.6791,-2.5626],[-76.0898,-2.1331],[-75.5706,-1.5312],[-75.4081,-0.9243],[-75.3482,-0.9668],[-75.2496,-0.9519],[-75.2836,-0.7071],[-75.2594,-0.5901],[-75.2632,-0.5554],[-75.4247,-0.4089],[-75.4911,-0.2483],[-75.632,-0.1576],[-75.6263,-0.1229],[-75.476,-0.1571],[-75.3405,-0.1422],[-75.2246,-0.0417],[-75.1384,-0.0505],[-74.9453,-0.1882],[-74.8018,-0.2001],[-74.7554,-0.2986],[-74.6164,-0.37],[-74.4179,-0.5807],[-74.3344,-0.8509],[-74.2464,-0.9706],[-74.0544,-1.0286],[-73.8632,-1.1967],[-73.6643,-1.2488],[-73.5214,-1.4497],[-73.4943,-1.5366],[-73.5252,-1.6389],[-73.4963,-1.6931],[-73.3495,-1.7839],[-73.224,-1.7877],[-73.197,-1.8303],[-73.1265,-2.0811],[-73.1727,-2.2084],[-73.1545,-2.2782],[-72.9896,-2.3397],[-72.9411,-2.394],[-72.8112,-2.4055],[-72.6253,-2.3517],[-72.3956,-2.4289],[-72.2185,-2.4005],[-72.0538,-2.3246],[-71.9843,-2.3266],[-71.7525,-2.1527],[-71.5595,-2.2242],[-71.397,-2.3341],[-71.1964,-2.3131],[-71.1134,-2.2454],[-70.9686,-2.2068],[-70.7054,-2.342],[-70.648,-2.4058],[-70.0958,-2.6582],[-70.0647,-2.7017],[-70.074,-2.7502],[-70.7351,-3.7815],[-70.5297,-3.8664],[-70.3395,-3.8144],[-70.2403,-3.8827],[-70.1675,-4.0502],[-69.9659,-4.2359]]]}},{"type":"Feature","properties":{"ISO_A2":"PY","NAME":"Paraguay","CONTINENT":"South America","REGION":"Americas"},"geometry":{"type":"Polygon","coordinates":[[[-58.1598,-20.1646],[-58.1246,-20.2935],[-58.0022,-20.4654],[-57.9791,-20.6573],[-57.9151,-20.6903],[-57.9005,-20.873],[-57.8302,-20.9979],[-57.827,-21.1336],[-57.8931,-21.3022],[-57.8732,-21.3551],[-57.946,-21.494],[-57.9162,-21.6991],[-57.9493,-21.8512],[-57.9328,-21.9107],[-57.9857,-22.0464],[-57.9559,-22.1092],[-57.8203,-22.1423],[-57.7211,-22.0992],[-57.5689,-22.1819],[-57.3309,-22.215],[-57.2382,-22.1952],[-56.9373,-22.2713],[-56.633,-22.2349],[-56.5238,-22.1025],[-56.4478,-22.0762],[-56.3949,-22.0927],[-56.3519,-22.1786],[-56.246,-22.2646],[-55.8492,-22.3076],[-55.7533,-22.4102],[-55.7466,-22.5127],[-55.7037,-22.5921],[-55.6177,-22.6715],[-55.6507,-22.8864],[-55.5614,-23.1543],[-55.5548,-23.3196],[-55.5185,-23.4156],[-55.5383,-23.581],[-55.4589,-23.6867],[-55.4159,-23.9514],[-55.3663,-23.991],[-55.1943,-24.0175],[-54.9827,-23.9745],[-54.6255,-23.8125],[-54.4402,-23.9018],[-54.2418,-24.0473],[-54.3183,-24.1281],[-54.281,-24.3061],[-54.4541,-25.0652],[-54.4362,-25.1213],[-54.6105,-25.4327],[-54.6319,-26.0058],[-54.6777,-26.3088],[-54.7551,-26.5329],[-54.8255,-26.6522],[-54.9345,-26.7025],[-54.9622,-26.7594],[-55.1296,-26.886],[-55.1359,-26.9312],[-55.4267,-27.0093],[-55.4967,-27.1153],[-55.5649,-27.15],[-55.6329,-27.3571],[-55.7146,-27.4148],[-55.79,-27.4164],[-55.9515,-27.3257],[-56.1641,-27.3215],[-56.3105,-27.4388],[-56.3705,-27.5374],[-56.4372,-27.5538],[-56.5105,-27.4879],[-56.6034,-27.4679],[-56.7157,-27.4937],[-56.974,-27.4357],[-57.1118,-27.4701],[-57.3913,-27.4305],[-57.8122,-27.3166],[-58.1683,-27.2734],[-58.6048,-27.3144],[-58.6417,-27.1961],[-58.6186,-27.1321],[-58.5477,-27.084],[-58.4363,-26.922],[-58.3226,-26.8576],[-58.3347,-26.8249],[-58.1913,-26.63],[-58.203,-26.3814],[-58.1111,-26.1802],[-57.8906,-26.0065],[-57.7548,-25.6971],[-57.5717,-25.5342],[-57.5872,-25.4051],[-57.6439,-25.3284],[-57.8217,-25.1364],[-57.9598,-25.0492],[-58.1365,-24.9771],[-58.3654,-24.9593],[-58.5196,-24.8429],[-58.724,-24.7866],[-59.1873,-24.5623],[-59.8925,-24.0936],[-60.1103,-24.0092],[-60.2622,-24.014],[-60.5054,-23.9636],[-60.8398,-23.8581],[-61.0329,-23.7557],[-61.0847,-23.6564],[-61.2084,-23.557],[-61.404,-23.4575],[-61.7985,-23.182],[-62.0666,-22.8694],[-62.2142,-22.6124],[-62.3725,-22.4392],[-62.626,-22.2904],[-62.651,-22.2337],[-62.2767,-21.066],[-62.2763,-20.5625],[-61.9169,-20.0554],[-61.7568,-19.6453],[-60.0074,-19.2976],[-59.0905,-19.2862],[-58.1802,-19.8179],[-58.1399,-19.9988],[-58.1598,-20.1646]]]}},{"type":"Feature","properties":{"ISO_A2":"PG","NAME":"Papua New Guinea","CONTINENT":"Oceania","REGION":"Oceania"},"geometry":{"type":"Polygon","coordinates":[[[140.9762,-9.1187],[140.9752,-6.9054],[140.8623,-6.74],[140.8746,-6.6115],[140.975,-6.3461],[140.9734,-2.6098],[141.1856,-2.6278],[142.2115,-3.0835],[142.9052,-3.3207],[143.509,-3.4312],[144.0664,-3.8052],[144.4777,-3.8253],[144.6267,-3.9931],[144.8435,-4.1015],[145.0878,-4.3491],[145.3346,-4.3853],[145.767,-4.823],[145.7929,-5.1779],[145.7452,-5.4024],[145.8528,-5.4713],[146.4034,-5.6166],[147.0343,-5.9192],[147.3767,-5.9508],[147.5667,-6.0569],[147.8021,-6.3152],[147.8545,-6.5512],[147.8455,-6.6624],[147.8104,-6.7036],[147.7096,-6.7236],[147.1191,-6.7217],[146.9536,-6.8341],[146.9607,-6.9288],[147.1049,-7.167],[147.19,-7.3781],[147.7243,-7.8763],[148.1268,-8.1036],[148.2469,-8.5543],[148.4512,-8.6945],[148.5831,-9.0518],[148.6795,-9.092],[148.7918,-9.0895],[149.0975,-9.0169],[149.1983,-9.0312],[149.2477,-9.071],[149.2641,-9.1808],[149.203,-9.4068],[149.2632,-9.4979],[149.4758,-9.5883],[149.8656,-9.6301],[150.011,-9.6882],[149.9847,-9.737],[149.7612,-9.8059],[149.7631,-9.8687],[149.8744,-10.013],[150.3641,-10.1896],[150.5389,-10.2067],[150.667,-10.2571],[150.8495,-10.236],[150.6368,-10.338],[150.4461,-10.3073],[150.4103,-10.3393],[150.4889,-10.4258],[150.6472,-10.518],[150.4824,-10.6369],[150.3199,-10.6549],[150.0168,-10.5771],[149.948,-10.4826],[149.7541,-10.353],[148.9368,-10.2552],[148.6542,-10.1573],[148.4306,-10.1914],[148.2688,-10.1282],[148.1505,-10.1073],[148.0514,-10.1283],[147.7687,-10.0701],[147.5531,-9.9124],[147.4083,-9.6747],[147.0172,-9.3879],[146.9254,-9.2472],[146.9638,-9.0596],[146.8563,-9.0877],[146.6966,-9.0254],[146.6309,-8.9512],[146.4559,-8.6436],[146.0332,-8.0764],[145.7287,-7.9524],[145.4678,-7.9301],[145.2875,-7.8616],[144.9738,-7.8021],[144.8854,-7.7336],[144.8643,-7.6315],[144.7734,-7.6425],[144.5099,-7.5674],[144.4497,-7.5981],[144.4313,-7.6794],[144.3519,-7.667],[144.2254,-7.7649],[144.1429,-7.7572],[143.8982,-7.6738],[143.6549,-7.4604],[143.7421,-7.5498],[143.9423,-7.9442],[143.8406,-7.9419],[143.888,-8.0177],[143.8334,-8.0291],[143.5182,-8.0007],[143.6138,-8.2004],[143.0949,-8.3112],[142.9055,-8.3145],[142.7086,-8.2723],[142.5241,-8.3217],[142.4476,-8.3162],[142.3475,-8.1675],[142.2068,-8.1958],[142.3251,-8.1983],[142.391,-8.3127],[142.4748,-8.3694],[142.576,-8.3356],[142.7979,-8.345],[143.1118,-8.4745],[143.3772,-8.7622],[143.3662,-8.961],[142.6472,-9.3278],[142.2296,-9.1699],[141.6216,-9.2113],[141.4057,-9.1507],[141.1332,-9.2213],[140.9762,-9.1187]]]}},{"type":"Feature","properties":{"ISO_A2":"PA","NAME":"Panama","CONTINENT":"North America","REGION":"Americas"},"geometry":{"type":"Polygon","coordinates":[[[-77.3742,8.6583],[-77.4785,8.4984],[-77.4073,8.4272],[-77.196,7.9725],[-77.3456,7.8365],[-77.3508,7.7059],[-77.5383,7.5663],[-77.5866,7.5431],[-77.7063,7.6912],[-77.7619,7.6988],[-77.7439,7.537],[-77.7647,7.4837],[-77.8283,7.4428],[-77.9012,7.2293],[-78.1701,7.5438],[-78.3782,7.8999],[-78.4216,8.061],[-78.2874,8.0918],[-78.2549,8.1386],[-78.2812,8.2476],[-78.1419,8.3861],[-78.0478,8.2848],[-77.7605,8.1333],[-78.0125,8.3254],[-78.0995,8.497],[-78.223,8.3966],[-78.2561,8.4537],[-78.3501,8.46],[-78.3992,8.5057],[-78.3694,8.4049],[-78.3793,8.3586],[-78.4099,8.3553],[-78.4694,8.4467],[-78.5141,8.6282],[-79.0864,8.9972],[-79.2467,9.0201],[-79.4415,9.006],[-79.5071,8.9701],[-79.6875,8.851],[-79.8159,8.6392],[-79.7504,8.5955],[-80.1258,8.3497],[-80.3687,8.2888],[-80.459,8.2139],[-80.4581,8.0771],[-80.0752,7.667],[-80.0112,7.5],[-80.1106,7.4334],[-80.2873,7.4256],[-80.4389,7.275],[-80.6667,7.2257],[-80.8456,7.2201],[-80.9012,7.2771],[-80.9146,7.4375],[-81.0351,7.7111],[-81.0639,7.8998],[-81.1578,7.8544],[-81.1955,7.6684],[-81.219,7.6209],[-81.2684,7.6255],[-81.5041,7.7212],[-81.7276,8.1375],[-81.9733,8.2151],[-82.0967,8.2228],[-82.1599,8.1948],[-82.2243,8.2304],[-82.2354,8.311],[-82.3648,8.2749],[-82.6795,8.322],[-82.7812,8.3035],[-82.8661,8.2463],[-82.8543,8.0995],[-82.8793,8.0707],[-82.9129,8.1996],[-83.0273,8.3377],[-82.8616,8.4535],[-82.8557,8.6353],[-82.917,8.7403],[-82.882,8.8053],[-82.7278,8.9161],[-82.7831,8.9903],[-82.8813,9.0559],[-82.9403,9.0601],[-82.9398,9.4492],[-82.801,9.5918],[-82.6441,9.5059],[-82.5692,9.5582],[-82.3708,9.4286],[-82.3397,9.2092],[-82.2725,9.1906],[-82.2049,9.2154],[-82.1881,9.1917],[-82.2354,9.1417],[-82.2442,9.0315],[-82.0779,8.9349],[-81.7802,8.9572],[-81.9001,9.111],[-81.8945,9.1404],[-81.7122,9.0189],[-81.5456,8.827],[-81.3548,8.7806],[-81.0631,8.8126],[-80.8387,8.8872],[-80.6765,9.0219],[-80.5469,9.0819],[-80.1271,9.2099],[-79.978,9.3437],[-79.8551,9.3781],[-79.5773,9.5979],[-79.1123,9.5368],[-79.0167,9.5104],[-78.9316,9.4285],[-78.5043,9.4063],[-78.0828,9.2363],[-77.8308,9.0681],[-77.6972,8.8895],[-77.3742,8.6583]]]}},{"type":"Feature","properties":{"ISO_A2":"PW","NAME":"Palau","CONTINENT":"Oceania","REGION":"Oceania"},"geometry":{"type":"Polygon","coordinates":[[[134.5954,7.382],[134.5347,7.3606],[134.5157,7.5258],[134.6512,7.7121],[134.5954,7.382]]]}},{"type":"Feature","properties":{"ISO_A2":"PK","NAME":"Pakistan","CONTINENT":"Asia","REGION":"Asia"},"geometry":{"type":"Polygon","coordinates":[[[60.8434,29.8587],[62.3734,29.4254],[62.4766,29.4084],[63.5676,29.498],[63.971,29.4301],[64.0987,29.3919],[64.118,29.4143],[64.1722,29.4604],[64.2661,29.5069],[64.3938,29.5443],[64.5211,29.5645],[64.7035,29.5671],[64.8273,29.5642],[64.9189,29.5528],[65.0955,29.5595],[65.1805,29.5776],[65.6662,29.7013],[66.1771,29.8356],[66.2313,29.8657],[66.2869,29.92],[66.3134,29.9686],[66.2472,30.0435],[66.2385,30.1096],[66.2818,30.1935],[66.3055,30.3211],[66.301,30.503],[66.2869,30.6079],[66.3469,30.8028],[66.3972,30.9122],[66.4974,30.9646],[66.5668,30.9966],[66.5958,31.02],[66.6242,31.046],[66.7313,31.1945],[66.8293,31.2637],[66.9243,31.3056],[67.0277,31.3002],[67.1159,31.2429],[67.2873,31.2178],[67.4528,31.2346],[67.5964,31.2777],[67.6615,31.313],[67.7379,31.3439],[67.7335,31.3792],[67.6471,31.41],[67.5976,31.4533],[67.5782,31.5065],[67.6268,31.5388],[67.7398,31.5482],[68.0172,31.678],[68.1302,31.7633],[68.161,31.803],[68.214,31.8074],[68.3198,31.7677],[68.4433,31.7545],[68.5207,31.7941],[68.5977,31.803],[68.6732,31.7597],[68.7137,31.7081],[68.7823,31.6464],[68.8689,31.6342],[68.9734,31.6674],[69.0831,31.7385],[69.1869,31.8381],[69.2793,31.9368],[69.2414,32.4335],[69.2899,32.5306],[69.3595,32.5903],[69.4054,32.6827],[69.4046,32.7643],[69.4531,32.8328],[69.5016,33.0201],[69.5678,33.0642],[69.7037,33.0947],[69.9201,33.1125],[70.0902,33.1981],[70.2611,33.289],[70.2842,33.369],[70.2197,33.4547],[70.1342,33.6208],[70.0566,33.7199],[69.8681,33.8977],[69.8896,34.0073],[69.9947,34.0518],[70.2536,33.976],[70.3257,33.9611],[70.4157,33.9504],[70.654,33.9523],[70.8484,33.9819],[71.0516,34.0497],[71.0913,34.1203],[71.0891,34.2041],[71.0957,34.3694],[71.0229,34.4312],[70.9789,34.4863],[70.9656,34.5304],[71.0163,34.5546],[71.0656,34.5996],[71.1133,34.6816],[71.2258,34.7795],[71.2941,34.8677],[71.3581,34.9096],[71.4551,34.9669],[71.5171,35.0511],[71.5455,35.1014],[71.6017,35.1507],[71.6205,35.183],[71.6053,35.2118],[71.5455,35.2889],[71.5455,35.3285],[71.572,35.3704],[71.6006,35.4079],[71.5874,35.4608],[71.572,35.5468],[71.519,35.5975],[71.4836,35.7146],[71.4275,35.8337],[71.3976,35.8802],[71.3429,35.9385],[71.2202,36.0007],[71.1851,36.0421],[71.2329,36.1218],[71.3126,36.1712],[71.4633,36.2933],[71.5459,36.3777],[71.6205,36.4365],[71.7164,36.4266],[71.7727,36.4318],[71.8223,36.4861],[71.9207,36.5342],[72.0956,36.6337],[72.1567,36.7009],[72.2498,36.7347],[72.327,36.7424],[72.4312,36.7658],[72.5313,36.802],[72.6229,36.8296],[72.7662,36.835],[72.9938,36.8516],[73.1168,36.8686],[73.4111,36.8817],[73.6712,36.8866],[73.684,36.8655],[73.697,36.8548],[73.7208,36.8423],[73.7481,36.8423],[73.785,36.8346],[73.7933,36.812],[73.8046,36.8085],[73.8266,36.8085],[73.839,36.8013],[73.8569,36.78],[73.8616,36.7639],[73.8681,36.755],[73.867,36.739],[73.861,36.7247],[73.8343,36.7098],[73.7755,36.7283],[73.7345,36.7188],[73.7154,36.7247],[73.6875,36.7229],[73.6733,36.7098],[73.6566,36.7069],[73.6037,36.7098],[73.5788,36.7188],[73.5687,36.736],[73.5069,36.73],[73.476,36.7336],[73.4493,36.7413],[73.4089,36.7586],[73.3744,36.758],[73.3548,36.7532],[73.293,36.7289],[73.2681,36.7211],[73.2395,36.717],[73.214,36.7176],[73.1522,36.73],[73.1249,36.711],[73.0815,36.6986],[73.0619,36.6974],[73.0494,36.6849],[73.0494,36.673],[73.0577,36.6463],[73.0714,36.6243],[73.075,36.6094],[73.0547,36.5869],[73.0488,36.5625],[73.0411,36.5476],[73.0102,36.5245],[72.9793,36.5096],[72.9704,36.509],[72.9662,36.4954],[72.9674,36.4769],[72.9591,36.4728],[72.924,36.474],[72.8884,36.4633],[72.8715,36.4524],[72.8632,36.4334],[72.8572,36.3883],[72.8483,36.3764],[72.8183,36.3646],[72.7595,36.3272],[72.7218,36.3135],[72.7076,36.3014],[72.6864,36.2755],[72.6697,36.2666],[72.6525,36.2636],[72.6222,36.269],[72.5937,36.2696],[72.5723,36.2559],[72.5491,36.2327],[72.5402,36.1917],[72.5426,36.149],[72.5402,36.1365],[72.5236,36.1115],[72.5212,36.0789],[72.5314,36.0591],[72.5419,36.0487],[72.5545,36.0426],[72.5658,36.0289],[72.5681,36.0123],[72.558,35.9969],[72.5497,35.9725],[72.5182,35.9244],[72.5099,35.9024],[72.5282,35.8977],[72.552,35.8803],[72.5685,35.8519],[72.5796,35.8465],[72.6114,35.8436],[72.6704,35.8222],[72.6834,35.8204],[72.7839,35.8476],[72.7875,35.8534],[72.789,35.8502],[72.7964,35.8648],[72.8095,35.8625],[72.8195,35.8881],[72.8367,35.8733],[72.8907,35.8774],[72.8961,35.8655],[72.8908,35.8554],[72.8919,35.8495],[72.9038,35.8418],[72.9246,35.8418],[72.9474,35.8489],[72.9604,35.8489],[72.9757,35.8549],[72.9817,35.8614],[72.9989,35.8626],[73.0108,35.8554],[73.0161,35.8459],[73.0263,35.8423],[73.0345,35.8489],[73.0478,35.8501],[73.0559,35.862],[73.0732,35.8608],[73.0922,35.8756],[73.1035,35.8638],[73.1291,35.8459],[73.1498,35.8436],[73.1694,35.8578],[73.1783,35.8602],[73.2003,35.8269],[73.2015,35.8177],[73.1973,35.8079],[73.2003,35.7871],[73.1878,35.7853],[73.1581,35.7616],[73.1201,35.7651],[73.1119,35.7592],[73.11,35.7491],[73.126,35.7212],[73.135,35.7152],[73.1486,35.7129],[73.1828,35.6899],[73.192,35.6772],[73.2168,35.6694],[73.236,35.6677],[73.2397,35.6586],[73.2752,35.6695],[73.2906,35.6707],[73.2966,35.6623],[73.312,35.6606],[73.331,35.6629],[73.3381,35.6433],[73.353,35.6219],[73.356,35.6095],[73.3643,35.6005],[73.3952,35.5869],[73.4005,35.5679],[73.4011,35.5364],[73.4051,35.5297],[73.4178,35.5251],[73.4819,35.5411],[73.4999,35.5429],[73.6169,35.5411],[73.6649,35.531],[73.7351,35.5316],[73.7511,35.5239],[73.7856,35.5245],[73.7832,35.4966],[73.7856,35.4633],[73.7944,35.4491],[73.7547,35.4431],[73.7529,35.4325],[73.7273,35.4193],[73.6985,35.3716],[73.7006,35.3529],[73.6929,35.3492],[73.6929,35.3326],[73.6994,35.3142],[73.7101,35.3029],[73.7114,35.2813],[73.7303,35.2737],[73.7499,35.2311],[73.7499,35.2209],[73.7654,35.2209],[73.7851,35.2339],[73.8,35.2357],[73.8093,35.2429],[73.8325,35.2274],[73.8474,35.2262],[73.8711,35.2048],[73.8993,35.2115],[73.9258,35.2102],[73.9454,35.1882],[73.9577,35.1652],[74.003,35.1846],[74.0078,35.171],[74.0185,35.1674],[74.0357,35.1496],[74.0803,35.1561],[74.0969,35.146],[74.1123,35.1532],[74.1165,35.1454],[74.1133,35.1346],[74.1159,35.1234],[74.1319,35.1193],[74.1286,35.1052],[74.0948,35.0911],[74.0875,35.0826],[74.0767,35.0475],[74.083,35.0374],[74.1078,35.026],[74.1112,35.0176],[74.0971,35.0006],[74.0694,34.9967],[74.0609,34.9887],[74.0716,34.9379],[74.0389,34.9141],[74.04,34.8994],[74.0451,34.8904],[74.0219,34.874],[74.0078,34.8746],[73.9948,34.865],[73.9778,34.8661],[73.9682,34.8356],[73.9456,34.835],[73.9343,34.8316],[73.9343,34.8175],[73.9275,34.8113],[73.8981,34.8197],[73.8874,34.8146],[73.871,34.8141],[73.8653,34.809],[73.8529,34.8146],[73.8382,34.8141],[73.8376,34.8022],[73.8308,34.7915],[73.8015,34.7943],[73.7952,34.7903],[73.7777,34.7949],[73.728,34.7643],[73.728,34.7542],[73.7234,34.7468],[73.7155,34.7446],[73.7155,34.7361],[73.7037,34.7191],[73.6856,34.7055],[73.6867,34.692],[73.6731,34.6824],[73.6647,34.6699],[73.6635,34.6626],[73.6861,34.6558],[73.6997,34.6479],[73.659,34.5993],[73.6658,34.5801],[73.6567,34.5625],[73.6443,34.5614],[73.6364,34.5648],[73.6279,34.5772],[73.6177,34.5823],[73.6059,34.5851],[73.5742,34.584],[73.564,34.5897],[73.5567,34.588],[73.5488,34.5784],[73.5375,34.5716],[73.5233,34.5699],[73.4957,34.5772],[73.4798,34.571],[73.4742,34.575],[73.4657,34.575],[73.4533,34.5693],[73.4487,34.5591],[73.4482,34.536],[73.4357,34.5269],[73.4442,34.5054],[73.4425,34.4947],[73.429,34.4693],[73.4329,34.4354],[73.4278,34.4167],[73.4126,34.3856],[73.3984,34.3783],[73.4029,34.3664],[73.4398,34.3268],[73.4493,34.3212],[73.4516,34.3003],[73.4623,34.2878],[73.4696,34.2799],[73.4793,34.2839],[73.4804,34.2912],[73.4883,34.2793],[73.4736,34.2562],[73.4898,34.2302],[73.499,34.2076],[73.4951,34.1872],[73.4951,34.1352],[73.5013,34.1047],[73.503,34.0691],[73.5107,34.0597],[73.5149,34.0369],[73.5109,34.0188],[73.5014,34.018],[73.5098,34.0186],[73.5245,34.0125],[73.5194,34.0001],[73.5347,33.9882],[73.5363,33.9736],[73.5435,33.9549],[73.5691,33.9204],[73.5874,33.908],[73.5946,33.8916],[73.5923,33.8627],[73.5671,33.7971],[73.5714,33.7847],[73.5985,33.7395],[73.6008,33.6988],[73.5957,33.6807],[73.577,33.6666],[73.577,33.6513],[73.572,33.6304],[73.6019,33.6061],[73.6285,33.5677],[73.6257,33.5451],[73.633,33.54],[73.6336,33.5264],[73.6206,33.5202],[73.6121,33.5083],[73.6115,33.4919],[73.6257,33.4716],[73.6298,33.4578],[73.6019,33.4349],[73.5923,33.4134],[73.5827,33.4026],[73.576,33.3774],[73.5793,33.358],[73.5888,33.3418],[73.5991,33.341],[73.6083,33.3349],[73.6041,33.3208],[73.6183,33.289],[73.6144,33.2788],[73.6228,33.2647],[73.6274,33.2415],[73.6449,33.2342],[73.6471,33.2229],[73.6618,33.2212],[73.6695,33.212],[73.6711,33.1776],[73.6703,33.1522],[73.6251,33.1319],[73.624,33.1144],[73.6341,33.0934],[73.6534,33.0804],[73.7297,33.064],[73.7461,33.0561],[73.776,33.0211],[73.795,33.015],[73.8162,33.0103],[73.8297,33.012],[73.8776,33.0346],[73.9043,33.0392],[73.9258,33.0341],[73.945,33.02],[73.984,32.9668],[74.001,32.9544],[74.053,32.9307],[74.0748,32.9311],[74.0832,32.928],[74.1232,32.9056],[74.1643,32.8896],[74.1728,32.8826],[74.2016,32.8735],[74.3094,32.8214],[74.3055,32.8104],[74.3546,32.7687],[74.3886,32.7673],[74.4002,32.7695],[74.3767,32.7691],[74.4834,32.771],[74.5756,32.7554],[74.5758,32.7503],[74.5785,32.7498],[74.5823,32.7534],[74.5887,32.7506],[74.5965,32.7565],[74.6189,32.7611],[74.6359,32.7518],[74.6389,32.7557],[74.631,32.7666],[74.6324,32.7709],[74.6633,32.7577],[74.6602,32.7343],[74.6554,32.7299],[74.6582,32.728],[74.6562,32.7046],[74.6434,32.6077],[74.6443,32.6147],[74.6391,32.615],[74.6391,32.6045],[74.6435,32.5991],[74.6578,32.5189],[74.6857,32.4938],[74.7889,32.4578],[74.9421,32.4612],[74.9452,32.4493],[74.9516,32.4465],[74.9657,32.4582],[74.9835,32.4516],[75.002,32.4569],[75.2337,32.3721],[75.3026,32.3189],[75.3335,32.2792],[75.3247,32.2153],[75.2541,32.1403],[75.1388,32.1048],[75.0715,32.0894],[74.9772,32.0494],[74.969,32.055],[74.9483,32.0593],[74.9476,32.0631],[74.9275,32.0664],[74.9066,32.0509],[74.8915,32.055],[74.8804,32.0534],[74.8691,32.0428],[74.88,32.0319],[74.8688,32.022],[74.8693,32.0277],[74.8655,32.0304],[74.8626,32.0295],[74.8656,32.0232],[74.8483,32.0205],[74.8531,32.0134],[74.8468,32.0084],[74.839,32.0085],[74.8293,31.9998],[74.8301,31.9887],[74.8715,32.0047],[74.7281,31.9424],[74.7199,31.9414],[74.7152,31.9362],[74.7232,31.9395],[74.6997,31.9262],[74.6788,31.9262],[74.6751,31.9191],[74.6667,31.9226],[74.6683,31.9179],[74.6605,31.9126],[74.6538,31.9],[74.6496,31.9005],[74.6277,31.8826],[74.6153,31.8898],[74.6074,31.8901],[74.6095,31.8765],[74.6066,31.8685],[74.5973,31.8675],[74.5909,31.8502],[74.5721,31.8332],[74.5898,31.8489],[74.5843,31.851],[74.5809,31.8489],[74.5556,31.8186],[74.526,31.7651],[74.519,31.7425],[74.5039,31.7403],[74.5029,31.7295],[74.4896,31.7222],[74.4866,31.7151],[74.4999,31.7077],[74.5034,31.7026],[74.5023,31.696],[74.5185,31.6882],[74.5818,31.5239],[74.5832,31.5085],[74.581,31.508],[74.5847,31.5054],[74.5836,31.5152],[74.5939,31.4654],[74.5667,31.3711],[74.553,31.3658],[74.5467,31.3396],[74.5488,31.3348],[74.5373,31.3307],[74.5338,31.325],[74.5379,31.3192],[74.5348,31.3135],[74.5274,31.3124],[74.5343,31.3049],[74.5417,31.3054],[74.5208,31.2693],[74.5318,31.2526],[74.535,31.2614],[74.5185,31.1836],[74.5105,31.1803],[74.511,31.1583],[74.5147,31.1501],[74.5108,31.1335],[74.5421,31.1215],[74.5469,31.1222],[74.551,31.0874],[74.5606,31.0826],[74.5707,31.0815],[74.5738,31.0858],[74.5887,31.0877],[74.5882,31.0922],[74.6008,31.088],[74.5993,31.093],[74.6042,31.0931],[74.6106,31.0991],[74.6088,31.1131],[74.6258,31.0688],[74.6328,31.0347],[74.6304,31.0464],[74.6132,31.0448],[74.5969,31.0376],[74.5904,31.05],[74.5755,31.0564],[74.5683,31.0548],[74.5623,31.0494],[74.5588,31.0374],[74.548,31.0325],[74.5425,31.0172],[74.5397,31.0088],[74.5465,30.9925],[74.5163,30.9795],[74.5095,30.9685],[74.5032,30.9649],[74.498,30.9643],[74.492,30.9743],[74.4829,30.9712],[74.478,30.9734],[74.4607,30.9665],[74.4582,30.9652],[74.4655,30.9573],[74.4534,30.9561],[74.4551,30.9513],[74.442,30.9517],[74.4419,30.9455],[74.4381,30.9419],[74.4177,30.9406],[74.4143,30.9307],[74.4288,30.9311],[74.4237,30.9216],[74.4103,30.9234],[74.4106,30.9213],[74.4237,30.9166],[74.5098,30.9597],[74.4113,30.9093],[74.3973,30.9094],[74.383,30.8953],[74.3394,30.8936],[74.2156,30.769],[74.0138,30.5255],[74.0176,30.53],[74.0119,30.5336],[74.009,30.5197],[73.9387,30.4657],[73.9465,30.4716],[73.9476,30.4825],[73.9347,30.4902],[73.9319,30.4672],[73.928,30.4658],[73.9317,30.4602],[73.8993,30.4354],[73.8858,30.3669],[73.8809,30.3615],[73.8822,30.3585],[73.8843,30.3596],[73.8827,30.3521],[73.9246,30.2816],[73.9334,30.2221],[73.8865,30.162],[73.8092,30.0934],[73.6587,30.0335],[73.5971,30.0189],[73.4035,29.9485],[73.397,29.9459],[73.3949,29.9401],[73.4675,29.9717],[73.3816,29.9344],[73.3173,29.773],[73.2578,29.6107],[73.2312,29.5506],[73.1283,29.3639],[72.9487,29.0888],[72.9033,29.0288],[72.6256,28.8961],[72.3419,28.7519],[72.292,28.6973],[72.2339,28.5658],[72.1792,28.4218],[72.1285,28.3463],[71.948,28.1773],[71.8889,28.0475],[71.8703,27.9625],[71.7167,27.9151],[71.543,27.8699],[71.5688,27.8766],[71.3831,27.8725],[71.1848,27.8316],[70.8749,27.7145],[70.7979,27.7096],[70.7588,27.7222],[70.7394,27.7429],[70.7314,27.762],[70.6843,27.8282],[70.6785,27.8723],[70.6774,27.9218],[70.5986,27.9931],[70.5895,28.0105],[70.5543,28.0263],[70.5057,28.037],[70.4524,28.024],[70.4037,28.025],[70.3728,28.0093],[70.3795,28.0127],[70.3722,28.0118],[70.3668,28.0062],[70.3185,27.9816],[70.2443,27.9341],[70.1939,27.8949],[70.1445,27.849],[70.0498,27.6947],[69.8963,27.4736],[69.7248,27.3127],[69.6613,27.2645],[69.6216,27.2281],[69.568,27.1746],[69.537,27.1229],[69.4945,26.9542],[69.47,26.8044],[69.4813,26.771],[69.5069,26.7427],[69.6006,26.6991],[69.7359,26.6271],[69.9114,26.5861],[70.0594,26.5788],[70.1146,26.548],[70.1477,26.5064],[70.1568,26.4714],[70.1492,26.3476],[70.1326,26.2148],[70.0777,26.072],[70.0786,25.99],[70.1002,25.9101],[70.2646,25.7065],[70.3252,25.6857],[70.3447,25.685],[70.387,25.6737],[70.4454,25.6815],[70.5284,25.6835],[70.5776,25.7035],[70.5695,25.706],[70.6148,25.6919],[70.6484,25.6669],[70.6572,25.6258],[70.6521,25.4229],[70.7025,25.3311],[70.8005,25.2059],[70.8777,25.063],[70.9509,24.8916],[71.0207,24.7577],[71.0479,24.6877],[71.0023,24.6539],[70.9764,24.6188],[70.9698,24.5719],[70.9793,24.5225],[70.9732,24.4874],[71.0049,24.4461],[70.9977,24.4555],[70.9985,24.4444],[71.004,24.4458],[71.0453,24.43],[71.044,24.4001],[70.9875,24.364],[70.9775,24.3612],[70.9828,24.361],[70.9281,24.3624],[70.8862,24.3438],[70.8051,24.262],[70.7673,24.2454],[70.7163,24.238],[70.6595,24.2461],[70.5843,24.277],[70.5847,24.2904],[70.5794,24.2954],[70.582,24.3042],[70.5621,24.354],[70.5805,24.3632],[70.6025,24.4082],[70.5731,24.4223],[70.558,24.4199],[70.5497,24.4145],[70.5468,24.4183],[70.4893,24.4122],[70.2891,24.3563],[70.1413,24.303],[70.1099,24.295],[70.1081,24.2911],[70.1233,24.2965],[70.0982,24.2875],[70.0651,24.2406],[70.0211,24.1916],[69.9338,24.1714],[69.7311,24.1714],[69.5943,24.2924],[69.5311,24.2741],[69.5592,24.2731],[69.4435,24.2754],[69.3558,24.2724],[69.3128,24.2814],[69.2824,24.2699],[69.2351,24.2683],[69.1195,24.2687],[69.0516,24.2863],[68.9846,24.2731],[68.9008,24.2924],[68.8635,24.2665],[68.8283,24.264],[68.8441,24.2651],[68.8442,24.2693],[68.8436,24.2775],[68.8287,24.3152],[68.8262,24.3174],[68.8202,24.3123],[68.808,24.3135],[68.798,24.3096],[68.8,24.3091],[68.7812,24.3137],[68.759,24.3072],[68.7396,24.292],[68.7281,24.2656],[68.7241,23.9647],[68.7242,23.9713],[68.3981,23.9701],[68.3939,23.9665],[68.3796,23.9708],[68.3716,23.9653],[68.3711,23.9603],[68.3736,23.9509],[68.3813,23.9509],[68.3606,23.9461],[68.3641,23.9514],[68.357,23.9742],[68.3463,23.9609],[68.347,23.9477],[68.3513,23.9457],[68.3219,23.9371],[68.3265,23.9382],[68.3165,23.9401],[68.315,23.9365],[68.2825,23.928],[68.165,23.8573],[68.1488,23.7972],[68.1155,23.7534],[68.0678,23.8184],[68.037,23.8482],[68.0015,23.8261],[67.951,23.8286],[67.86,23.9027],[67.819,23.8281],[67.6685,23.811],[67.6495,23.8673],[67.6458,23.9199],[67.5631,23.8818],[67.5036,23.94],[67.4769,24.0183],[67.4276,24.0648],[67.3652,24.0916],[67.3094,24.1748],[67.3043,24.2629],[67.2887,24.3678],[67.1715,24.7561],[67.1006,24.7919],[66.703,24.8609],[66.6822,24.9289],[66.7099,25.1113],[66.6986,25.2263],[66.5699,25.3785],[66.5339,25.4844],[66.4286,25.5753],[66.3242,25.6018],[66.219,25.5899],[66.1623,25.5539],[66.1312,25.4933],[66.3564,25.5074],[66.4071,25.4851],[66.4677,25.4453],[66.4029,25.4468],[66.3283,25.4658],[66.2347,25.4644],[65.8836,25.4196],[65.6797,25.3553],[65.4063,25.3743],[65.0613,25.3111],[64.7767,25.3073],[64.659,25.1841],[64.594,25.2063],[64.5438,25.2367],[64.1521,25.3334],[64.1249,25.3739],[64.0594,25.4029],[63.9873,25.3512],[63.9355,25.3425],[63.7209,25.3859],[63.5566,25.3532],[63.4957,25.2975],[63.4914,25.2108],[63.2857,25.2276],[63.17,25.2549],[63.015,25.2247],[62.6647,25.2648],[62.5725,25.2547],[62.4447,25.1973],[62.3912,25.1525],[62.3153,25.1349],[62.2487,25.1974],[62.1986,25.2249],[62.1521,25.2066],[62.0895,25.1553],[61.9079,25.1313],[61.7437,25.1382],[61.5669,25.1863],[61.5879,25.2023],[61.6154,25.2861],[61.6401,25.5846],[61.6714,25.6924],[61.6618,25.7513],[61.6687,25.769],[61.7377,25.8211],[61.7544,25.8434],[61.81,26.1653],[61.8424,26.2259],[61.8698,26.2424],[62.0891,26.3183],[62.126,26.369],[62.2394,26.357],[62.2496,26.3692],[62.2597,26.4275],[62.3123,26.4909],[62.3851,26.5426],[62.4393,26.561],[62.6364,26.5937],[62.7516,26.6392],[62.7866,26.6439],[63.093,26.6323],[63.1578,26.6498],[63.1681,26.6656],[63.1861,26.8376],[63.2416,26.8647],[63.2504,26.8792],[63.2314,26.9981],[63.2421,27.0777],[63.3052,27.1246],[63.3016,27.1515],[63.2563,27.2079],[63.1961,27.2439],[63.1668,27.2525],[62.9154,27.2184],[62.8116,27.2294],[62.763,27.2502],[62.7527,27.2656],[62.7625,27.3002],[62.7643,27.3567],[62.8009,27.4445],[62.812,27.497],[62.7823,27.8005],[62.7397,28.0021],[62.7625,28.2021],[62.758,28.2436],[62.7494,28.2529],[62.7176,28.2528],[62.5646,28.2352],[62.4339,28.3639],[62.353,28.4147],[62.1306,28.4788],[62.033,28.491],[61.8898,28.5465],[61.623,28.7916],[61.5688,28.8709],[61.5086,29.0061],[61.3379,29.265],[61.3395,29.3318],[61.3184,29.3726],[60.8434,29.8587]],[[69.4435,24.2754],[69.4601,24.2751],[69.4445,24.2805],[69.4199,24.2746],[69.4435,24.2754]],[[69.9114,26.5861],[69.7655,26.6202],[69.7919,26.5982],[69.8232,26.589],[69.8855,26.5789],[69.9524,26.5841],[69.9114,26.5861]],[[70.7979,27.7096],[70.8279,27.7115],[70.765,27.7203],[70.7979,27.7096]],[[74.6857,32.4938],[74.6835,32.4958],[74.682,32.4936],[74.6876,32.4875],[74.6968,32.4887],[74.6857,32.4938]],[[74.4834,32.771],[74.4847,32.7652],[74.5112,32.7644],[74.5095,32.7632],[74.5153,32.7565],[74.5101,32.747],[74.5143,32.7442],[74.5228,32.7484],[74.5332,32.7453],[74.5367,32.7499],[74.543,32.7514],[74.5466,32.7456],[74.5556,32.7587],[74.5589,32.7582],[74.4834,32.771]],[[68.9197,24.2881],[68.9639,24.2779],[68.9454,24.3025],[68.9197,24.2881]],[[73.9763,30.4946],[74.0018,30.5142],[73.9928,30.5142],[73.9763,30.4946]],[[74.5171,31.2275],[74.5226,31.2233],[74.5241,31.2173],[74.5317,31.2469],[74.5282,31.24],[74.519,31.2333],[74.5171,31.2275]],[[74.5754,31.5009],[74.5867,31.4964],[74.5863,31.5023],[74.5812,31.4988],[74.5754,31.5009]],[[74.6573,32.7141],[74.6574,32.7137],[74.6578,32.7166],[74.6573,32.7141]],[[74.7117,32.4787],[74.7263,32.476],[74.7281,32.4786],[74.7133,32.4842],[74.7117,32.4787]],[[75.3162,32.208],[75.3171,32.2072],[75.3179,32.2081],[75.3162,32.208]]]}},{"type":"Feature","properties":{"ISO_A2":"OM","NAME":"Oman","CONTINENT":"Asia","REGION":"Asia"},"geometry":{"type":"Polygon","coordinates":[[[53.0856,16.6484],[52.8006,17.2679],[52.7292,17.3004],[51.9776,18.9961],[54.9773,19.9959],[55.641,22.0019],[55.1858,22.7041],[55.1999,23.0348],[55.5085,23.7246],[55.5316,23.819],[55.4685,23.9411],[55.5479,23.9914],[55.9852,24.0634],[55.9286,24.2151],[55.7608,24.2427],[55.8057,24.3498],[55.7682,24.4906],[55.8039,24.6362],[55.7957,24.8681],[55.9158,24.9718],[56.0006,24.9532],[56.0167,24.9077],[55.9797,24.8721],[56.0639,24.7388],[56.388,24.9792],[56.4898,24.7164],[56.6406,24.4703],[56.9125,24.1502],[57.123,23.9807],[57.2198,23.9228],[57.6113,23.8037],[58.1204,23.7166],[58.3245,23.6238],[58.578,23.6435],[58.773,23.5172],[59.0299,23.1306],[59.1947,22.9719],[59.4294,22.6608],[59.5352,22.5785],[59.8232,22.509],[59.8375,22.4206],[59.8,22.2199],[59.3715,21.4988],[59.0688,21.2891],[58.8957,21.1128],[58.4742,20.4069],[58.3487,20.3869],[58.209,20.424],[58.245,20.5992],[58.1694,20.5895],[58.1029,20.5704],[57.8618,20.2441],[57.7142,19.6784],[57.8116,19.0171],[57.6758,18.9579],[57.1766,18.9026],[56.826,18.7535],[56.6551,18.5874],[56.5508,18.166],[56.3835,17.988],[56.2703,17.9508],[55.6139,17.8861],[55.4791,17.8433],[55.2554,17.5856],[55.2382,17.5047],[55.2956,17.3816],[55.2752,17.3209],[55.0642,17.0389],[54.7719,16.9646],[54.5665,17.0313],[54.0682,17.0055],[53.9544,16.9178],[53.6099,16.76],[53.2978,16.7233],[53.0856,16.6484]]]}},{"type":"Feature","properties":{"ISO_A2":"NO","NAME":"Norway","CONTINENT":"Europe","REGION":"Europe"},"geometry":{"type":"MultiPolygon","coordinates":[[[[20.6222,69.0369],[20.1167,69.0209],[20.3371,68.8997],[20.348,68.8487],[20.3194,68.7541],[20.24,68.6731],[19.9688,68.542],[20.24,68.4775],[19.9698,68.3564],[19.0526,68.4927],[18.303,68.5554],[18.1626,68.5284],[18.1767,68.2006],[17.9167,67.9649],[17.3246,68.1038],[16.7836,67.895],[16.5855,67.6283],[16.4571,67.5518],[16.1936,67.5052],[16.1274,67.4258],[16.3606,67.252],[16.4343,67.1551],[16.4035,67.055],[15.4229,66.4898],[15.4838,66.306],[15.04,66.1675],[14.5433,66.1293],[14.6346,65.7933],[14.5495,65.6464],[14.4797,65.3015],[14.1151,64.9461],[13.6503,64.5815],[14.0776,64.464],[14.148,64.2603],[14.1412,64.1735],[14.0633,64.0955],[13.9605,64.014],[13.2035,64.0751],[12.7928,64],[12.6625,63.9405],[12.1752,63.5959],[12.2121,63.4922],[11.9999,63.2917],[12.2182,63.0006],[12.1086,62.9195],[12.1398,62.7213],[12.1146,62.5919],[12.3035,62.2856],[12.1554,61.7208],[12.5961,61.5413],[12.8808,61.3523],[12.8282,61.2218],[12.7061,61.0599],[12.2941,61.0027],[12.3146,60.8921],[12.5538,60.5457],[12.5887,60.4507],[12.5158,60.3052],[12.4861,60.1068],[12.1692,59.9129],[11.9321,59.8637],[11.8343,59.6972],[11.6808,59.5923],[11.7981,59.2899],[11.7122,59.0187],[11.6428,58.9261],[11.5436,58.893],[11.4707,58.9095],[11.3659,59.1045],[10.8345,59.1839],[10.6449,59.3892],[10.5953,59.7646],[10.5339,59.6958],[10.5695,59.5871],[10.3981,59.5193],[10.4071,59.4557],[10.4464,59.4436],[10.4313,59.2796],[10.1794,59.0093],[10.0831,59.0288],[9.9596,58.9682],[9.8426,58.9585],[9.8002,59.0271],[9.6352,59.1178],[9.5572,59.1127],[9.6961,59.0097],[9.6569,58.9712],[9.31,58.8568],[9.3958,58.8057],[8.9284,58.57],[8.5214,58.3006],[8.1661,58.1453],[8.0374,58.1473],[7.8756,58.08],[7.4659,58.0209],[7.1941,58.0477],[7.0049,58.0242],[6.9034,58.0705],[6.9123,58.1429],[6.8771,58.1507],[6.8028,58.1545],[6.7314,58.0683],[6.5905,58.0973],[6.5551,58.1234],[6.6925,58.224],[6.6599,58.2627],[6.3891,58.268],[6.0547,58.3751],[5.9766,58.4323],[5.7068,58.5236],[5.5859,58.6204],[5.5173,58.7265],[5.5556,58.9752],[5.6122,59.0129],[6.099,58.8703],[6.3633,59.0009],[6.3211,59.0165],[6.0994,58.952],[5.8892,59.0605],[5.8892,59.0979],[5.9686,59.1861],[5.9373,59.234],[5.9519,59.2991],[6.4153,59.5471],[6.2785,59.5345],[5.8452,59.3535],[5.5641,59.2912],[5.4676,59.2038],[5.3623,59.1664],[5.1732,59.1625],[5.1316,59.2265],[5.1851,59.4537],[5.3049,59.6426],[5.4035,59.6558],[5.4725,59.7131],[5.7722,59.6609],[5.8673,59.734],[6.2166,59.8184],[5.834,59.7947],[5.7635,59.8079],[5.7305,59.8631],[6.0699,60.0835],[6.1405,60.2335],[6.3487,60.353],[6.5181,60.4076],[6.5736,60.3606],[6.5269,60.1529],[6.7199,60.4182],[6.9957,60.512],[6.347,60.4191],[6.1533,60.3462],[5.9044,60.1506],[5.8766,60.07],[5.6988,60.01],[5.4945,59.8256],[5.1458,59.6388],[5.1107,59.6678],[5.1049,59.7317],[5.1192,59.8337],[5.2195,59.9788],[5.1744,60.0457],[5.2057,60.0879],[5.4945,60.0703],[5.6886,60.1232],[5.6576,60.1541],[5.4174,60.1541],[5.2858,60.2057],[5.1836,60.3084],[5.1371,60.4456],[5.1682,60.4848],[5.6483,60.688],[5.5894,60.6943],[5.4474,60.6173],[5.244,60.5696],[5.1158,60.636],[5.0491,60.7075],[5.0086,61.0382],[5.0954,61.0713],[5.5053,61.0561],[5.984,61.1173],[6.418,61.0843],[6.6099,61.137],[6.7778,61.1424],[6.9721,61.056],[6.9806,60.9941],[7.0387,60.9529],[7.0779,60.9663],[7.0401,61.0912],[7.545,61.1771],[7.6045,61.2105],[7.4039,61.2222],[7.3466,61.3006],[7.4525,61.4192],[7.3312,61.372],[7.2763,61.2839],[7.298,61.2136],[7.276,61.181],[7.1735,61.166],[6.9426,61.1605],[6.657,61.2066],[6.6103,61.2291],[6.6259,61.2793],[6.5999,61.2896],[6.4926,61.1546],[6.3835,61.1339],[6.0825,61.1673],[5.6468,61.1476],[5.4513,61.1023],[5.3246,61.1083],[5.1067,61.1875],[5.0217,61.2506],[5.0027,61.4336],[5.3387,61.4855],[5.1676,61.5434],[5.0994,61.6202],[4.9967,61.6452],[4.9278,61.7107],[4.9301,61.8783],[4.9851,61.9004],[5.4653,61.8969],[6.0158,61.7875],[6.4667,61.8074],[6.7308,61.8698],[6.1312,61.8524],[5.473,61.9456],[5.2669,61.9356],[5.1596,61.957],[5.0965,62.0267],[5.1432,62.1599],[5.2409,62.1887],[5.3577,62.1517],[5.4843,62.2391],[5.5333,62.3109],[5.7182,62.3789],[5.9083,62.416],[6.0835,62.3496],[6.209,62.3528],[6.5801,62.4073],[6.6924,62.4681],[6.1361,62.4075],[6.1185,62.4472],[6.2375,62.5199],[6.2729,62.5838],[6.3529,62.6111],[6.9611,62.6268],[7.5701,62.5482],[7.6907,62.5856],[7.5274,62.6103],[7.5384,62.6721],[7.8047,62.721],[8.0955,62.7318],[8.0455,62.7712],[7.4084,62.7118],[7.2421,62.7523],[6.78,62.7007],[6.735,62.7207],[6.9404,62.9305],[7.3891,63.0233],[7.5719,63.0995],[8.1006,63.091],[8.2111,62.9955],[8.6231,62.8462],[8.6092,62.8806],[8.2352,63.0822],[8.158,63.1615],[8.1845,63.2365],[8.2715,63.2866],[8.5802,63.3134],[8.6355,63.3423],[8.641,63.3921],[8.5938,63.4261],[8.3865,63.4453],[8.3607,63.4989],[8.5762,63.6012],[8.8424,63.6459],[9.1358,63.5937],[9.1581,63.5663],[9.0759,63.5004],[9.0842,63.4634],[9.1561,63.4593],[9.3236,63.5704],[9.6969,63.6246],[9.936,63.4789],[9.9792,63.3953],[10.021,63.3908],[10.0806,63.4327],[10.34,63.4693],[10.7602,63.4613],[10.6736,63.558],[10.7253,63.625],[11.3707,63.8048],[11.3076,63.8757],[11.1756,63.8989],[11.4576,64.003],[11.3066,64.0489],[11.0752,63.9881],[10.9143,63.9211],[11.0473,63.8452],[10.9349,63.7702],[10.3392,63.571],[10.0551,63.5127],[9.924,63.5218],[9.7675,63.6995],[9.5946,63.679],[9.5673,63.7062],[9.6147,63.7948],[9.708,63.8649],[9.8645,63.9178],[10.01,64.0832],[10.2362,64.1796],[10.5656,64.4183],[10.834,64.4945],[10.9323,64.5777],[11.2254,64.6795],[11.5238,64.7444],[11.6329,64.8139],[11.2968,64.7548],[11.3499,64.9059],[11.4894,64.9758],[12.1597,65.179],[12.3065,65.086],[12.5084,65.0994],[12.9155,65.3393],[12.4176,65.1841],[12.3639,65.1933],[12.334,65.2407],[12.1996,65.2455],[12.1339,65.2792],[12.1222,65.3624],[12.2729,65.5682],[12.6277,65.8062],[12.6889,65.9022],[12.8168,65.9529],[13.0331,65.9563],[12.9761,66.0192],[12.7949,66.0691],[12.7838,66.1004],[13.3871,66.1828],[13.6744,66.18],[14.0342,66.2976],[13.9731,66.3197],[13.1188,66.2307],[13.0682,66.4308],[13.1047,66.5394],[13.1916,66.5372],[13.2114,66.6408],[13.3118,66.7019],[13.4504,66.7155],[13.6211,66.7948],[13.9595,66.7943],[13.7041,66.8517],[13.6516,66.9071],[13.8802,66.9649],[14.1088,67.1192],[14.7756,67.1945],[15.4157,67.2024],[15.4348,67.2467],[14.4417,67.2714],[14.755,67.499],[14.9619,67.5743],[15.4094,67.4742],[15.5529,67.3518],[15.5944,67.3485],[15.5757,67.4438],[15.6915,67.5214],[15.6613,67.5428],[15.4873,67.5148],[15.2487,67.6021],[15.2187,67.6554],[15.3458,67.7344],[15.3039,67.7653],[15.0408,67.6826],[14.7813,67.6749],[14.8211,67.7499],[14.7989,67.8093],[15.0484,67.9558],[15.1343,67.9727],[15.4009,67.9196],[15.6214,67.9483],[15.6058,67.9879],[15.3569,68.0036],[15.2929,68.0365],[15.316,68.0688],[15.6566,68.1644],[16.0079,68.2287],[16.0646,68.1999],[16.1208,68.0273],[16.2607,67.8866],[16.3123,67.8814],[16.2586,68.0012],[16.392,68.0916],[16.2598,68.1445],[16.1748,68.2813],[16.2038,68.3167],[16.3879,68.3896],[16.6188,68.4063],[16.9514,68.3547],[17.5528,68.4263],[17.5712,68.4475],[17.4262,68.4819],[16.5849,68.4665],[16.5253,68.4907],[16.5144,68.5326],[16.6519,68.6258],[16.8847,68.6854],[17.1312,68.6935],[17.3908,68.7994],[17.49,68.8788],[17.5463,69.0011],[17.7046,69.1],[18.1015,69.1563],[18.0787,69.3252],[18.2598,69.4706],[18.6455,69.3219],[18.859,69.3145],[18.9159,69.3356],[18.6244,69.4344],[18.6145,69.4906],[18.9911,69.5611],[19.0384,69.6604],[19.1973,69.7479],[19.687,69.8047],[19.7225,69.7816],[19.6415,69.424],[19.7368,69.5038],[19.8646,69.7221],[19.9605,69.8246],[20.0689,69.8834],[20.3242,69.9453],[20.3872,69.8676],[20.3382,69.6167],[20.0438,69.3557],[20.0545,69.3327],[20.1072,69.3412],[20.4867,69.5421],[20.7395,69.5205],[20.5625,69.6328],[20.5327,69.6923],[20.546,69.8511],[20.6221,69.9139],[21.1631,69.8895],[21.2537,70.0032],[21.4329,70.0132],[21.9317,69.8147],[21.9747,69.8346],[21.8926,70.0042],[21.8027,70.0661],[21.4004,70.1745],[21.3463,70.2083],[21.3558,70.2334],[21.5388,70.2577],[21.7803,70.2299],[21.9955,70.2934],[22.0544,70.276],[22.2194,70.3092],[22.322,70.2645],[22.3848,70.2777],[22.4212,70.3376],[22.6846,70.3748],[22.9412,70.305],[23.0465,70.1019],[23.2579,69.9933],[23.3539,69.9834],[23.4002,70.0198],[23.286,70.1048],[23.3291,70.2072],[23.3794,70.2475],[23.6612,70.3998],[23.8972,70.4788],[24.0385,70.4854],[24.2855,70.6624],[24.42,70.702],[24.4035,70.7453],[24.2682,70.7727],[24.2635,70.8263],[24.658,71.001],[24.7647,71.0084],[25.2646,70.8435],[25.4359,70.9119],[25.7119,70.8697],[25.7682,70.8532],[25.7814,70.8168],[25.2735,70.5524],[25.2093,70.4894],[25.1464,70.324],[24.9942,70.2182],[24.9827,70.144],[25.0438,70.109],[25.2118,70.1365],[25.4188,70.2355],[25.4705,70.3406],[26.5069,70.9128],[26.6613,70.9397],[26.734,70.8536],[26.6755,70.741],[26.5582,70.6691],[26.6446,70.6362],[26.5851,70.41],[26.9894,70.5114],[27.1837,70.744],[27.3094,70.8036],[27.5465,70.804],[27.5557,70.8274],[27.269,70.91],[27.2353,70.9472],[27.5971,71.0913],[28.1417,71.043],[28.3923,70.9753],[28.3827,70.8694],[28.3269,70.8252],[27.951,70.7176],[27.898,70.6779],[27.9988,70.6643],[28.2156,70.7043],[28.2718,70.668],[28.2027,70.5769],[28.166,70.3604],[28.193,70.2486],[28.3099,70.4431],[28.4373,70.5014],[28.4848,70.6188],[28.6094,70.7597],[28.8315,70.864],[29.1023,70.8607],[29.3977,70.7341],[29.6391,70.705],[29.7375,70.6468],[30.0651,70.703],[30.2377,70.6222],[30.2132,70.5433],[30.5959,70.5237],[30.9264,70.4011],[30.9606,70.3438],[30.9441,70.2744],[30.4689,70.1979],[30.263,70.1247],[29.9259,70.0965],[28.7812,70.1454],[28.8043,70.0925],[29.6014,69.9768],[29.6469,69.9437],[29.6214,69.8741],[29.6359,69.7801],[29.6946,69.7446],[30.0883,69.7176],[30.1552,69.7459],[30.1801,69.8412],[30.2376,69.8622],[30.3488,69.8346],[30.4283,69.7223],[30.4844,69.7949],[30.8697,69.7834],[30.9241,69.6518],[30.8967,69.5612],[30.7889,69.5285],[30.6154,69.5326],[30.1598,69.6299],[30.1965,69.5806],[30.1867,69.5428],[30.0873,69.4329],[29.8327,69.3604],[29.3883,69.2981],[29.21,69.097],[28.9658,69.022],[28.8326,69.119],[28.8463,69.1769],[29.3334,69.473],[29.1416,69.6714],[28.4117,69.8228],[27.8899,70.0617],[27.7479,70.0648],[27.1275,69.9065],[26.7402,69.9331],[26.5254,69.915],[26.3082,69.7819],[26.0725,69.6916],[25.9615,69.5886],[25.8502,69.3665],[25.7672,69.2827],[25.7483,68.9901],[25.5753,68.8872],[25.2491,68.8213],[25.0869,68.6396],[24.9414,68.5933],[23.9974,68.7984],[23.854,68.8059],[23.707,68.7139],[23.324,68.649],[23.1443,68.6426],[23.0717,68.6744],[22.4109,68.7199],[22.3004,68.8559],[21.5938,69.2736],[21.2668,69.2737],[21.0661,69.2141],[21.0526,69.1866],[21.1278,69.0808],[21.0657,69.0417],[20.6759,69.0695],[20.6222,69.0369]]],[[[16.7867,79.9067],[16.889,79.9154],[16.9664,79.9589],[17.2194,79.9408],[17.5782,79.8847],[17.8346,79.8],[17.9562,79.7042],[17.6875,79.5334],[17.734,79.4813],[17.6688,79.3859],[18.2721,79.6006],[18.3974,79.6052],[18.5814,79.5716],[18.8152,79.4267],[18.8074,79.3032],[18.6778,79.2617],[18.8801,79.2343],[19.0895,79.157],[19.4902,79.1757],[19.7509,79.1468],[19.8936,79.0562],[20.1138,79.0767],[20.1145,79.125],[20.1627,79.1457],[20.611,79.1066],[20.7672,79.0591],[20.5007,78.9814],[20.7203,78.9067],[21.3122,78.7959],[21.3888,78.7404],[21.0963,78.6763],[19.6768,78.6096],[19.6186,78.5622],[19.1505,78.3794],[18.9838,78.2342],[18.9576,78.1825],[19.0087,78.1323],[18.9951,78.0815],[18.8221,78.0417],[18.4393,78.025],[18.3619,77.6823],[18.2279,77.5226],[17.8471,77.4968],[17.6233,77.3994],[17.4425,77.2252],[17.1525,77.0489],[17.249,76.9692],[16.9767,76.8116],[17.0627,76.659],[16.9352,76.6062],[16.7005,76.5793],[16.4619,76.6093],[16.1238,76.7385],[15.5468,76.8864],[15.1242,77.0851],[14.3658,77.2345],[14.0504,77.4032],[14.0042,77.4452],[13.9957,77.5082],[14.0713,77.5641],[14.3776,77.5796],[14.695,77.525],[14.9208,77.6888],[16.206,77.7825],[17.0333,77.7977],[16.9141,77.898],[16.0601,77.8471],[15.5854,77.8691],[14.8469,77.7787],[14.0899,77.7714],[13.7911,77.8538],[13.7142,77.9194],[13.6806,78.0281],[13.7701,78.0746],[13.9369,78.0855],[14.3072,78.0051],[14.2481,78.0714],[14.9947,78.1512],[15.3414,78.2209],[15.698,78.2276],[15.6571,78.299],[15.7839,78.3271],[16.777,78.3504],[17.172,78.4171],[16.7266,78.4072],[16.5354,78.4489],[16.4486,78.5036],[16.7826,78.6636],[16.5305,78.6563],[15.944,78.493],[15.4174,78.4732],[15.36,78.4875],[15.2542,78.5891],[15.3916,78.7212],[15.3842,78.7712],[15.3228,78.7812],[15.1373,78.6643],[15.0163,78.6301],[14.8918,78.6395],[14.7924,78.7056],[14.6893,78.7209],[14.4672,78.6754],[14.5154,78.5806],[14.4318,78.4925],[14.6383,78.4146],[14.1104,78.2709],[13.1502,78.2375],[12.6646,78.3848],[12.2579,78.5947],[11.9617,78.6424],[11.7738,78.7164],[11.7552,78.8117],[11.861,78.8319],[11.3654,78.9504],[11.5476,78.983],[12.2749,78.9045],[12.4033,78.9532],[12.0873,78.9751],[11.9818,79.0253],[11.8928,79.1523],[12.084,79.2675],[11.9783,79.2927],[11.5798,79.2835],[11.6164,79.2053],[11.5212,79.1513],[11.3389,79.1091],[11.2081,79.1296],[10.7376,79.5202],[10.737,79.5816],[10.8107,79.6409],[10.6821,79.7583],[10.8659,79.7966],[11.1504,79.717],[11.2506,79.7849],[11.7023,79.8206],[12.2878,79.7131],[12.2191,79.7979],[12.28,79.816],[12.7535,79.7758],[13.1075,79.8317],[13.6929,79.861],[13.9142,79.8169],[13.9211,79.7617],[13.7775,79.7153],[13.0393,79.6852],[12.5554,79.5695],[13.3338,79.5748],[13.3836,79.4808],[13.7162,79.4292],[13.9572,79.3396],[14.0296,79.3441],[14.0559,79.3831],[14.0111,79.4819],[14.0398,79.5856],[14.5937,79.7987],[14.8318,79.7664],[15.0523,79.6753],[15.7641,79.1743],[16.3438,78.9761],[16.2535,79.1121],[15.8751,79.5192],[15.8258,79.709],[15.9558,79.8351],[16.1002,79.8844],[16.0566,79.954],[16.0938,80.0073],[16.2457,80.0495],[16.524,80.0205],[16.7867,79.9067]]]]}},{"type":"Feature","properties":{"ISO_A2":"KP","NAME":"North Korea","CONTINENT":"Asia","REGION":"Asia"},"geometry":{"type":"Polygon","coordinates":[[[128.3746,38.6234],[128.1687,38.3593],[128.039,38.3085],[127.294,38.3133],[127.0903,38.2839],[127.0097,38.2405],[126.6668,37.9172],[126.6646,37.8007],[126.6339,37.7818],[126.3699,37.8784],[126.2031,37.8285],[126.1167,37.7429],[126.0503,37.8698],[125.9417,37.8737],[125.7691,37.9854],[125.695,37.9627],[125.5815,37.815],[125.4493,37.7302],[125.3578,37.7248],[125.3107,37.8435],[124.9888,37.9314],[125.2467,38.0568],[125.2067,38.0815],[124.995,38.0778],[124.6909,38.1292],[124.8745,38.2334],[124.8806,38.3417],[124.9737,38.4801],[125.0674,38.5567],[125.3097,38.6654],[125.5545,38.6862],[125.4242,38.7469],[125.2989,38.743],[125.1688,38.8055],[125.1573,38.8715],[125.4097,39.2884],[125.3608,39.5266],[125.1001,39.5903],[124.7753,39.7581],[124.7389,39.7415],[124.7322,39.6522],[124.6383,39.6151],[124.5574,39.7906],[124.3486,39.9069],[124.3866,40.1042],[124.8894,40.4598],[124.9969,40.4647],[125.0729,40.5475],[125.4169,40.6599],[125.5938,40.779],[125.6451,40.779],[125.7283,40.8667],[125.9891,40.9046],[126.4118,41.3213],[126.4904,41.3581],[126.6013,41.641],[126.9035,41.7811],[127.0069,41.742],[127.1797,41.5313],[127.6877,41.44],[128.0131,41.4487],[128.1494,41.3877],[128.2909,41.5628],[128.2893,41.6074],[128.0329,41.8985],[128.0452,41.9875],[128.3078,42.0256],[128.9234,42.0382],[129.1955,42.2185],[129.2178,42.3127],[129.3137,42.4136],[129.4236,42.4359],[129.5237,42.3847],[129.6039,42.4359],[129.6979,42.4481],[129.7792,42.7766],[129.861,42.9651],[129.8982,42.9981],[130.0826,42.9742],[130.2403,42.8918],[130.2467,42.7448],[130.3607,42.6309],[130.4982,42.5705],[130.6873,42.3025],[130.6365,42.2749],[130.4575,42.3017],[130.2357,42.1832],[130.1799,42.097],[130.0073,41.9912],[129.8764,41.8055],[129.7563,41.7123],[129.6863,41.595],[129.6824,41.4943],[129.759,41.3915],[129.7658,41.3039],[129.7121,41.1237],[129.742,40.9323],[129.7087,40.8573],[129.3411,40.7263],[129.2451,40.661],[129.1098,40.4911],[128.7014,40.3175],[128.6107,40.1979],[128.5112,40.1302],[128.3045,40.0359],[128.1063,40.0326],[127.9666,39.9956],[127.8671,39.8959],[127.5682,39.782],[127.5274,39.6957],[127.5489,39.4611],[127.5229,39.3774],[127.4574,39.401],[127.4223,39.3736],[127.3835,39.2961],[127.3945,39.2079],[127.7861,39.0841],[127.9717,38.898],[128.2494,38.7452],[128.3746,38.6234]]]}},{"type":"Feature","properties":{"ISO_A2":"NG","NAME":"Nigeria","CONTINENT":"Africa","REGION":"Africa"},"geometry":{"type":"Polygon","coordinates":[[[13.6063,13.7046],[14.064,13.0785],[14.1975,12.3838],[14.5189,12.2982],[14.6197,12.151],[14.5974,11.8298],[14.5618,11.7287],[14.5754,11.5324],[14.4961,11.4461],[14.2023,11.2682],[13.9814,11.2119],[13.8921,11.1401],[13.6999,10.8731],[13.5354,10.6051],[13.4146,10.1714],[13.2699,10.0362],[13.1987,9.5638],[12.9295,9.4263],[12.8757,9.3035],[12.8065,8.8866],[12.7312,8.7457],[12.5827,8.6241],[12.4035,8.5956],[12.2334,8.2823],[12.156,7.9425],[12.0252,7.7278],[12.016,7.5897],[11.7674,7.2723],[11.8614,7.1164],[11.5801,6.8889],[11.5517,6.6973],[11.4018,6.5339],[11.2373,6.4505],[11.1064,6.4577],[11.0087,6.7391],[10.7376,6.9883],[10.6063,7.0631],[10.5563,7.0375],[10.4823,6.8913],[10.4132,6.8777],[10.2055,6.8916],[10.1436,6.9964],[9.7799,6.7602],[9.66,6.532],[9.3733,6.3196],[9.0602,6.0091],[8.9351,5.781],[8.801,5.1975],[8.5559,4.7552],[8.5148,4.7247],[8.4313,4.7462],[8.3937,4.8138],[8.3421,4.8248],[8.2527,4.924],[8.2338,4.9075],[8.328,4.6561],[8.2931,4.5576],[7.6442,4.5253],[7.5656,4.5609],[7.5308,4.6552],[7.4599,4.5552],[7.2844,4.5477],[7.0766,4.7162],[7.1642,4.6156],[7.1547,4.5144],[7.0134,4.3973],[6.9232,4.3907],[6.8679,4.4411],[6.7876,4.7247],[6.7931,4.4691],[6.8604,4.3733],[6.633,4.3402],[6.58,4.476],[6.5546,4.3414],[6.2637,4.3094],[6.271,4.4321],[6.2146,4.3855],[6.2056,4.2923],[6.1733,4.2774],[5.9707,4.3386],[5.5878,4.6472],[5.3833,5.129],[5.4521,5.1266],[5.476,5.1539],[5.3883,5.1738],[5.3642,5.2593],[5.368,5.3377],[5.5009,5.3786],[5.5497,5.4742],[5.3858,5.4018],[5.2324,5.4838],[5.1992,5.5335],[5.2158,5.5717],[5.3938,5.5745],[5.4566,5.6117],[5.3503,5.6233],[5.3273,5.7075],[5.2763,5.6416],[5.1729,5.6027],[5.1124,5.6416],[5.0931,5.7671],[4.861,6.0263],[4.4313,6.3486],[4.1259,6.4114],[3.4508,6.4271],[3.7517,6.5838],[3.717,6.5979],[3.4302,6.525],[3.3355,6.3969],[2.7064,6.3692],[2.7746,6.7117],[2.7214,6.9803],[2.7567,7.0679],[2.7505,7.3951],[2.7852,7.4769],[2.7193,7.6163],[2.686,7.8737],[2.7329,8.7825],[2.7748,9.0485],[3.0449,9.0838],[3.148,9.3206],[3.1361,9.4516],[3.3295,9.667],[3.3252,9.7785],[3.5572,9.9073],[3.6021,10.0045],[3.6459,10.1602],[3.5766,10.2684],[3.6041,10.3507],[3.6803,10.4278],[3.7585,10.4127],[3.7838,10.4359],[3.8297,10.6538],[3.7568,10.7688],[3.7164,11.0796],[3.4878,11.3954],[3.4905,11.4992],[3.5539,11.6319],[3.6647,11.7625],[3.6118,11.8873],[3.6406,11.9704],[3.6467,12.53],[3.9479,12.775],[4.0388,12.9347],[4.0874,13.0555],[4.1476,13.4577],[4.4214,13.6475],[4.8233,13.7598],[5.2419,13.7572],[5.3616,13.8369],[5.492,13.8729],[6.1843,13.6637],[6.2998,13.6588],[6.5899,13.4091],[6.8043,13.1077],[6.9372,13.0082],[7.0567,13.0002],[7.173,13.0863],[7.3578,13.1072],[7.8305,13.3409],[8.095,13.2912],[8.7506,12.9082],[9.2016,12.8215],[9.6159,12.8106],[9.9293,13.1353],[10.0451,13.2062],[10.1847,13.2701],[10.4759,13.3302],[10.9589,13.3715],[11.4119,13.3536],[11.6934,13.2977],[11.99,13.1918],[12.118,13.0904],[12.4632,13.0938],[12.5102,13.1943],[12.6548,13.3266],[12.8717,13.449],[13.1938,13.573],[13.3238,13.6709],[13.6063,13.7046]]]}},{"type":"Feature","properties":{"ISO_A2":"NE","NAME":"Niger","CONTINENT":"Africa","REGION":"Africa"},"geometry":{"type":"Polygon","coordinates":[[[13.6063,13.7046],[13.3238,13.6709],[13.1938,13.573],[12.8717,13.449],[12.6548,13.3266],[12.5102,13.1943],[12.4632,13.0938],[12.118,13.0904],[11.99,13.1918],[11.6934,13.2977],[11.4119,13.3536],[10.9589,13.3715],[10.4759,13.3302],[10.1847,13.2701],[10.0451,13.2062],[9.9293,13.1353],[9.6159,12.8106],[9.2016,12.8215],[8.7506,12.9082],[8.095,13.2912],[7.8305,13.3409],[7.3578,13.1072],[7.173,13.0863],[7.0567,13.0002],[6.9372,13.0082],[6.8043,13.1077],[6.5899,13.4091],[6.2998,13.6588],[6.1843,13.6637],[5.492,13.8729],[5.3616,13.8369],[5.2419,13.7572],[4.6648,13.7332],[4.4214,13.6475],[4.1476,13.4577],[4.0874,13.0555],[4.0388,12.9347],[3.9479,12.775],[3.6467,12.53],[3.6406,11.9704],[3.6118,11.8873],[3.6647,11.7625],[3.5954,11.6963],[3.4498,11.852],[3.2991,11.9271],[3.1496,12.1181],[2.8781,12.3677],[2.8053,12.3838],[2.6484,12.2968],[2.366,12.2219],[2.4127,11.9993],[2.3892,11.8971],[2.0729,12.3094],[2.0686,12.3791],[2.2038,12.4126],[2.2263,12.4661],[2.2115,12.5384],[2.1046,12.7013],[1.9562,12.7074],[1.7898,12.6133],[1.5649,12.6354],[1.0968,13.0011],[0.9873,13.0419],[0.9885,13.3648],[1.1709,13.3296],[1.2012,13.3575],[1.0179,13.4679],[0.9777,13.552],[0.8979,13.6109],[0.6182,13.7034],[0.374,14.0764],[0.3549,14.139],[0.3825,14.2458],[0.1639,14.4972],[0.2287,14.9637],[0.7187,14.9549],[0.9475,14.9821],[1.3002,15.2723],[3.0011,15.341],[3.0105,15.4083],[3.0602,15.4272],[3.5043,15.3563],[3.5205,15.4831],[3.7096,15.6417],[3.8165,15.674],[3.877,15.7553],[4.0148,16.1927],[4.1213,16.3577],[4.1821,16.5818],[4.2029,16.9627],[4.2347,16.9964],[4.2276,19.1428],[5.7483,19.4342],[5.8366,19.4792],[7.4817,20.8731],[11.9679,23.5179],[13.4813,23.1802],[13.5986,23.1195],[14.2308,22.6185],[14.9789,22.9963],[15.1723,21.9221],[15.1818,21.5234],[15.2937,21.4115],[15.6073,20.9544],[15.5403,20.8749],[15.5871,20.7333],[15.9632,20.3462],[15.7351,19.9041],[15.4743,16.9084],[14.368,15.7501],[13.8071,14.9661],[13.6424,14.6308],[13.4482,14.3807],[13.6063,13.7046]]]}},{"type":"Feature","properties":{"ISO_A2":"NI","NAME":"Nicaragua","CONTINENT":"North America","REGION":"Americas"},"geometry":{"type":"Polygon","coordinates":[[[-83.1575,14.9931],[-83.2799,14.8128],[-83.302,14.8021],[-83.3063,14.8905],[-83.3444,14.9021],[-83.4137,14.8253],[-83.3749,14.7661],[-83.2992,14.749],[-83.1877,14.3401],[-83.2808,14.1536],[-83.4123,13.9965],[-83.4937,13.7388],[-83.5673,13.3203],[-83.5145,12.9439],[-83.5412,12.5963],[-83.5109,12.4118],[-83.5959,12.3965],[-83.6272,12.4593],[-83.5781,12.6671],[-83.5934,12.7131],[-83.6253,12.6129],[-83.7542,12.502],[-83.6513,12.2871],[-83.6804,12.0243],[-83.7672,12.0593],[-83.7693,11.9316],[-83.8289,11.861],[-83.7046,11.8246],[-83.6518,11.642],[-83.745,11.5665],[-83.8679,11.3],[-83.8318,11.1305],[-83.7679,11.0103],[-83.7141,10.9338],[-83.642,10.9172],[-83.6589,10.8369],[-83.7129,10.7859],[-83.9193,10.7354],[-84.1684,10.7804],[-84.3483,10.9799],[-84.7012,11.0522],[-84.9092,10.9453],[-85.5842,11.1895],[-85.7443,11.0621],[-85.8285,11.1987],[-85.9611,11.3313],[-86.4689,11.7383],[-86.7556,12.1566],[-87.6675,12.9036],[-87.6702,12.9657],[-87.5851,13.0433],[-87.3896,12.9207],[-87.3373,12.9792],[-87.0592,12.9915],[-86.9589,13.0537],[-86.9182,13.2236],[-86.8735,13.2665],[-86.7293,13.2844],[-86.7107,13.3134],[-86.7706,13.6987],[-86.7336,13.7635],[-86.3317,13.7701],[-86.1512,13.9946],[-86.0404,14.0501],[-85.9838,13.9657],[-85.7867,13.8444],[-85.7339,13.8587],[-85.7312,13.9318],[-85.6819,13.9826],[-85.5798,14.0282],[-85.3738,14.2239],[-85.1795,14.3433],[-85.1915,14.4466],[-85.1613,14.5251],[-85.0365,14.6077],[-85.0374,14.6855],[-84.9852,14.7524],[-84.8604,14.8098],[-84.7892,14.7904],[-84.6459,14.6611],[-84.4536,14.6437],[-84.3937,14.6917],[-84.2666,14.6981],[-84.2392,14.7479],[-84.1508,14.7204],[-84.0658,14.7861],[-83.9723,14.7711],[-83.6355,14.8764],[-83.5365,14.977],[-83.415,15.0081],[-83.1575,14.9931]]]}},{"type":"Feature","properties":{"ISO_A2":"NZ","NAME":"New Zealand","CONTINENT":"Oceania","REGION":"Oceania"},"geometry":{"type":"MultiPolygon","coordinates":[[[[173.1153,-41.2793],[173.2309,-41.2842],[173.7379,-40.989],[173.9472,-40.9241],[174.0024,-40.9178],[173.9528,-40.9849],[173.8898,-41.0072],[173.9151,-41.0701],[173.8604,-41.1244],[173.8624,-41.1921],[173.7979,-41.272],[173.8971,-41.2394],[173.9576,-41.0999],[174.024,-41.0723],[173.9994,-40.9933],[174.2118,-40.9854],[174.2238,-41.0244],[174.3025,-41.0195],[174.1995,-41.1602],[174.0386,-41.2419],[174.1381,-41.2482],[174.3701,-41.1037],[174.3676,-41.1884],[174.2371,-41.3122],[174.1021,-41.3659],[174.0693,-41.4295],[174.0924,-41.5052],[174.1611,-41.5618],[174.0837,-41.6708],[174.1699,-41.6572],[174.2831,-41.7406],[174.2154,-41.8502],[173.888,-42.1302],[173.8892,-42.2116],[173.8398,-42.2709],[173.5451,-42.518],[173.3476,-42.8408],[173.2212,-42.9766],[172.8889,-43.1242],[172.7186,-43.2588],[172.624,-43.2725],[172.7348,-43.3548],[172.6997,-43.3997],[172.5267,-43.4647],[172.6935,-43.4443],[172.7404,-43.4679],[172.807,-43.621],[173.0732,-43.6762],[173.1169,-43.7979],[173.0939,-43.8441],[173.0656,-43.8746],[172.9206,-43.8914],[172.8177,-43.8701],[172.7493,-43.8131],[172.5027,-43.8437],[172.476,-43.8334],[172.5838,-43.7735],[172.4804,-43.7267],[172.3956,-43.7778],[172.3504,-43.8594],[172.2966,-43.8679],[172.0355,-43.7018],[172.1798,-43.896],[171.659,-44.1172],[171.4426,-44.1358],[171.3646,-44.255],[171.2407,-44.2642],[171.313,-44.3019],[171.2311,-44.5212],[171.1463,-44.9123],[170.999,-44.9114],[171.1342,-44.9777],[171.1133,-45.0393],[170.9396,-45.2164],[170.8899,-45.3739],[170.7006,-45.6843],[170.7885,-45.7925],[170.7763,-45.8709],[170.4191,-45.941],[170.3354,-45.9918],[170.1861,-46.1608],[169.9183,-46.3344],[169.6866,-46.5517],[169.3423,-46.6205],[169.0986,-46.6307],[168.7668,-46.5663],[168.5723,-46.611],[168.3821,-46.6054],[168.3257,-46.5457],[168.3431,-46.4891],[168.3197,-46.4472],[168.1892,-46.3622],[167.842,-46.3662],[167.6822,-46.193],[167.5395,-46.1485],[167.3689,-46.2415],[166.8308,-46.2255],[166.7315,-46.1979],[166.7121,-46.1337],[166.9167,-45.9572],[166.7303,-46.0527],[166.6499,-46.0417],[166.727,-45.9633],[166.718,-45.8894],[166.6127,-45.9554],[166.4932,-45.9639],[166.4776,-45.9027],[166.5129,-45.8117],[166.836,-45.7745],[167.0033,-45.7121],[166.81,-45.699],[166.7977,-45.6456],[166.8256,-45.6028],[166.9908,-45.5317],[166.734,-45.5436],[166.7783,-45.4097],[166.9199,-45.4079],[166.8756,-45.3676],[166.8692,-45.3112],[167.1557,-45.4109],[167.1178,-45.318],[167.2301,-45.2903],[167.0328,-45.2225],[167.0259,-45.1236],[167.1279,-45.0508],[167.1882,-45.0941],[167.2595,-45.0822],[167.1719,-44.9971],[167.4107,-44.8279],[167.4662,-44.9583],[167.4821,-44.8739],[167.4563,-44.8383],[167.485,-44.7714],[167.5776,-44.7408],[167.787,-44.595],[167.909,-44.6647],[167.8565,-44.5007],[168.3666,-44.082],[168.651,-43.9722],[168.8064,-43.992],[169.0665,-43.8635],[169.1789,-43.9131],[169.1357,-43.8198],[169.1695,-43.7771],[169.5152,-43.6236],[169.8339,-43.537],[169.8351,-43.459],[169.908,-43.4466],[169.859,-43.426],[170.0176,-43.3494],[170.2402,-43.1639],[170.3,-43.1446],[170.3961,-43.1822],[170.3743,-43.1347],[170.3028,-43.1076],[170.4587,-43.0377],[170.6118,-43.0918],[170.5236,-43.009],[170.6654,-42.9612],[170.7353,-43.0298],[170.7416,-42.9273],[170.9699,-42.7184],[171.0114,-42.7637],[171.0117,-42.8851],[171.0384,-42.8621],[171.0277,-42.6961],[171.1896,-42.5005],[171.3134,-42.4602],[171.2522,-42.402],[171.4862,-41.7947],[171.5363,-41.7575],[171.7316,-41.7196],[171.948,-41.5387],[172.0107,-41.4447],[172.0934,-41.2016],[172.1395,-40.9473],[172.2728,-40.7587],[172.6406,-40.5183],[172.8302,-40.49],[172.9437,-40.5187],[172.7326,-40.5437],[172.7044,-40.6678],[172.7668,-40.7734],[172.9887,-40.8482],[173.0423,-40.9536],[173.0687,-41.1858],[173.1153,-41.2793]]],[[[173.2694,-34.9348],[173.2846,-34.9806],[173.4479,-34.8443],[173.4387,-34.9285],[173.4727,-34.947],[173.6938,-35.0057],[173.7862,-35.0686],[173.8439,-35.0263],[174.104,-35.1429],[174.1432,-35.3],[174.2032,-35.3086],[174.3203,-35.2467],[174.5435,-35.582],[174.5086,-35.6674],[174.5807,-35.7855],[174.391,-35.7737],[174.3958,-35.7974],[174.8021,-36.3095],[174.7518,-36.4908],[174.8192,-36.6121],[174.7771,-36.6498],[174.7225,-36.8412],[174.8914,-36.9094],[174.9521,-36.8529],[175.2995,-36.9933],[175.3854,-37.2069],[175.5425,-37.2014],[175.5682,-37.1594],[175.4932,-36.8657],[175.4874,-36.6896],[175.3855,-36.5563],[175.3998,-36.5008],[175.4608,-36.4757],[175.6814,-36.747],[175.7722,-36.7352],[175.7807,-36.8046],[175.8762,-36.9577],[175.9901,-37.437],[176.1146,-37.5383],[176.129,-37.5867],[176.0533,-37.5617],[176.0379,-37.6007],[176.1084,-37.6451],[176.2917,-37.6801],[176.77,-37.8896],[177.274,-37.9935],[177.4533,-37.9574],[177.5583,-37.8975],[177.7273,-37.7056],[178.0092,-37.5549],[178.2722,-37.5669],[178.5362,-37.6921],[178.3939,-37.9603],[178.3154,-38.444],[178.2677,-38.5512],[178.0849,-38.6939],[177.9762,-38.7223],[177.9104,-39.0218],[177.9656,-39.1425],[177.9088,-39.2396],[177.7861,-39.1109],[177.5229,-39.0738],[177.2966,-39.1158],[177.0768,-39.2218],[176.9541,-39.3676],[176.9393,-39.5553],[176.9666,-39.6052],[177.1099,-39.6731],[176.8422,-40.1578],[176.6888,-40.2935],[176.6115,-40.442],[176.3852,-40.6677],[175.9829,-41.2133],[175.6873,-41.4117],[175.3098,-41.6106],[175.2222,-41.5744],[175.1656,-41.4174],[175.0539,-41.3912],[174.8813,-41.424],[174.875,-41.2782],[174.9002,-41.2427],[174.8656,-41.223],[174.8197,-41.2629],[174.8412,-41.2907],[174.757,-41.3253],[174.6695,-41.3263],[174.6354,-41.2895],[175.0168,-40.8477],[175.1625,-40.6216],[175.2541,-40.2894],[175.156,-40.1149],[175.0093,-39.9521],[174.8138,-39.8602],[174.5675,-39.813],[174.3521,-39.6434],[173.9344,-39.5091],[173.8121,-39.4258],[173.7637,-39.3187],[173.7816,-39.2112],[173.8443,-39.1394],[174.0714,-39.0312],[174.3984,-38.9626],[174.5662,-38.8416],[174.5974,-38.7851],[174.7153,-38.2256],[174.84,-38.0227],[174.8017,-37.8955],[174.928,-37.8045],[174.7292,-37.4487],[174.7677,-37.3391],[174.7074,-37.3253],[174.5858,-37.0978],[174.6097,-37.0699],[174.6597,-37.0888],[174.7343,-37.2152],[174.7464,-37.1501],[174.8036,-37.1101],[174.9289,-37.0848],[174.782,-36.9437],[174.6015,-36.9857],[174.4756,-36.9419],[174.3819,-36.726],[174.1889,-36.4923],[174.2457,-36.485],[174.4016,-36.602],[174.4543,-36.5107],[174.4469,-36.4509],[174.3541,-36.376],[174.3928,-36.24],[174.2679,-36.1631],[174.2775,-36.2437],[174.2537,-36.2491],[174.0364,-36.1225],[173.9145,-35.9087],[173.9173,-36.0182],[174.1664,-36.3276],[174.1458,-36.377],[174.0975,-36.391],[174.0547,-36.3598],[173.9451,-36.1759],[173.4122,-35.5426],[173.6262,-35.3191],[173.5816,-35.3126],[173.4961,-35.3623],[173.3764,-35.5001],[173.314,-35.4434],[173.2745,-35.3396],[173.2281,-35.3312],[173.1167,-35.2053],[173.1888,-35.1237],[173.1906,-35.0162],[172.706,-34.4552],[173.0439,-34.4291],[172.9638,-34.5352],[173.1813,-34.8527],[173.2694,-34.9348]]]]}},{"type":"Feature","properties":{"ISO_A2":"NU","NAME":"Niue","CONTINENT":"Oceania","REGION":"Oceania"},"geometry":{"type":"Polygon","coordinates":[[[-169.8034,-19.083],[-169.9038,-19.1379],[-169.9483,-19.0729],[-169.9087,-18.9902],[-169.834,-18.966],[-169.8034,-19.083]]]}},{"type":"Feature","properties":{"ISO_A2":"CK","NAME":"Cook Is.","CONTINENT":"Oceania","REGION":"Oceania"},"geometry":{"type":"Polygon","coordinates":[[[-159.7405,-21.2492],[-159.8396,-21.2381],[-159.832,-21.2005],[-159.7684,-21.1885],[-159.7405,-21.2492]]]}},{"type":"Feature","properties":{"ISO_A2":"NL","NAME":"Netherlands","CONTINENT":"Europe","REGION":"Europe"},"geometry":{"type":"Polygon","coordinates":[[[5.9939,50.7504],[5.7471,50.7596],[5.6937,50.7747],[5.6395,50.8436],[5.75,50.9502],[5.8183,51.0864],[5.8271,51.1256],[5.7965,51.1531],[5.6088,51.1984],[5.4769,51.2851],[5.3108,51.2597],[5.2142,51.279],[5.0999,51.3465],[5.031,51.4691],[4.9439,51.4078],[4.848,51.4033],[4.7557,51.4911],[4.634,51.4217],[4.5034,51.4747],[4.3848,51.4276],[4.404,51.3671],[4.3737,51.356],[4.0065,51.4432],[3.8219,51.4094],[3.5869,51.4539],[3.4489,51.5408],[3.5486,51.5891],[3.7439,51.596],[3.886,51.5742],[4.1413,51.4558],[4.2741,51.4716],[4.0048,51.5959],[4.1826,51.6103],[3.9469,51.8105],[4.0849,51.9941],[4.2088,52.059],[4.4828,52.3092],[4.5621,52.4426],[4.6783,52.8098],[4.7688,52.9413],[4.888,52.9084],[5.0612,52.9606],[5.3584,53.0965],[5.446,53.2141],[5.532,53.2687],[5.8735,53.3752],[6.8162,53.4412],[6.9682,53.3273],[7.1973,53.2823],[7.1899,52.9995],[7.0509,52.7448],[7.033,52.6514],[6.7484,52.6341],[6.7107,52.6179],[6.6916,52.5302],[6.7488,52.464],[7.0019,52.419],[7.0352,52.3802],[7.0196,52.266],[6.9772,52.2055],[6.7245,52.0802],[6.7156,52.0362],[6.8024,51.9802],[6.7418,51.9109],[6.3722,51.83],[6.1665,51.8808],[5.9487,51.8027],[5.9485,51.7624],[6.0894,51.6378],[6.1988,51.45],[6.0759,51.2241],[6.0824,51.18],[6.1369,51.1648],[5.9393,51.0408],[5.8684,51.0453],[5.8672,51.0057],[6.0484,50.9049],[5.9939,50.7504]]]}},{"type":"Feature","properties":{"ISO_A2":"AW","NAME":"Aruba","CONTINENT":"North America","REGION":"Americas"},"geometry":{"type":"Polygon","coordinates":[[[-69.8991,12.452],[-69.8957,12.423],[-69.9422,12.4385],[-70.0661,12.547],[-70.0351,12.6141],[-69.8991,12.452]]]}},{"type":"Feature","properties":{"ISO_A2":"CW","NAME":"Curaçao","CONTINENT":"North America","REGION":"Americas"},"geometry":{"type":"Polygon","coordinates":[[[-68.7511,12.0598],[-68.8033,12.0455],[-68.9951,12.1418],[-69.1538,12.2984],[-69.1589,12.3803],[-69.0768,12.342],[-69.0131,12.2313],[-68.8274,12.1585],[-68.7511,12.0598]]]}},{"type":"Feature","properties":{"ISO_A2":"NP","NAME":"Nepal","CONTINENT":"Asia","REGION":"Asia"},"geometry":{"type":"Polygon","coordinates":[[[88.1098,27.8706],[88.1503,27.8433],[88.147,27.7492],[88.0241,27.4089],[87.9844,27.1339],[88.1572,26.8073],[88.1615,26.7248],[88.0549,26.43],[87.9951,26.3824],[87.8492,26.4369],[87.6334,26.3991],[87.4136,26.4229],[87.2874,26.3603],[87.0896,26.4332],[87.0164,26.5554],[86.7014,26.4351],[86.3661,26.5744],[86.0073,26.6494],[85.7945,26.6042],[85.7373,26.6397],[85.6999,26.7816],[85.6484,26.829],[85.5685,26.8398],[85.293,26.741],[85.1918,26.7666],[85.1254,26.861],[85.0201,26.8785],[84.6854,27.041],[84.6102,27.2987],[84.091,27.4914],[83.8972,27.4351],[83.8288,27.3778],[83.4472,27.4653],[83.2897,27.371],[82.7334,27.519],[82.6773,27.6734],[82.4514,27.6718],[81.9877,27.9138],[81.8526,27.8671],[81.3108,28.1764],[81.1689,28.335],[80.587,28.6496],[80.5179,28.6652],[80.4791,28.6049],[80.4186,28.612],[80.0707,28.8302],[80.0517,28.8703],[80.1305,29.1004],[80.233,29.1946],[80.2549,29.4233],[80.3169,29.5721],[80.4019,29.7303],[80.6129,29.9559],[80.9076,30.1719],[81.0103,30.1645],[81.1104,30.0368],[81.1771,30.0399],[81.2551,30.0933],[81.4172,30.3376],[81.6419,30.3875],[81.8549,30.3624],[82.0434,30.3268],[82.159,30.1152],[82.2207,30.0639],[82.4865,29.9415],[82.8543,29.6834],[83.014,29.6181],[83.1555,29.6126],[83.5835,29.1836],[83.9359,29.2795],[84.1014,29.22],[84.2287,28.9118],[84.7969,28.5602],[85.0691,28.6097],[85.1591,28.5922],[85.0886,28.3723],[85.1225,28.316],[85.6783,28.2774],[85.8402,28.1354],[85.9541,27.9282],[85.9945,27.9104],[86.0642,27.9347],[86.0787,28.0836],[86.137,28.1144],[86.218,28.0221],[86.4087,27.9287],[86.5169,27.9635],[86.5545,28.0852],[86.6145,28.103],[86.6905,28.0949],[86.7504,28.0221],[87.0201,27.9287],[87.1414,27.8383],[87.6226,27.8152],[87.8607,27.8861],[88.1098,27.8706]]]}},{"type":"Feature","properties":{"ISO_A2":"NR","NAME":"Nauru","CONTINENT":"Oceania","REGION":"Oceania"},"geometry":{"type":"Polygon","coordinates":[[[166.9584,-0.5166],[166.939,-0.5508],[166.907,-0.5237],[166.939,-0.4894],[166.9584,-0.5166]]]}},{"type":"Feature","properties":{"ISO_A2":"NA","NAME":"Namibia","CONTINENT":"Africa","REGION":"Africa"},"geometry":{"type":"Polygon","coordinates":[[[23.3807,-17.6406],[24.2749,-17.4811],[24.7329,-17.5178],[25.0018,-17.5686],[25.2588,-17.7936],[24.9091,-17.8214],[24.7922,-17.8646],[24.5306,-18.0527],[24.359,-17.9782],[24.2439,-18.0234],[24.0026,-18.1541],[23.7005,-18.4243],[23.5997,-18.46],[23.2986,-18.0273],[23.2193,-17.9997],[22.0114,-18.1986],[20.9741,-18.3188],[20.971,-22.0002],[19.9773,-22.0002],[19.9805,-28.4513],[19.6715,-28.5039],[19.5398,-28.5746],[19.4829,-28.6616],[19.3127,-28.7333],[19.271,-28.7777],[19.2822,-28.8479],[19.2458,-28.9017],[19.1617,-28.9388],[18.8388,-28.8691],[18.1027,-28.8717],[17.9761,-28.8113],[17.4479,-28.6981],[17.3479,-28.5012],[17.3857,-28.3532],[17.3587,-28.2694],[17.2046,-28.1988],[17.1494,-28.0822],[17.0563,-28.0311],[16.9333,-28.0696],[16.8753,-28.1279],[16.7558,-28.4521],[16.6262,-28.4879],[16.4476,-28.6176],[15.8909,-28.1525],[15.719,-27.9658],[15.2876,-27.275],[15.1328,-26.7876],[15.1237,-26.6679],[15.1633,-26.6002],[15.1391,-26.508],[15.0966,-26.4258],[14.9678,-26.3181],[14.9313,-25.9582],[14.8452,-25.7257],[14.8637,-25.5336],[14.8186,-25.2464],[14.8371,-25.0332],[14.768,-24.788],[14.6279,-24.548],[14.5016,-24.202],[14.4738,-23.2812],[14.4033,-22.9681],[14.4385,-22.8806],[14.4957,-22.9214],[14.5199,-22.8052],[14.526,-22.7025],[14.4628,-22.4491],[14.3219,-22.1899],[13.9732,-21.7676],[13.8394,-21.4732],[13.4506,-20.9167],[13.1684,-20.1847],[13.0421,-20.0282],[12.4582,-18.9268],[12.3287,-18.7511],[12.0412,-18.4707],[11.9514,-18.2705],[11.7759,-18.0018],[11.7335,-17.751],[11.7431,-17.2492],[11.9025,-17.2266],[12.014,-17.1686],[12.1144,-17.1646],[12.2134,-17.21],[12.5481,-17.2127],[13.1012,-16.9677],[13.476,-17.04],[13.6943,-17.2335],[13.938,-17.3888],[14.0175,-17.4089],[14.4147,-17.3877],[18.3964,-17.3994],[18.4866,-17.4428],[18.7181,-17.7032],[18.9553,-17.8035],[19.6394,-17.8687],[20.393,-17.8874],[20.6251,-17.9967],[20.7455,-18.0197],[21.1135,-17.9558],[21.4169,-18.0007],[23.3807,-17.6406]]]}},{"type":"Feature","properties":{"ISO_A2":"MZ","NAME":"Mozambique","CONTINENT":"Africa","REGION":"Africa"},"geometry":{"type":"Polygon","coordinates":[[[31.2879,-22.4021],[31.4295,-22.2988],[32.4298,-21.2971],[32.3536,-21.1365],[32.4762,-20.9501],[32.4924,-20.6598],[32.6726,-20.5161],[32.9928,-19.9849],[33.0067,-19.8738],[32.8308,-19.5582],[32.7776,-19.3888],[32.8498,-19.1044],[32.8262,-19.0588],[32.7165,-19.0019],[32.6997,-18.9409],[32.722,-18.8284],[32.8846,-18.7285],[32.9931,-18.3596],[32.9556,-18.0829],[32.9693,-17.2516],[32.8844,-17.0378],[32.8763,-16.8836],[32.948,-16.7123],[32.7418,-16.6776],[32.6358,-16.5895],[32.2433,-16.4487],[31.9398,-16.4288],[31.6876,-16.2142],[31.4898,-16.1797],[31.2362,-16.0236],[30.4094,-15.9782],[30.3799,-15.5059],[30.3506,-15.3497],[30.2521,-15.1832],[30.2318,-14.9903],[30.6733,-14.8191],[31.5379,-14.5771],[33.2018,-14.0134],[33.3899,-14.2895],[33.6364,-14.5682],[33.6961,-14.5303],[34.0494,-14.4853],[34.2088,-14.4237],[34.375,-14.4248],[34.5053,-14.5981],[34.5555,-15.1409],[34.5408,-15.2973],[34.435,-15.4771],[34.358,-15.7053],[34.2461,-15.8294],[34.2482,-15.8875],[34.403,-16.0803],[34.4164,-16.2468],[34.5281,-16.3191],[34.9334,-16.7604],[35.0799,-16.8339],[35.1121,-16.8985],[35.0942,-16.9738],[35.0439,-17.0169],[35.0646,-17.0786],[35.1246,-17.1272],[35.2726,-17.1185],[35.2812,-16.8078],[35.2298,-16.6393],[35.1783,-16.5733],[35.1853,-16.5049],[35.2915,-16.2472],[35.3585,-16.1605],[35.5993,-16.1259],[35.7553,-16.0583],[35.8199,-15.6804],[35.8054,-15.2656],[35.8928,-14.8918],[35.8472,-14.6709],[35.2475,-13.8969],[34.9068,-13.5517],[34.8505,-13.516],[34.6616,-13.4867],[34.5637,-13.3602],[34.4829,-12.6668],[34.3578,-12.1647],[34.5539,-11.8341],[34.6186,-11.6202],[34.6596,-11.5887],[34.8266,-11.5757],[35.5644,-11.6023],[35.631,-11.582],[35.7854,-11.4529],[35.9113,-11.4547],[36.0822,-11.5373],[36.1755,-11.6093],[36.1913,-11.6707],[36.3057,-11.7063],[36.5187,-11.7162],[36.6738,-11.6843],[36.8727,-11.5713],[36.9789,-11.567],[37.2184,-11.6865],[37.3729,-11.7104],[37.5417,-11.6751],[37.7248,-11.5807],[37.8293,-11.4819],[37.8854,-11.3167],[37.9202,-11.2947],[38.1766,-11.2787],[38.3151,-11.3111],[38.4918,-11.4133],[38.7947,-11.2289],[38.9875,-11.1673],[39.171,-11.1669],[39.3216,-11.1226],[39.4392,-11.0346],[39.8171,-10.9124],[39.9887,-10.8208],[40.4636,-10.4644],[40.6117,-10.6615],[40.4866,-10.7651],[40.5972,-10.8307],[40.5161,-10.9296],[40.5063,-10.9984],[40.5445,-11.0656],[40.4028,-11.332],[40.4651,-11.4494],[40.4331,-11.6573],[40.5315,-12.0046],[40.5015,-12.1194],[40.5231,-12.3928],[40.4871,-12.4922],[40.5483,-12.5266],[40.5809,-12.6355],[40.5533,-12.8246],[40.4477,-12.9048],[40.4368,-12.9831],[40.5688,-12.9847],[40.552,-13.2937],[40.5829,-13.374],[40.5451,-13.4629],[40.5957,-14.1229],[40.6025,-14.1674],[40.7156,-14.2145],[40.7131,-14.2906],[40.6399,-14.39],[40.6461,-14.5387],[40.7267,-14.4207],[40.775,-14.4213],[40.8182,-14.4676],[40.8445,-14.7187],[40.8352,-14.7915],[40.7007,-14.9298],[40.6943,-15.0652],[40.6178,-15.1155],[40.651,-15.2609],[40.559,-15.4734],[40.1088,-15.9793],[40.0992,-16.0653],[39.9836,-16.2255],[39.7909,-16.2945],[39.8446,-16.4356],[39.2423,-16.7926],[39.0844,-16.9729],[38.8848,-17.0416],[38.6699,-17.0503],[38.1449,-17.2428],[38.0482,-17.3214],[37.8395,-17.3932],[37.5123,-17.5707],[37.2445,-17.7399],[36.9394,-17.9935],[36.8996,-18.129],[36.5401,-18.5182],[36.4122,-18.693],[36.4037,-18.7697],[36.3272,-18.7932],[36.2629,-18.7196],[36.2356,-18.8613],[36.125,-18.8424],[35.8537,-18.9934],[35.6513,-19.1639],[35.3653,-19.4939],[34.9479,-19.8127],[34.8523,-19.8205],[34.721,-19.7096],[34.6494,-19.7014],[34.7558,-19.822],[34.7051,-20.473],[34.9823,-20.8062],[35.1176,-21.1952],[35.128,-21.3953],[35.2677,-21.651],[35.3293,-22.0374],[35.3157,-22.3969],[35.383,-22.4546],[35.4188,-22.1776],[35.4563,-22.1159],[35.4938,-22.1247],[35.5301,-22.2481],[35.542,-22.3766],[35.4902,-22.6577],[35.5754,-22.9631],[35.4944,-23.1852],[35.3704,-23.7982],[35.4621,-23.8511],[35.4854,-23.7845],[35.5225,-23.785],[35.542,-23.8244],[35.4896,-24.0655],[35.2549,-24.4303],[35.156,-24.5414],[34.9921,-24.6506],[34.6073,-24.8213],[33.836,-25.068],[33.3475,-25.2609],[32.9611,-25.4904],[32.7922,-25.6443],[32.7226,-25.8209],[32.5904,-26.0041],[32.7035,-26.1585],[32.8488,-26.2681],[32.9164,-26.0869],[32.9549,-26.0836],[32.8892,-26.8305],[32.3535,-26.8616],[32.1129,-26.8395],[32.106,-26.52],[32.0414,-26.2812],[32.0605,-26.0184],[31.9482,-25.9576],[31.9203,-25.7739],[31.9846,-25.6319],[31.9858,-24.4606],[31.7996,-23.8922],[31.5456,-23.4823],[31.5317,-23.2795],[31.2879,-22.4021]],[[34.6416,-12.0137],[34.5914,-11.9711],[34.5416,-12.0187],[34.5805,-12.0658],[34.6218,-12.0666],[34.6416,-12.0137]],[[34.7193,-12.1106],[34.756,-12.0308],[34.6799,-12.0089],[34.6621,-12.1008],[34.7193,-12.1106]]]}},{"type":"Feature","properties":{"ISO_A2":"MA","NAME":"Morocco","CONTINENT":"Africa","REGION":"Africa"},"geometry":{"type":"Polygon","coordinates":[[[-2.2196,35.1042],[-2.1318,34.9709],[-1.7956,34.7519],[-1.8497,34.6073],[-1.7333,34.467],[-1.7918,34.3679],[-1.7069,34.1761],[-1.7141,33.7818],[-1.6312,33.5667],[-1.6792,33.3187],[-1.5507,33.0736],[-1.51,32.8776],[-1.45,32.7848],[-1.111,32.5523],[-1.0655,32.4683],[-1.2403,32.3376],[-1.2621,32.2711],[-1.2259,32.1072],[-2.4484,32.13],[-2.8634,32.0747],[-2.9309,32.0425],[-3.0174,31.8343],[-3.4398,31.7045],[-3.7682,31.6896],[-3.8467,31.6199],[-3.7892,31.3618],[-3.8334,31.1978],[-3.6245,31.0658],[-3.6269,31.0009],[-3.6668,30.964],[-3.9854,30.9135],[-4.3229,30.6989],[-4.9683,30.4654],[-5.1801,30.1662],[-5.4488,29.9569],[-6.0043,29.8313],[-6.4797,29.8204],[-6.5206,29.6599],[-6.6354,29.5688],[-7.1424,29.6196],[-7.4857,29.3922],[-7.6852,29.3495],[-8.2652,28.9805],[-8.6784,28.6894],[-8.6834,27.6564],[-8.8178,27.6564],[-8.7744,27.4605],[-8.7968,27.3082],[-8.7539,27.191],[-8.7539,27.151],[-8.7949,27.1207],[-9.413,27.0885],[-9.7354,26.8609],[-9.8179,26.8502],[-9.9003,26.8502],[-10.0327,26.9107],[-10.2515,26.8609],[-10.5513,26.9908],[-10.7578,27.0201],[-10.9228,27.0104],[-11.3926,26.8834],[-11.3168,26.7447],[-11.3379,26.6334],[-11.5117,26.4703],[-11.6845,26.2135],[-11.7182,26.1041],[-12.0308,26.0309],[-12.0568,25.9963],[-12.311,25.1109],[-12.4312,24.8307],[-12.9912,24.4703],[-13.061,24.401],[-13.311,23.9811],[-13.7709,23.7906],[-13.8911,23.691],[-14.021,23.4107],[-14.1011,23.1002],[-14.2212,22.3102],[-14.6309,21.8609],[-14.6108,21.7506],[-14.6708,21.6002],[-14.751,21.5006],[-14.8408,21.4508],[-14.9711,21.441],[-16.041,21.5006],[-16.731,21.4703],[-17.003,21.4208],[-16.9309,21.9],[-16.7933,22.1597],[-16.684,22.2744],[-16.5144,22.3335],[-16.3587,22.5945],[-16.3043,22.8348],[-16.2019,22.9454],[-16.1697,23.0319],[-16.2103,23.0979],[-15.7893,23.7929],[-15.8017,23.8422],[-15.9807,23.6703],[-15.8993,23.8444],[-15.5863,24.0728],[-15.1886,24.4788],[-15.0389,24.5488],[-14.9043,24.7198],[-14.8561,24.8716],[-14.8429,25.2201],[-14.7949,25.4042],[-14.5228,25.9252],[-14.4706,26.163],[-14.4139,26.2537],[-14.1684,26.4154],[-13.9521,26.4888],[-13.5758,26.7351],[-13.1774,27.6519],[-13.0407,27.7698],[-12.9489,27.9142],[-12.7937,27.9784],[-12.4689,28.0094],[-11.9861,28.1293],[-11.5527,28.3101],[-11.4302,28.382],[-11.081,28.7138],[-10.4865,29.0649],[-10.2006,29.3804],[-9.7435,29.9582],[-9.6671,30.1093],[-9.6238,30.3526],[-9.6529,30.4476],[-9.7731,30.6031],[-9.8539,30.6446],[-9.8755,30.7179],[-9.8324,30.8473],[-9.8087,31.4246],[-9.675,31.711],[-9.3475,32.0864],[-9.2866,32.2406],[-9.2459,32.5725],[-8.8362,32.9205],[-8.5128,33.2524],[-8.3012,33.3744],[-7.5624,33.6403],[-6.901,33.969],[-6.7558,34.1329],[-6.3531,34.7761],[-5.9248,35.7858],[-5.6229,35.8289],[-5.3974,35.9299],[-5.2778,35.9027],[-5.3376,35.8565],[-5.3376,35.7452],[-5.2527,35.6147],[-5.1054,35.4678],[-4.8372,35.2813],[-4.6283,35.2064],[-4.33,35.1615],[-3.6933,35.28],[-3.5906,35.2283],[-3.3947,35.2118],[-3.206,35.2391],[-3.0631,35.3172],[-2.9722,35.4073],[-2.9536,35.3151],[-2.8399,35.1278],[-2.2196,35.1042]]]}},{"type":"Feature","properties":{"ISO_A2":"EH","NAME":"W. Sahara","CONTINENT":"Africa","REGION":"Africa"},"geometry":{"type":"Polygon","coordinates":[[[-8.8178,27.6559],[-8.6834,27.6564],[-8.6822,25.9955],[-12.0163,25.9954],[-12.0234,23.4676],[-12.3729,23.318],[-12.6204,23.2713],[-13.0315,23.0002],[-13.1533,22.8205],[-13.156,22.6893],[-13.0943,22.496],[-13.0162,21.3339],[-16.9646,21.3292],[-17.064,20.8988],[-17.048,20.8062],[-17.0988,20.8569],[-17.0031,21.4207],[-16.731,21.4703],[-16.041,21.5006],[-14.9711,21.441],[-14.8408,21.4508],[-14.751,21.5006],[-14.6708,21.6002],[-14.6108,21.7506],[-14.6309,21.8609],[-14.2212,22.3102],[-14.1011,23.1002],[-14.021,23.4107],[-13.8911,23.691],[-13.7709,23.7906],[-13.311,23.9811],[-13.061,24.401],[-12.9912,24.4703],[-12.4312,24.8307],[-12.311,25.1109],[-12.061,25.9908],[-12.0308,26.0309],[-11.7182,26.1041],[-11.6845,26.2135],[-11.5117,26.4703],[-11.3379,26.6334],[-11.3168,26.7447],[-11.3926,26.8834],[-10.9228,27.0104],[-10.7578,27.0201],[-10.5513,26.9908],[-10.2515,26.8609],[-10.0327,26.9107],[-9.9003,26.8502],[-9.8179,26.8502],[-9.7354,26.8609],[-9.413,27.0885],[-8.7949,27.1207],[-8.7539,27.151],[-8.7539,27.191],[-8.7968,27.3082],[-8.7744,27.4605],[-8.8178,27.6559]]]}},{"type":"Feature","properties":{"ISO_A2":"ME","NAME":"Montenegro","CONTINENT":"Europe","REGION":"Europe"},"geometry":{"type":"Polygon","coordinates":[[[19.1943,43.5333],[19.2188,43.45],[19.4146,43.3428],[19.6145,43.1734],[19.944,43.0816],[20.2685,42.9354],[20.3399,42.8929],[20.3477,42.8528],[20.3443,42.8279],[20.2151,42.7988],[20.1926,42.7546],[20.0543,42.7601],[20.0295,42.732],[20.0893,42.6315],[20.0703,42.5571],[19.9391,42.5067],[19.7883,42.4762],[19.7378,42.5251],[19.7278,42.6345],[19.6545,42.6286],[19.2807,42.1726],[19.3614,42.0691],[19.3424,41.8691],[19.1864,41.9486],[19.1223,42.0605],[18.8942,42.2495],[18.6329,42.3781],[18.6459,42.4427],[18.5175,42.4329],[18.4381,42.5229],[18.4363,42.5597],[18.5459,42.6416],[18.466,42.7772],[18.4602,42.9979],[18.6236,43.0277],[18.6219,43.1246],[18.6742,43.2308],[18.8511,43.3463],[18.9347,43.3395],[18.9787,43.2854],[19.0267,43.2924],[19.0367,43.3573],[18.9402,43.4967],[18.9507,43.5267],[19.1943,43.5333]]]}},{"type":"Feature","properties":{"ISO_A2":"MN","NAME":"Mongolia","CONTINENT":"Asia","REGION":"Asia"},"geometry":{"type":"Polygon","coordinates":[[[87.8143,49.1623],[87.9348,49.1646],[88.1157,49.2563],[88.1355,49.3815],[88.1926,49.4517],[88.6332,49.4861],[88.8316,49.4484],[88.8639,49.5276],[88.9002,49.5397],[89.0084,49.4728],[89.1095,49.5014],[89.18,49.5322],[89.2439,49.6271],[89.3956,49.6115],[89.6541,49.7175],[89.6438,49.903],[89.7442,49.9481],[89.9773,49.9843],[90.005,50.0693],[90.0537,50.0938],[90.2245,50.1167],[90.5169,50.2133],[90.6551,50.2224],[90.7607,50.306],[91.0216,50.4155],[91.415,50.468],[91.4465,50.5222],[91.8043,50.6936],[92.1924,50.7006],[92.2958,50.8498],[92.3548,50.8642],[92.6267,50.6883],[92.7387,50.7109],[92.7793,50.7787],[92.9413,50.7782],[93.0099,50.6545],[93.1031,50.6039],[94.2511,50.5564],[94.287,50.5114],[94.3547,50.2218],[94.5646,50.0879],[94.6147,50.0237],[94.9303,50.0438],[95.1114,49.9354],[95.3856,49.9412],[95.5227,49.9112],[95.7894,50.0125],[95.852,50.0129],[95.9357,49.96],[96.0655,49.9987],[96.315,49.9011],[96.5058,49.9187],[96.5984,49.8784],[96.7117,49.9116],[96.9857,49.8828],[97.2086,49.7308],[97.3598,49.7415],[97.5408,49.8431],[97.5894,49.9115],[97.8539,49.9468],[98.0039,50.0143],[98.1034,50.0778],[98.2503,50.3024],[98.2795,50.5333],[98.145,50.5686],[98.0298,50.6446],[97.9619,50.7691],[97.9531,50.8552],[97.8253,50.9853],[97.8357,51.0517],[97.9108,51.1652],[97.9469,51.3484],[98.0376,51.45],[98.2199,51.5056],[98.2375,51.5784],[98.3527,51.7176],[98.6405,51.8012],[98.8025,51.9575],[98.8932,52.1173],[99.0343,52.0354],[99.407,51.9235],[99.7192,51.8716],[99.9217,51.7555],[100.4689,51.7261],[101.3813,51.4526],[101.5709,51.4672],[102.1115,51.3535],[102.1557,51.3138],[102.152,51.1075],[102.1945,51.0507],[102.215,50.8294],[102.3166,50.7185],[102.2884,50.5851],[102.3364,50.5442],[102.4694,50.5257],[102.6833,50.3872],[103.1617,50.2907],[103.3044,50.2003],[103.6329,50.1386],[103.8026,50.1761],[104.0787,50.1542],[104.1797,50.1694],[104.3539,50.2753],[104.4663,50.3062],[105.0947,50.3899],[105.3836,50.4737],[105.8752,50.4054],[106.2179,50.3046],[106.7111,50.3126],[106.9413,50.1967],[107.0402,50.0865],[107.2333,49.9894],[107.9166,49.9478],[107.9479,49.9247],[107.9367,49.691],[107.9654,49.6535],[108.4069,49.3964],[108.6137,49.3228],[109.2367,49.3349],[110.1999,49.1704],[110.4278,49.22],[110.6311,49.1376],[110.7098,49.143],[111.3366,49.3559],[111.4293,49.3426],[112.0797,49.4242],[112.4949,49.5323],[112.8064,49.5236],[113.0556,49.6163],[113.1642,49.7972],[113.5742,50.007],[114.2971,50.2744],[114.7432,50.2337],[115.0033,50.1386],[115.2745,49.9489],[115.4292,49.8965],[115.7178,49.8806],[116.1346,50.0108],[116.3512,49.9781],[116.5512,49.9203],[116.6833,49.8238],[116.0344,48.84],[116.0255,48.7823],[115.8205,48.5772],[115.7855,48.2482],[115.5251,48.1309],[115.5576,47.945],[115.6164,47.8748],[115.8982,47.6869],[115.9938,47.7113],[116.0748,47.7896],[116.2312,47.8582],[116.5135,47.8396],[116.7605,47.8698],[117.0697,47.8064],[117.3508,47.6522],[117.7684,47.9879],[118.1471,48.0289],[118.4984,47.984],[118.76,47.7576],[119.0819,47.6542],[119.1624,47.5252],[119.2908,47.4727],[119.326,47.4102],[119.7111,47.15],[119.7885,46.9788],[119.8979,46.8578],[119.8959,46.7329],[119.8672,46.6722],[119.7066,46.606],[119.1621,46.6387],[118.8439,46.7602],[118.7229,46.6919],[118.3087,46.717],[118.0713,46.6666],[117.9104,46.6193],[117.8135,46.5377],[117.7412,46.5182],[117.6711,46.5221],[117.5469,46.5883],[117.4381,46.5862],[117.4056,46.5709],[117.3334,46.362],[116.8591,46.3879],[116.5626,46.2898],[116.5167,46.2091],[116.3576,46.0966],[116.213,45.8869],[116.2406,45.796],[116.1977,45.7394],[115.9342,45.6262],[115.6811,45.4583],[115.1626,45.3902],[114.9192,45.3783],[114.7388,45.4196],[114.5602,45.39],[114.4191,45.2026],[114.0803,44.9711],[113.587,44.7457],[112.7067,44.8834],[112.5968,44.9177],[112.4113,45.0582],[111.898,45.0641],[111.7511,44.9695],[111.6213,44.8271],[111.4022,44.3673],[111.6026,44.1071],[111.8369,43.9347],[111.9317,43.8149],[111.9332,43.7114],[111.7711,43.6646],[111.5474,43.4963],[111.0072,43.3414],[110.4004,42.7737],[109.3398,42.4384],[108.6873,42.4161],[108.1712,42.4473],[106.77,42.2887],[105.8676,41.994],[105.1971,41.738],[105.0506,41.6159],[104.982,41.5955],[104.8604,41.6438],[104.4982,41.6587],[104.4982,41.877],[103.7111,41.7513],[103.0729,42.006],[102.1566,42.1581],[101.9729,42.2159],[101.66,42.5],[101.4953,42.5388],[101.092,42.5513],[99.9838,42.6773],[99.4679,42.5682],[97.2057,42.7898],[96.3854,42.7204],[96.3523,42.7468],[96.2995,42.9287],[95.9125,43.2065],[95.8596,43.276],[95.842,43.3837],[95.5256,43.954],[95.3256,44.0394],[95.3503,44.2781],[95.0498,44.2594],[94.712,44.3508],[94.3647,44.5195],[94.1993,44.6452],[93.9579,44.675],[93.6564,44.901],[93.5162,44.9445],[92.7879,45.0357],[92.4238,45.0089],[92.0298,45.0685],[91.5844,45.0765],[91.441,45.1248],[91.3121,45.1181],[91.05,45.2174],[90.8772,45.1961],[90.6618,45.5252],[90.7097,45.7308],[90.7959,45.8535],[91.0018,46.0358],[90.9968,46.105],[90.9115,46.2707],[91.0289,46.5661],[90.9857,46.749],[90.8699,46.9545],[90.7155,47.0039],[90.4962,47.2852],[90.4252,47.5041],[90.3307,47.6552],[90.1032,47.7454],[90.0279,47.8777],[89.9587,47.8863],[89.9104,47.8443],[89.7781,47.827],[89.6385,47.9091],[89.5609,48.004],[89.4792,48.0291],[89.3299,48.0249],[89.1963,47.9809],[89.0477,48.0025],[88.9178,48.089],[88.576,48.2202],[88.5668,48.3174],[88.5171,48.3845],[88.414,48.4034],[88.31,48.4721],[87.9797,48.5551],[87.9723,48.6033],[88.0601,48.7072],[87.8318,48.7916],[87.7432,48.8816],[87.8722,49.0001],[87.8163,49.0803],[87.8143,49.1623]]]}},{"type":"Feature","properties":{"ISO_A2":"MD","NAME":"Moldova","CONTINENT":"Europe","REGION":"Europe"},"geometry":{"type":"Polygon","coordinates":[[[26.6189,48.2599],[26.8471,48.3872],[27.2285,48.3714],[27.3369,48.4327],[27.4038,48.4156],[27.5492,48.4777],[27.82,48.4163],[28.0385,48.3213],[28.0885,48.257],[28.291,48.2386],[28.3472,48.213],[28.3405,48.1444],[28.423,48.1469],[28.4631,48.0905],[28.5305,48.1503],[28.7738,48.1196],[28.9231,47.9511],[28.9733,47.933],[29.1254,47.9646],[29.1948,47.8824],[29.2111,47.775],[29.1229,47.5304],[29.1349,47.4897],[29.3834,47.328],[29.5392,47.271],[29.5109,47.128],[29.5635,47.0475],[29.572,46.964],[29.8778,46.8289],[29.9425,46.7238],[29.9243,46.5389],[30.1311,46.4231],[30.0757,46.3778],[29.8379,46.3505],[29.7068,46.4487],[29.6149,46.3988],[29.4588,46.4538],[29.3929,46.4369],[29.3049,46.4666],[29.2238,46.377],[29.1862,46.524],[28.9584,46.4585],[28.9274,46.4241],[28.9306,46.3623],[29.0063,46.1765],[28.9478,46.05],[28.7388,45.9372],[28.7293,45.852],[28.4916,45.6658],[28.499,45.5177],[28.3104,45.4986],[28.2125,45.4504],[28.0747,45.599],[28.1598,45.6471],[28.0997,45.9726],[28.1191,46.1387],[28.2443,46.4513],[28.2227,46.5081],[28.2395,46.6408],[28.0718,46.9784],[27.8538,47.1145],[27.768,47.2276],[27.6141,47.3405],[27.4648,47.5367],[27.3369,47.6397],[27.1521,47.9593],[26.9808,48.155],[26.7873,48.2558],[26.6189,48.2599]]]}},{"type":"Feature","properties":{"ISO_A2":"MC","NAME":"Monaco","CONTINENT":"Europe","REGION":"Europe"},"geometry":{"type":"Polygon","coordinates":[[[7.4387,43.7504],[7.3777,43.7317],[7.4145,43.7709],[7.4387,43.7504]]]}},{"type":"Feature","properties":{"ISO_A2":"MX","NAME":"Mexico","CONTINENT":"North America","REGION":"Americas"},"geometry":{"type":"Polygon","coordinates":[[[-117.1283,32.5334],[-114.7248,32.7153],[-114.8359,32.5083],[-111.042,31.3242],[-108.2145,31.3294],[-108.2118,31.7793],[-106.4532,31.7702],[-106.148,31.4509],[-106.0241,31.3978],[-105.514,30.9808],[-104.9179,30.5834],[-104.6813,30.1344],[-104.6813,29.9905],[-104.6222,29.8543],[-104.4006,29.5737],[-103.9897,29.3231],[-103.8529,29.2911],[-103.2577,29.0011],[-103.1683,28.9982],[-103.09,29.0419],[-103.0229,29.1322],[-102.892,29.2164],[-102.834,29.4439],[-102.7342,29.6439],[-102.6149,29.7523],[-102.4763,29.7691],[-102.3856,29.8066],[-102.3431,29.865],[-102.2689,29.8712],[-101.9909,29.7957],[-101.6116,29.787],[-101.5687,29.8092],[-101.5093,29.7731],[-101.4404,29.7769],[-101.3035,29.6341],[-101.039,29.4604],[-101.0163,29.4007],[-100.7546,29.1825],[-100.6586,29.0686],[-100.5497,28.8213],[-100.3317,28.5025],[-100.296,28.3277],[-100.112,28.1729],[-99.7542,27.7299],[-99.5053,27.5483],[-99.4858,27.398],[-99.5101,27.3403],[-99.4402,27.1701],[-99.4565,27.0567],[-99.2299,26.7619],[-99.1078,26.4469],[-98.7652,26.3404],[-98.6914,26.2765],[-98.3781,26.1824],[-98.275,26.1112],[-97.8014,26.042],[-97.5873,25.9842],[-97.3756,25.8718],[-97.2818,25.9416],[-97.1462,25.9615],[-97.1645,25.7549],[-97.5071,25.0146],[-97.6677,24.39],[-97.7427,23.7606],[-97.7659,23.3062],[-97.7452,22.9424],[-97.8578,22.6245],[-97.8425,22.5103],[-97.7633,22.1059],[-97.5848,21.8085],[-97.3145,21.5642],[-97.4092,21.2726],[-97.4341,21.3565],[-97.3834,21.5667],[-97.5904,21.762],[-97.7538,22.0267],[-97.6375,21.6037],[-97.5146,21.478],[-97.5006,21.398],[-97.195,20.8001],[-97.1863,20.717],[-96.4561,19.8698],[-96.2896,19.3438],[-96.124,19.1991],[-96.0734,19.1057],[-95.9847,19.0538],[-95.913,18.8972],[-95.7781,18.8055],[-95.9282,18.8501],[-95.9204,18.8196],[-95.6268,18.6906],[-95.5783,18.6904],[-95.7198,18.7684],[-95.5614,18.7191],[-95.1818,18.7007],[-95.0147,18.5706],[-94.7981,18.5146],[-94.5462,18.1749],[-94.4598,18.1667],[-94.189,18.1953],[-93.5523,18.4305],[-93.1273,18.4234],[-92.8848,18.4687],[-92.7691,18.5241],[-92.7101,18.6117],[-92.441,18.6753],[-91.9738,18.7159],[-91.8804,18.6378],[-91.8805,18.5997],[-91.9427,18.5634],[-91.9136,18.5285],[-91.803,18.4706],[-91.534,18.4565],[-91.4405,18.5418],[-91.2752,18.6245],[-91.2788,18.7207],[-91.3678,18.8061],[-91.3431,18.9006],[-91.4692,18.833],[-91.4367,18.8898],[-90.955,19.1517],[-90.7393,19.3522],[-90.6932,19.7299],[-90.4917,19.9468],[-90.4841,20.5563],[-90.3531,21.0094],[-90.1829,21.1209],[-89.8198,21.2746],[-88.8787,21.4141],[-88.4667,21.5694],[-88.251,21.5669],[-88.1316,21.6159],[-88.0068,21.6041],[-87.4805,21.4725],[-87.2509,21.447],[-87.1643,21.5142],[-87.1883,21.5464],[-87.2958,21.525],[-87.3867,21.5515],[-87.1285,21.6215],[-87.0348,21.5922],[-86.9117,21.4628],[-86.8241,21.4217],[-86.8171,21.2342],[-86.7718,21.1505],[-86.9262,20.7865],[-87.0596,20.6313],[-87.2212,20.5073],[-87.4214,20.2314],[-87.4672,20.1021],[-87.4417,19.8615],[-87.4662,19.8242],[-87.5858,19.7795],[-87.6877,19.6371],[-87.6901,19.5937],[-87.6453,19.5539],[-87.4248,19.5834],[-87.4347,19.5017],[-87.4827,19.4438],[-87.6587,19.3523],[-87.6558,19.2579],[-87.6221,19.2505],[-87.5508,19.3209],[-87.5095,19.3175],[-87.5011,19.2878],[-87.653,18.7985],[-87.7335,18.655],[-87.7618,18.4461],[-87.8041,18.3571],[-87.8532,18.269],[-87.882,18.2739],[-87.9597,18.4409],[-88.0391,18.4839],[-88.0564,18.5245],[-88.0111,18.7269],[-88.0317,18.8389],[-88.0738,18.8345],[-88.1968,18.7197],[-88.1953,18.6426],[-88.2957,18.4724],[-88.4613,18.4768],[-88.523,18.4459],[-88.5862,18.2905],[-88.8063,17.9655],[-88.8978,17.9146],[-89.0504,17.9997],[-89.1335,17.9708],[-89.1615,17.8148],[-90.9892,17.8164],[-90.993,17.2524],[-91.4096,17.2559],[-90.9758,16.8678],[-90.7107,16.7081],[-90.6341,16.5107],[-90.417,16.391],[-90.4599,16.1624],[-90.4472,16.0727],[-91.7366,16.0702],[-92.2042,15.275],[-92.2043,15.2377],[-92.0748,15.0742],[-92.1585,14.9636],[-92.1864,14.8184],[-92.1599,14.691],[-92.2352,14.5454],[-92.8089,15.1386],[-93.1669,15.448],[-93.9161,16.0536],[-94.3742,16.2848],[-94.409,16.2874],[-94.4264,16.2263],[-94.1934,16.1456],[-94.0283,16.0621],[-94.0013,16.0189],[-94.4708,16.1866],[-94.6615,16.2019],[-94.6823,16.2282],[-94.5871,16.3158],[-94.6168,16.3476],[-94.7908,16.2872],[-94.7929,16.3646],[-94.8587,16.4197],[-94.9004,16.4175],[-95.0235,16.3063],[-95.0208,16.2776],[-94.7858,16.2291],[-94.7994,16.2097],[-95.1344,16.177],[-95.4644,15.9747],[-95.7718,15.8878],[-96.2136,15.6931],[-96.5108,15.6519],[-96.808,15.7264],[-97.1847,15.9093],[-97.7548,15.9668],[-98.139,16.2063],[-98.5203,16.3048],[-98.7622,16.5348],[-99.6907,16.7196],[-100.0245,16.9205],[-100.8478,17.2005],[-101.3855,17.5142],[-101.4871,17.6153],[-101.6003,17.6516],[-101.7624,17.842],[-101.9187,17.9598],[-102.2166,17.9574],[-102.6996,18.0628],[-103.4416,18.3254],[-103.6989,18.633],[-103.9125,18.8285],[-104.4052,19.0912],[-104.9385,19.3094],[-105.1077,19.5622],[-105.2864,19.7065],[-105.4821,19.9761],[-105.5704,20.2278],[-105.6694,20.3856],[-105.5426,20.4979],[-105.3771,20.5119],[-105.2602,20.5791],[-105.2523,20.6685],[-105.3271,20.753],[-105.4924,20.7766],[-105.5108,20.8087],[-105.2371,21.1192],[-105.2087,21.4908],[-105.4314,21.6183],[-105.6491,21.9881],[-105.6455,22.3269],[-105.7918,22.6275],[-106.4022,23.1956],[-106.5665,23.4495],[-106.9355,23.8813],[-107.0849,24.0161],[-107.7649,24.4719],[-107.5272,24.3601],[-107.4937,24.3694],[-107.5119,24.4892],[-107.8167,24.539],[-107.9512,24.6149],[-108.0088,24.6936],[-108.0151,24.7834],[-108.2808,25.0815],[-108.1401,25.0184],[-108.0357,25.0354],[-108.0515,25.067],[-108.3737,25.1943],[-108.6964,25.3829],[-108.751,25.4242],[-108.7873,25.538],[-109.0288,25.4805],[-109.0685,25.5516],[-108.9728,25.5885],[-108.8849,25.696],[-108.8866,25.7334],[-109.0083,25.642],[-109.1965,25.5925],[-109.3043,25.6332],[-109.385,25.7271],[-109.4256,26.0326],[-109.1997,26.3052],[-109.1167,26.2527],[-109.216,26.3553],[-109.2763,26.5339],[-109.4829,26.7104],[-109.7548,26.7029],[-109.8909,26.8834],[-109.944,27.0793],[-110.2771,27.1622],[-110.4778,27.3227],[-110.5606,27.4501],[-110.6155,27.6539],[-110.5299,27.8642],[-110.759,27.9152],[-110.9208,27.8889],[-111.1214,27.967],[-111.2824,28.1152],[-111.4717,28.384],[-111.6801,28.4706],[-111.9408,28.8232],[-112.1618,29.0189],[-112.2235,29.2695],[-112.3782,29.3477],[-112.4146,29.5364],[-112.5729,29.7195],[-112.7384,29.9854],[-112.8248,30.3001],[-113.0577,30.651],[-113.1104,30.7933],[-113.087,30.9381],[-113.1186,31.0481],[-113.108,31.0773],[-113.0728,31.0609],[-113.0429,31.087],[-113.0467,31.1792],[-113.2314,31.256],[-113.6235,31.3459],[-113.633,31.4676],[-113.7594,31.5578],[-113.9478,31.6293],[-114.0027,31.5251],[-114.1493,31.5074],[-114.5487,31.7335],[-114.9336,31.9007],[-114.8395,31.7985],[-114.7899,31.6471],[-114.8481,31.5379],[-114.8819,31.1564],[-114.761,30.9587],[-114.7034,30.7652],[-114.6854,30.6212],[-114.6333,30.5069],[-114.6498,30.2381],[-114.5505,30.0223],[-114.4034,29.8965],[-114.3726,29.8302],[-114.1792,29.7343],[-113.7555,29.3675],[-113.5453,29.1022],[-113.4997,28.9267],[-113.3818,28.9467],[-113.3207,28.8131],[-113.2056,28.7988],[-113.0937,28.5118],[-112.8708,28.4242],[-112.8685,28.292],[-112.7957,28.2071],[-112.8081,28.0922],[-112.7493,27.9949],[-112.734,27.826],[-112.5526,27.6575],[-112.3292,27.5234],[-112.2826,27.3475],[-112.1915,27.1867],[-112.004,27.0791],[-112.0091,26.9671],[-111.8832,26.8402],[-111.8626,26.6785],[-111.754,26.5727],[-111.6994,26.581],[-111.8168,26.7563],[-111.8218,26.8651],[-111.7953,26.8797],[-111.5697,26.7076],[-111.5459,26.5792],[-111.4702,26.5066],[-111.4645,26.4084],[-111.3321,26.1254],[-111.3304,25.9313],[-111.2916,25.7898],[-111.1496,25.5726],[-111.0344,25.527],[-110.8939,25.1442],[-110.7557,24.9946],[-110.6868,24.8677],[-110.6772,24.7885],[-110.7345,24.5898],[-110.6593,24.3415],[-110.547,24.2142],[-110.4215,24.1834],[-110.3674,24.1005],[-110.2968,24.1949],[-110.3251,24.306],[-110.2629,24.3445],[-110.0228,24.1746],[-109.8113,23.939],[-109.7105,23.8038],[-109.6766,23.6616],[-109.5096,23.5979],[-109.4208,23.4801],[-109.4581,23.2147],[-109.4957,23.1598],[-109.823,22.9222],[-109.9234,22.8859],[-110.0062,22.894],[-110.086,23.0055],[-110.1806,23.3415],[-110.3627,23.6049],[-110.63,23.7373],[-111.0362,24.1053],[-111.4193,24.329],[-111.6829,24.5558],[-111.8025,24.5425],[-111.8482,24.6701],[-112.0726,24.84],[-112.1285,25.0431],[-112.0558,25.4882],[-112.1738,25.9126],[-112.3772,26.2139],[-112.6584,26.3167],[-113.0208,26.5833],[-113.1192,26.7165],[-113.1558,26.9462],[-113.2723,26.791],[-113.4259,26.7958],[-113.5985,26.7213],[-113.7013,26.7914],[-113.841,26.9665],[-113.9965,26.9877],[-114.1101,27.106],[-114.3334,27.158],[-114.4453,27.2182],[-114.5399,27.4311],[-114.9935,27.736],[-115.0365,27.8418],[-114.57,27.7839],[-114.4485,27.7969],[-114.3006,27.873],[-114.3022,27.7757],[-114.1372,27.6714],[-114.0693,27.6757],[-114.1351,27.7266],[-114.1754,27.8306],[-114.1584,27.9197],[-114.2526,27.908],[-114.2659,27.9345],[-114.1853,28.0133],[-114.0927,28.2213],[-114.0485,28.4262],[-114.1455,28.6054],[-114.3092,28.7299],[-114.9373,29.3516],[-115.1664,29.4272],[-115.6738,29.7564],[-115.7487,29.9357],[-115.8083,29.9602],[-115.7896,30.0842],[-115.8156,30.3036],[-115.8582,30.3598],[-115.9958,30.4145],[-116.0622,30.8042],[-116.2963,30.9705],[-116.3334,31.2028],[-116.6622,31.5649],[-116.6685,31.6986],[-116.7221,31.7346],[-116.6239,31.758],[-116.6208,31.8511],[-116.848,31.9974],[-116.9137,32.1985],[-117.0631,32.3436],[-117.1283,32.5334]]]}},{"type":"Feature","properties":{"ISO_A2":"MU","NAME":"Mauritius","CONTINENT":"Seven seas (open ocean)","REGION":"Africa"},"geometry":{"type":"Polygon","coordinates":[[[57.6513,-20.4849],[57.3833,-20.5037],[57.3177,-20.4276],[57.3651,-20.4064],[57.416,-20.1838],[57.4864,-20.1439],[57.515,-20.056],[57.5758,-19.9972],[57.6565,-19.9899],[57.792,-20.2126],[57.7807,-20.327],[57.6513,-20.4849]]]}},{"type":"Feature","properties":{"ISO_A2":"MR","NAME":"Mauritania","CONTINENT":"Africa","REGION":"Africa"},"geometry":{"type":"Polygon","coordinates":[[[-12.2806,14.809],[-12.4087,14.889],[-12.5436,15.039],[-12.6596,15.0821],[-12.8585,15.2425],[-12.8627,15.3404],[-12.9309,15.453],[-12.9943,15.5049],[-13.0793,15.5104],[-13.1424,15.6033],[-13.2064,15.6169],[-13.3476,15.9735],[-13.4097,16.0592],[-13.507,16.1352],[-13.6847,16.1269],[-13.7566,16.1725],[-13.8098,16.138],[-13.8685,16.1481],[-14.0856,16.4188],[-14.3001,16.5803],[-14.5337,16.656],[-14.7867,16.6459],[-14.9906,16.6769],[-15.0219,16.6475],[-15.0906,16.6574],[-15.1214,16.6036],[-15.38,16.582],[-15.7682,16.4851],[-15.959,16.4921],[-16.1684,16.5471],[-16.239,16.5313],[-16.4043,16.2249],[-16.441,16.2045],[-16.5353,15.8384],[-16.5357,16.2868],[-16.4636,16.6015],[-16.0789,17.5459],[-16.0303,17.8879],[-16.0467,18.2231],[-16.085,18.5212],[-16.2131,19.0033],[-16.3059,19.1538],[-16.4762,19.2851],[-16.5145,19.362],[-16.3713,19.4103],[-16.3053,19.5126],[-16.4449,19.4731],[-16.2834,19.7872],[-16.2104,20.2279],[-16.3337,20.4159],[-16.4298,20.6523],[-16.5304,20.7095],[-16.5627,20.6042],[-16.6225,20.6342],[-16.8761,21.0861],[-16.9279,21.1148],[-16.9982,21.0397],[-17.048,20.8062],[-17.064,20.8988],[-16.9646,21.3292],[-13.0162,21.3339],[-13.0943,22.496],[-13.156,22.6893],[-13.1533,22.8205],[-13.0315,23.0002],[-12.6204,23.2713],[-12.3729,23.318],[-12.0234,23.4676],[-12.0163,25.9954],[-8.6822,25.9955],[-8.6834,27.2859],[-4.8226,24.9956],[-6.5941,24.9946],[-5.6287,16.5687],[-5.3599,16.2829],[-5.5125,15.4963],[-9.1768,15.4961],[-9.3354,15.5257],[-9.3506,15.6774],[-9.4266,15.623],[-9.4469,15.4582],[-9.9414,15.3738],[-10.4118,15.4379],[-10.6966,15.4227],[-10.8956,15.1505],[-10.9482,15.1511],[-11.4552,15.6254],[-11.5027,15.6368],[-11.7602,15.4255],[-11.8288,15.2449],[-11.8729,14.9952],[-11.9409,14.8869],[-12.1047,14.7454],[-12.2806,14.809]]]}},{"type":"Feature","properties":{"ISO_A2":"MT","NAME":"Malta","CONTINENT":"Europe","REGION":"Europe"},"geometry":{"type":"Polygon","coordinates":[[[14.5662,35.8527],[14.5327,35.8202],[14.4364,35.8217],[14.3523,35.8723],[14.3513,35.9784],[14.4483,35.9574],[14.5662,35.8527]]]}},{"type":"Feature","properties":{"ISO_A2":"ML","NAME":"Mali","CONTINENT":"Africa","REGION":"Africa"},"geometry":{"type":"Polygon","coordinates":[[[-11.3894,12.4044],[-11.3824,12.4792],[-11.4506,12.5577],[-11.3904,12.942],[-11.5488,13.1703],[-11.635,13.3699],[-11.7583,13.3945],[-11.8317,13.3158],[-11.8778,13.3646],[-11.8946,13.4444],[-12.0542,13.6331],[-12.0441,13.7339],[-11.9842,13.7881],[-11.9609,13.8753],[-12.0201,13.9747],[-12.0192,14.2065],[-12.2284,14.4586],[-12.1865,14.6481],[-12.2806,14.809],[-12.1047,14.7454],[-11.9409,14.8869],[-11.8729,14.9952],[-11.8288,15.2449],[-11.7602,15.4255],[-11.5027,15.6368],[-11.4552,15.6254],[-10.9482,15.1511],[-10.8956,15.1505],[-10.6966,15.4227],[-10.4118,15.4379],[-9.9414,15.3738],[-9.4469,15.4582],[-9.4266,15.623],[-9.3506,15.6774],[-9.3354,15.5257],[-9.1768,15.4961],[-5.5125,15.4963],[-5.3599,16.2829],[-5.6287,16.5687],[-6.5941,24.9946],[-4.8226,24.9956],[1.1455,21.1022],[1.1657,20.8174],[1.2902,20.7136],[1.6106,20.5556],[1.6854,20.3784],[1.7532,20.3316],[1.9288,20.2727],[2.2193,20.2478],[2.4062,20.0639],[2.8657,19.956],[3.1303,19.8502],[3.2037,19.7897],[3.2017,19.5604],[3.2559,19.4109],[3.1061,19.1501],[3.1197,19.1032],[3.256,19.0133],[3.4009,18.9884],[4.2276,19.1428],[4.2347,16.9964],[4.2029,16.9627],[4.1821,16.5818],[4.1213,16.3577],[4.0148,16.1927],[3.877,15.7553],[3.8165,15.674],[3.7096,15.6417],[3.5205,15.4831],[3.5043,15.3563],[3.0602,15.4272],[3.0105,15.4083],[3.0011,15.341],[1.3002,15.2723],[0.9601,14.9869],[0.7187,14.9549],[0.2862,14.9802],[0.2287,14.9637],[0.2175,14.9115],[-0.2359,15.0594],[-0.4054,15.0125],[-0.4545,15.0597],[-0.5365,15.0779],[-0.6665,15.0698],[-0.7604,15.0478],[-1.0496,14.8195],[-1.6951,14.5085],[-1.973,14.4565],[-2.0571,14.1946],[-2.1132,14.1685],[-2.4572,14.2741],[-2.5867,14.2276],[-2.7789,14.0737],[-2.8739,13.9507],[-2.9259,13.7868],[-2.9171,13.6795],[-2.9508,13.6484],[-3.2486,13.6584],[-3.3018,13.2808],[-3.5276,13.1827],[-3.9473,13.4022],[-4.0512,13.3824],[-4.3287,13.119],[-4.2252,12.8795],[-4.2271,12.7937],[-4.4806,12.6722],[-4.4219,12.5816],[-4.4287,12.3376],[-4.5869,12.155],[-4.6993,12.0762],[-5.1059,11.9675],[-5.2881,11.8279],[-5.2905,11.6833],[-5.2294,11.5225],[-5.2502,11.3758],[-5.3474,11.1303],[-5.4905,11.0424],[-5.4571,10.7714],[-5.5235,10.426],[-5.6943,10.4332],[-5.8438,10.3896],[-6.0346,10.1948],[-6.2384,10.2616],[-6.1907,10.4003],[-6.2502,10.7179],[-6.4259,10.6718],[-6.4239,10.5591],[-6.5646,10.5864],[-6.6541,10.6564],[-6.6861,10.578],[-6.6693,10.3922],[-6.6933,10.3495],[-6.9503,10.3423],[-6.9917,10.2519],[-6.9682,10.1762],[-7.0171,10.1433],[-7.1049,10.2035],[-7.3632,10.2594],[-7.3851,10.3401],[-7.4979,10.4398],[-7.6611,10.4274],[-7.8142,10.2366],[-7.9906,10.1625],[-7.9745,10.2295],[-8.0073,10.3219],[-8.2315,10.438],[-8.2666,10.486],[-8.3241,10.7495],[-8.3063,10.8961],[-8.3374,10.9906],[-8.4747,11.0484],[-8.6062,10.987],[-8.6667,11.0095],[-8.5673,11.177],[-8.4253,11.3047],[-8.3985,11.3666],[-8.6649,11.515],[-8.7114,11.6178],[-8.822,11.6732],[-8.8183,11.9225],[-8.9989,12.3459],[-9.1205,12.45],[-9.3,12.4903],[-9.3954,12.4646],[-9.3315,12.3237],[-9.3581,12.2554],[-9.4868,12.2287],[-9.6583,12.1431],[-9.7147,12.0425],[-9.8207,12.0425],[-10.2749,12.2126],[-10.4658,12.1387],[-10.619,11.9412],[-10.7092,11.8987],[-10.9332,12.2052],[-11.0045,12.2075],[-11.0658,12.1708],[-11.2097,12.0249],[-11.3052,12.0154],[-11.5022,12.1986],[-11.3894,12.4044]]]}},{"type":"Feature","properties":{"ISO_A2":"MV","NAME":"Maldives","CONTINENT":"Seven seas (open ocean)","REGION":"Asia"},"geometry":{"type":"Polygon","coordinates":[[[73.5122,4.1646],[73.4786,4.1589],[73.4812,4.1881],[73.5283,4.2433],[73.5122,4.1646]]]}},{"type":"Feature","properties":{"ISO_A2":"MY","NAME":"Malaysia","CONTINENT":"Asia","REGION":"Asia"},"geometry":{"type":"MultiPolygon","coordinates":[[[[100.1191,6.442],[100.1768,6.6718],[100.2614,6.6827],[100.3454,6.5499],[100.6295,6.448],[100.7156,6.4807],[100.7545,6.4601],[100.8739,6.2454],[101.0535,6.2426],[101.0756,5.9565],[100.9928,5.8462],[100.9816,5.771],[101.114,5.6368],[101.1906,5.6688],[101.257,5.7894],[101.5561,5.9078],[101.6784,5.7788],[101.7907,5.7793],[101.8736,5.8253],[101.9361,5.9793],[102.0552,6.0967],[102.1011,6.2422],[102.274,6.2034],[102.3401,6.172],[102.5344,5.8625],[103.0971,5.4084],[103.4158,4.8503],[103.4539,4.6695],[103.4688,4.3933],[103.4205,3.9769],[103.362,3.7691],[103.3733,3.6711],[103.4535,3.5206],[103.4295,3.3786],[103.4395,2.9331],[103.5373,2.7748],[103.8122,2.5805],[104.2186,1.7229],[104.2885,1.4807],[104.2501,1.3886],[104.1764,1.3649],[104.1149,1.4123],[104.0762,1.5298],[103.9814,1.6236],[103.9915,1.4548],[103.8168,1.4766],[103.6945,1.4497],[103.5498,1.3328],[103.4803,1.3295],[103.3568,1.5461],[102.7271,1.8556],[102.5482,2.0424],[102.1456,2.2485],[101.8899,2.4494],[101.7813,2.5736],[101.5197,2.6836],[101.4068,2.8135],[101.2955,2.8852],[101.3543,3.0111],[101.2999,3.2533],[101.0248,3.6247],[100.8513,3.7767],[100.7154,3.9662],[100.7955,4.0234],[100.661,4.2257],[100.6146,4.3734],[100.6146,4.6522],[100.4734,5.0443],[100.3526,5.5877],[100.374,5.778],[100.3433,5.9842],[100.1191,6.442]]],[[[117.5744,4.1706],[117.4509,4.1929],[117.2775,4.2993],[117.1006,4.3371],[116.5891,4.3384],[116.5147,4.3708],[116.4146,4.3082],[116.2362,4.3625],[116.1345,4.3552],[116.0216,4.2907],[115.8607,4.348],[115.7824,4.2538],[115.6788,4.193],[115.5685,3.9388],[115.5445,3.6337],[115.5661,3.4458],[115.5143,3.3424],[115.4932,3.1281],[115.4544,3.0343],[115.3102,2.9939],[115.247,3.0259],[115.1176,2.8949],[115.0863,2.8411],[115.0808,2.6342],[115.1809,2.5669],[115.1791,2.5232],[114.9691,2.3508],[114.7864,2.2505],[114.7587,2.1624],[114.8306,1.98],[114.8,1.8939],[114.7035,1.8508],[114.6322,1.617],[114.5125,1.452],[114.3871,1.5],[113.9023,1.4343],[113.6223,1.2359],[113.5132,1.3084],[113.0065,1.4339],[112.9883,1.5476],[112.943,1.567],[112.4762,1.5591],[112.1857,1.4391],[112.0785,1.1434],[111.9231,1.1133],[111.809,1.0117],[111.6074,1.0226],[111.4832,0.9958],[111.1014,1.0505],[110.5058,0.862],[110.3152,0.996],[109.7357,1.5229],[109.654,1.6149],[109.6358,1.7767],[109.5489,1.8483],[109.539,1.8962],[109.6289,2.0275],[109.7196,1.8578],[109.8648,1.7645],[110.1141,1.6986],[110.3492,1.7197],[110.6752,1.548],[110.8949,1.5325],[111.0984,1.4009],[111.2232,1.3959],[111.058,1.4867],[111.0287,1.5578],[111.0466,1.6336],[111.1542,1.7388],[111.17,1.9023],[111.2509,2.0639],[111.2682,2.1397],[111.2089,2.1977],[111.1955,2.2972],[111.2422,2.4357],[111.3514,2.3645],[111.4438,2.3815],[111.4433,2.6343],[111.5125,2.743],[111.6232,2.818],[112.7373,3.0705],[113.0447,3.2052],[113.4461,3.7406],[113.9239,4.2432],[114.0125,4.5752],[114.0536,4.5929],[114.1688,4.527],[114.2241,4.4779],[114.3229,4.2628],[114.4166,4.2559],[114.5718,4.0491],[114.6541,4.0376],[114.7762,4.1688],[114.8104,4.2665],[114.7835,4.2808],[114.8402,4.3932],[114.7901,4.4639],[114.7467,4.7181],[115.0268,4.8997],[115.0268,4.6914],[115.107,4.3904],[115.2467,4.3472],[115.3192,4.3653],[115.2279,4.7506],[115.14,4.8998],[115.3749,4.9328],[115.5545,5.0936],[115.582,5.1941],[115.4669,5.2541],[115.4217,5.3305],[115.419,5.4132],[115.6039,5.6034],[115.6245,5.5489],[115.7408,5.533],[115.7969,5.5361],[115.8771,5.6135],[115.9185,5.725],[116.0598,5.8824],[116.1384,6.1295],[116.4947,6.5217],[116.7762,6.9902],[116.833,6.9521],[116.8498,6.8267],[116.7881,6.6061],[116.9133,6.6597],[117.1285,6.9689],[117.2524,6.9192],[117.2453,6.8334],[117.294,6.6769],[117.6457,6.4737],[117.6956,6.2723],[117.6159,6.1965],[117.6445,6.0019],[117.6172,5.9407],[117.5012,5.8847],[117.8177,5.9404],[118.0038,6.0533],[118.1158,5.8625],[117.9348,5.7875],[117.9736,5.7063],[118.1446,5.7542],[118.2491,5.8206],[118.3531,5.8061],[118.5142,5.7289],[118.5948,5.5921],[118.9573,5.429],[119.1784,5.4309],[119.2556,5.3659],[119.2497,5.1987],[119.1322,5.1005],[118.6721,4.9641],[118.3818,5.0185],[118.2605,4.9889],[118.1854,4.8285],[118.3242,4.6687],[118.5625,4.5021],[118.5951,4.4606],[118.5483,4.3792],[118.0082,4.2502],[117.6965,4.3428],[117.5744,4.1706]]]]}},{"type":"Feature","properties":{"ISO_A2":"MW","NAME":"Malawi","CONTINENT":"Africa","REGION":"Africa"},"geometry":{"type":"Polygon","coordinates":[[[33.2018,-14.0134],[33.148,-13.9409],[33.0093,-14.0237],[32.9813,-14.0094],[32.8672,-13.8174],[32.7651,-13.761],[32.7975,-13.6885],[32.6721,-13.6104],[32.8519,-13.457],[32.9676,-13.225],[33,-12.8996],[32.9456,-12.8044],[33.0216,-12.6305],[33.3979,-12.4898],[33.5123,-12.3478],[33.3401,-12.3083],[33.2523,-12.1126],[33.301,-11.8882],[33.3039,-11.6908],[33.2883,-11.6111],[33.2264,-11.5349],[33.2327,-11.4177],[33.2684,-11.4039],[33.3798,-11.1579],[33.2613,-10.8934],[33.3449,-10.8127],[33.4647,-10.7831],[33.6591,-10.5905],[33.6615,-10.5531],[33.5537,-10.3913],[33.5289,-10.2347],[33.3115,-10.038],[33.351,-9.8622],[33.25,-9.7596],[33.1957,-9.6262],[33.1045,-9.6026],[33.0725,-9.6382],[32.996,-9.6229],[32.9199,-9.4074],[32.974,-9.395],[33.1305,-9.4959],[33.3309,-9.5191],[33.4209,-9.608],[33.6977,-9.5981],[33.8889,-9.6701],[33.9439,-9.6722],[33.9496,-9.5653],[33.9956,-9.4954],[34.0886,-9.5378],[34.3209,-9.7315],[34.5242,-10.0302],[34.58,-10.3198],[34.5836,-10.5251],[34.6618,-10.7101],[34.6079,-11.0805],[34.7738,-11.3417],[34.8506,-11.352],[34.8906,-11.3936],[34.9595,-11.5781],[34.6596,-11.5887],[34.6186,-11.6202],[34.5539,-11.8341],[34.3578,-12.1647],[34.4829,-12.6668],[34.5637,-13.3602],[34.6616,-13.4867],[34.8505,-13.516],[34.9068,-13.5517],[35.2475,-13.8969],[35.8472,-14.6709],[35.8928,-14.8918],[35.8054,-15.2656],[35.8199,-15.6804],[35.7553,-16.0583],[35.5993,-16.1259],[35.3585,-16.1605],[35.2915,-16.2472],[35.1672,-16.5603],[35.2298,-16.6393],[35.2812,-16.8078],[35.2726,-17.1185],[35.1246,-17.1272],[35.0646,-17.0786],[35.0439,-17.0169],[35.0942,-16.9738],[35.1121,-16.8985],[35.0799,-16.8339],[34.9334,-16.7604],[34.5281,-16.3191],[34.4164,-16.2468],[34.403,-16.0803],[34.2482,-15.8875],[34.2461,-15.8294],[34.358,-15.7053],[34.435,-15.4771],[34.5408,-15.2973],[34.5576,-15.0159],[34.5053,-14.5981],[34.375,-14.4248],[34.3325,-14.4086],[34.1019,-14.4493],[34.0494,-14.4853],[33.6961,-14.5303],[33.6364,-14.5682],[33.3899,-14.2895],[33.2018,-14.0134]]]}},{"type":"Feature","properties":{"ISO_A2":"MG","NAME":"Madagascar","CONTINENT":"Africa","REGION":"Africa"},"geometry":{"type":"Polygon","coordinates":[[[49.5383,-12.4321],[49.6378,-12.6371],[49.9375,-13.0723],[50.1738,-14.0402],[50.2354,-14.732],[50.3135,-14.9368],[50.4413,-15.1493],[50.4827,-15.3856],[50.4046,-15.6291],[50.2915,-15.8585],[50.185,-15.9578],[50.0204,-15.8018],[49.8926,-15.4577],[49.7438,-15.4495],[49.6644,-15.5216],[49.7128,-16.0768],[49.8311,-16.2559],[49.8391,-16.4865],[49.8113,-16.603],[49.734,-16.703],[49.7672,-16.8151],[49.5952,-16.9312],[49.4493,-17.2406],[49.4371,-17.3467],[49.4937,-17.6695],[49.4778,-17.8985],[49.3629,-18.3363],[48.9181,-19.5305],[48.4686,-20.9],[48.3508,-21.349],[47.9084,-22.4658],[47.8041,-22.9915],[47.6041,-23.6331],[47.558,-23.8746],[47.3726,-24.2185],[47.1773,-24.7872],[47.035,-24.979],[46.7285,-25.1499],[46.3867,-25.1728],[46.1587,-25.2304],[45.508,-25.5632],[45.2058,-25.5705],[45.1152,-25.5431],[44.8129,-25.3342],[44.3459,-25.2261],[44.2562,-25.1169],[44.0354,-24.9957],[43.9096,-24.6406],[43.67,-24.3003],[43.6461,-23.7419],[43.6647,-23.6303],[43.7223,-23.5297],[43.5695,-23.0805],[43.3979,-22.8863],[43.3575,-22.7908],[43.2648,-22.3836],[43.2905,-21.9325],[43.4378,-21.6467],[43.5019,-21.3564],[43.8002,-21.1792],[43.9111,-20.8658],[44.2396,-20.3797],[44.3481,-20.1455],[44.4047,-19.9221],[44.4488,-19.4287],[44.2388,-19.0752],[44.2331,-18.7406],[44.1088,-18.5035],[44.04,-18.2885],[44.0137,-17.8045],[43.9436,-17.5814],[43.9794,-17.3916],[44.4214,-16.7026],[44.4271,-16.2891],[44.4762,-16.2173],[44.9092,-16.1745],[45.2229,-15.9505],[45.3422,-16.0367],[45.4863,-15.9858],[45.5982,-15.9926],[45.6615,-15.8389],[45.7002,-15.8138],[46.1575,-15.7383],[46.3141,-15.9046],[46.3996,-15.9246],[46.4416,-15.8959],[46.3413,-15.8134],[46.3314,-15.7137],[46.3852,-15.6001],[46.4751,-15.5135],[46.882,-15.2296],[46.9423,-15.219],[46.9933,-15.2432],[47.0274,-15.4522],[47.0992,-15.4342],[47.1352,-15.3016],[47.0926,-15.1501],[47.2805,-14.9427],[47.352,-14.7661],[47.4647,-14.7133],[47.4964,-14.8184],[47.4292,-14.9957],[47.4783,-15.0094],[47.5247,-14.9922],[47.67,-14.7433],[47.774,-14.6367],[47.9642,-14.6726],[47.8115,-14.5448],[47.7733,-14.3699],[47.9955,-13.9604],[47.8836,-13.8075],[47.941,-13.6624],[48.0398,-13.5963],[48.1871,-13.7065],[48.2553,-13.7193],[48.4051,-13.538],[48.6214,-13.426],[48.7965,-13.2675],[48.9194,-12.8391],[48.7863,-12.4709],[48.8039,-12.44],[48.9317,-12.4391],[49.207,-12.0796],[49.2635,-12.0802],[49.3121,-12.1239],[49.364,-12.2363],[49.5383,-12.4321]]]}},{"type":"Feature","properties":{"ISO_A2":"MK","NAME":"North Macedonia","CONTINENT":"Europe","REGION":"Europe"},"geometry":{"type":"Polygon","coordinates":[[[21.5625,42.2475],[21.9041,42.3221],[22.0521,42.3046],[22.2397,42.3582],[22.344,42.314],[22.5827,42.1048],[22.7961,42.0257],[22.9439,41.7751],[23.0036,41.7398],[22.9515,41.6056],[22.9297,41.3561],[22.7839,41.332],[22.7248,41.1785],[22.6036,41.1402],[22.4936,41.1185],[22.1845,41.1586],[21.9934,41.131],[21.9295,41.1074],[21.7795,40.9504],[21.5758,40.8689],[21.4041,40.9072],[21.3237,40.8671],[20.9643,40.8499],[20.9335,40.9031],[20.7408,40.9053],[20.489,41.2726],[20.4924,41.3914],[20.4486,41.5213],[20.5162,41.5748],[20.5052,41.7065],[20.5531,41.8624],[20.725,41.8735],[20.7781,42.071],[21.0598,42.1713],[21.1425,42.175],[21.2866,42.1004],[21.3317,42.1872],[21.3896,42.2198],[21.5625,42.2475]]]}},{"type":"Feature","properties":{"ISO_A2":"LU","NAME":"Luxembourg","CONTINENT":"Europe","REGION":"Europe"},"geometry":{"type":"Polygon","coordinates":[[[6.1165,50.121],[6.1098,50.0344],[6.2049,49.9151],[6.3246,49.8379],[6.4873,49.7985],[6.4848,49.7078],[6.3783,49.5996],[6.3443,49.4527],[6.1811,49.4989],[6.0114,49.4455],[5.7897,49.5383],[5.8804,49.6448],[5.725,49.8083],[5.744,49.9196],[5.8669,50.0828],[5.9763,50.1672],[6.0891,50.1546],[6.1165,50.121]]]}},{"type":"Feature","properties":{"ISO_A2":"LT","NAME":"Lithuania","CONTINENT":"Europe","REGION":"Europe"},"geometry":{"type":"Polygon","coordinates":[[[22.7662,54.3568],[22.6799,54.493],[22.6845,54.5629],[22.8247,54.8713],[22.6274,54.9707],[22.5673,55.0591],[22.0724,55.0637],[21.5547,55.1953],[21.3893,55.2755],[21.2357,55.2641],[21.2011,55.3438],[21.2379,55.455],[21.0619,55.8134],[21.0461,56.0701],[21.6535,56.3146],[22.0846,56.4067],[22.5869,56.3751],[22.8756,56.3964],[22.9683,56.3804],[23.043,56.3241],[23.1959,56.3671],[23.8127,56.3292],[24.1207,56.2643],[24.4736,56.2841],[24.841,56.4112],[24.903,56.3982],[25.0699,56.2004],[25.6632,56.1048],[26.0855,55.8969],[26.2813,55.7504],[26.5936,55.6675],[26.5666,55.5465],[26.4576,55.3425],[26.7757,55.2731],[26.6484,55.2042],[26.6012,55.1302],[26.2918,55.1396],[26.2508,55.1245],[26.1752,55.0033],[25.8593,54.9193],[25.7225,54.7179],[25.7248,54.5643],[25.6203,54.4604],[25.5474,54.3318],[25.7481,54.2597],[25.7652,54.1798],[25.6806,54.1405],[25.5104,54.1596],[25.5273,54.2151],[25.4611,54.2928],[25.1795,54.2143],[25.0461,54.1331],[24.8695,54.1452],[24.8257,54.119],[24.7682,53.9747],[24.6207,53.9798],[24.318,53.893],[24.1913,53.9504],[23.5591,53.9198],[23.4847,53.9398],[23.4536,54.1435],[23.3701,54.2005],[23.0422,54.3042],[23.0155,54.3483],[22.8939,54.3905],[22.8237,54.3958],[22.7662,54.3568]]]}},{"type":"Feature","properties":{"ISO_A2":"LI","NAME":"Liechtenstein","CONTINENT":"Europe","REGION":"Europe"},"geometry":{"type":"Polygon","coordinates":[[[9.5803,47.0574],[9.5023,47.0627],[9.4795,47.0975],[9.5275,47.2708],[9.6105,47.1071],[9.5803,47.0574]]]}},{"type":"Feature","properties":{"ISO_A2":"LY","NAME":"Libya","CONTINENT":"Africa","REGION":"Africa"},"geometry":{"type":"Polygon","coordinates":[[[9.5188,30.2294],[9.895,30.3873],[10.2164,30.7832],[10.257,30.9408],[10.1149,31.4638],[10.2746,31.685],[10.4758,31.736],[10.6089,31.9295],[10.8264,32.0807],[11.505,32.4137],[11.5338,32.525],[11.4539,32.6426],[11.5046,33.1819],[11.8135,33.0937],[12.2799,32.8585],[12.7535,32.8011],[13.2835,32.9146],[13.5363,32.8243],[13.8354,32.7918],[14.1557,32.7098],[14.5134,32.5111],[15.1766,32.3912],[15.2669,32.3117],[15.3591,32.1597],[15.3631,31.9712],[15.4964,31.6568],[15.706,31.4264],[16.123,31.2645],[16.7815,31.2147],[17.3492,31.0815],[17.8305,30.9276],[17.9493,30.8519],[18.1904,30.7773],[18.6698,30.4157],[18.9364,30.2904],[19.1237,30.2661],[19.2917,30.2881],[19.7133,30.4884],[20.0132,30.8007],[20.1115,30.9637],[20.151,31.0786],[20.1411,31.1955],[19.9612,31.556],[19.9264,31.8175],[20.031,32.1079],[20.3706,32.4308],[20.6211,32.5802],[21.0623,32.7755],[21.4247,32.7992],[21.6359,32.9373],[21.8395,32.9086],[22.1874,32.9183],[23.0906,32.6188],[23.1297,32.4481],[23.1063,32.3314],[23.2863,32.2138],[23.7977,32.1587],[24.1297,32.0092],[24.6839,32.016],[24.9507,31.9537],[25.025,31.8834],[25.1505,31.655],[24.8527,31.3348],[24.8775,31.0612],[24.9739,30.7766],[24.9614,30.6785],[24.8775,30.4575],[24.7032,30.2011],[24.9803,29.1819],[24.9795,20.0026],[23.9803,19.9959],[23.9803,19.4966],[15.9841,23.4452],[14.2007,22.6237],[13.5986,23.1195],[13.4813,23.1802],[11.9679,23.5179],[11.5076,24.3144],[10.6861,24.5514],[10.439,24.4802],[10.3258,24.5302],[10.1195,24.7902],[10.0281,25.051],[10.0007,25.3321],[9.4482,26.0671],[9.4224,26.1471],[9.4914,26.3337],[9.8594,26.552],[9.8944,26.8479],[9.8371,26.9158],[9.7954,27.0448],[9.7476,27.3309],[9.916,27.7857],[9.8582,28.0433],[9.8156,28.5602],[9.8426,28.967],[9.8207,29.1148],[9.6401,29.6364],[9.3103,30.1152],[9.5188,30.2294]]]}},{"type":"Feature","properties":{"ISO_A2":"LR","NAME":"Liberia","CONTINENT":"Africa","REGION":"Africa"},"geometry":{"type":"Polygon","coordinates":[[[-11.5075,6.9065],[-11.2677,7.2326],[-10.6475,7.7594],[-10.5708,8.0711],[-10.5167,8.1253],[-10.3598,8.1879],[-10.2832,8.4852],[-10.1474,8.5197],[-10.0977,8.5059],[-10.0644,8.4299],[-9.782,8.5377],[-9.7356,8.454],[-9.6636,8.4735],[-9.5183,8.3461],[-9.4464,7.9085],[-9.3691,7.7038],[-9.384,7.5719],[-9.4638,7.4159],[-9.2633,7.3777],[-9.1176,7.2159],[-8.961,7.2746],[-8.8896,7.2627],[-8.7402,7.4957],[-8.7083,7.6589],[-8.6598,7.6884],[-8.5789,7.6771],[-8.5644,7.6251],[-8.4372,7.5164],[-8.2966,7.074],[-8.3326,6.8016],[-8.6036,6.5078],[-8.5396,6.4681],[-8.4499,6.4625],[-8.2871,6.319],[-7.9816,6.2861],[-7.8886,6.2349],[-7.7965,5.9751],[-7.7304,5.919],[-7.4544,5.8413],[-7.3999,5.5506],[-7.4298,5.3245],[-7.4852,5.2364],[-7.5098,5.1085],[-7.5689,5.0807],[-7.5912,4.8215],[-7.5716,4.3864],[-7.545,4.3513],[-7.66,4.3668],[-8.259,4.59],[-9.1322,5.0546],[-9.3748,5.2411],[-10.2764,6.0776],[-10.4182,6.1673],[-10.5971,6.2109],[-10.7856,6.3102],[-10.849,6.4651],[-11.2916,6.6882],[-11.5075,6.9065]]]}},{"type":"Feature","properties":{"ISO_A2":"LS","NAME":"Lesotho","CONTINENT":"Africa","REGION":"Africa"},"geometry":{"type":"Polygon","coordinates":[[[28.7369,-30.102],[28.3921,-30.1476],[28.1391,-30.4499],[28.1287,-30.5251],[28.0568,-30.6311],[27.7531,-30.6],[27.492,-30.364],[27.3885,-30.3159],[27.3497,-30.2474],[27.3554,-30.1586],[27.1305,-29.8402],[27.0569,-29.6256],[27.2945,-29.5193],[27.7355,-28.94],[27.9599,-28.8733],[28.2326,-28.7013],[28.6258,-28.5817],[28.9537,-28.8814],[29.3014,-29.0898],[29.3907,-29.2697],[29.2936,-29.5669],[29.1422,-29.701],[29.098,-29.919],[28.7369,-30.102]]]}},{"type":"Feature","properties":{"ISO_A2":"LB","NAME":"Lebanon","CONTINENT":"Asia","REGION":"Asia"},"geometry":{"type":"Polygon","coordinates":[[[35.9763,34.6292],[36.2636,34.6329],[36.2963,34.6787],[36.3839,34.6579],[36.433,34.6135],[36.3263,34.5133],[36.5044,34.4324],[36.585,34.2212],[36.4575,34.0568],[36.3549,34.0113],[36.2778,33.9253],[36.2822,33.8942],[36.3628,33.8551],[36.3485,33.8271],[36.1498,33.8395],[36.0188,33.7839],[35.9424,33.6676],[36.0267,33.5979],[36.0223,33.5625],[35.6029,33.2406],[35.5793,33.2715],[35.5325,33.2505],[35.4932,33.1195],[35.4112,33.0757],[35.1086,33.0837],[35.6118,34.0322],[35.6479,34.2482],[35.8043,34.4374],[35.9779,34.5474],[35.9763,34.6292]]]}},{"type":"Feature","properties":{"ISO_A2":"LV","NAME":"Latvia","CONTINENT":"Europe","REGION":"Europe"},"geometry":{"type":"Polygon","coordinates":[[[26.5936,55.6675],[26.2813,55.7504],[26.0855,55.8969],[25.6632,56.1048],[25.0699,56.2004],[24.903,56.3982],[24.841,56.4112],[24.4736,56.2841],[24.1207,56.2643],[23.8127,56.3292],[23.1959,56.3671],[23.043,56.3241],[22.9683,56.3804],[22.8756,56.3964],[22.5869,56.3751],[22.0846,56.4067],[21.6535,56.3146],[21.0461,56.0701],[21.0149,56.2589],[21.0314,56.6366],[21.0713,56.8237],[21.3508,57.0177],[21.4592,57.3225],[21.7287,57.571],[22.5546,57.7243],[22.6486,57.5954],[23.1368,57.3238],[23.2873,57.0897],[23.6478,56.971],[23.9312,57.0085],[24.2813,57.1723],[24.3826,57.25],[24.4032,57.325],[24.363,57.6453],[24.3016,57.7841],[24.3226,57.8706],[25.111,58.0634],[25.2287,57.9966],[25.2583,57.9961],[25.2826,58.0485],[25.34,58.0395],[25.7938,57.8686],[25.9911,57.8382],[26.298,57.6011],[26.4621,57.5445],[26.5326,57.531],[26.966,57.6091],[27.1871,57.5383],[27.4697,57.524],[27.5111,57.5082],[27.5387,57.4298],[27.8286,57.2933],[27.8303,57.1945],[27.7174,57.0546],[27.7111,56.9781],[27.6395,56.8457],[27.8486,56.8534],[27.8815,56.8242],[27.8921,56.7411],[28.0075,56.5999],[28.1031,56.5457],[28.2021,56.2604],[28.1479,56.1429],[28.032,56.1333],[27.8963,56.0762],[27.6423,55.9117],[27.5895,55.8092],[27.0525,55.8306],[26.953,55.8129],[26.8225,55.7092],[26.5936,55.6675]]]}},{"type":"Feature","properties":{"ISO_A2":"LA","NAME":"Laos","CONTINENT":"Asia","REGION":"Asia"},"geometry":{"type":"Polygon","coordinates":[[[102.1274,22.3792],[102.4875,21.9578],[102.5825,21.9043],[102.662,21.676],[102.7386,21.6779],[102.8159,21.8074],[102.8452,21.7348],[102.9496,21.6813],[102.9486,21.5698],[102.8512,21.2659],[103.1045,20.8916],[103.6351,20.6971],[103.7145,20.7169],[103.7905,20.8095],[103.882,20.8614],[104.1014,20.9455],[104.3496,20.8211],[104.5832,20.6467],[104.5327,20.5549],[104.3678,20.4414],[104.6188,20.3745],[104.6987,20.2053],[104.8479,20.2024],[104.9292,20.0828],[104.9279,20.0181],[104.8151,19.904],[104.7432,19.7547],[104.5879,19.6188],[104.2599,19.6855],[104.032,19.6751],[104.0135,19.6465],[104.0629,19.4826],[104.0275,19.4205],[103.8964,19.34],[103.8916,19.305],[104.7165,18.8034],[104.9932,18.7283],[105.1465,18.651],[105.087,18.4962],[105.1146,18.4053],[105.3335,18.1896],[105.4582,18.1543],[105.5885,17.9837],[105.6272,17.8344],[105.6914,17.7378],[106.0063,17.4153],[106.2695,17.2168],[106.426,17.0025],[106.5022,16.9541],[106.5462,16.6507],[106.6564,16.4926],[106.7396,16.4525],[106.8511,16.5156],[106.9307,16.3531],[107.0697,16.2798],[107.2174,16.1363],[107.3964,16.043],[107.392,15.9517],[107.1659,15.8025],[107.2794,15.6187],[107.5643,15.3916],[107.6531,15.2552],[107.5553,15.057],[107.4804,14.9799],[107.5245,14.8718],[107.5194,14.7051],[107.4147,14.5629],[107.2927,14.5924],[107.1094,14.4167],[107.0302,14.4257],[106.9381,14.3273],[106.8199,14.3147],[106.5015,14.5782],[106.355,14.4548],[106.2254,14.4762],[106.1652,14.3724],[105.9789,14.343],[106.1247,14.0491],[106.0668,13.9212],[105.9045,13.9245],[105.7397,14.085],[105.5315,14.1562],[105.3502,14.1096],[105.2457,14.2005],[105.1833,14.3462],[105.4227,14.4716],[105.4974,14.5907],[105.5467,14.9325],[105.4904,15.1276],[105.4904,15.2566],[105.5132,15.3609],[105.6156,15.4883],[105.641,15.6565],[105.6221,15.7],[105.3989,15.8299],[105.3756,15.9422],[105.4063,15.9875],[105.0472,16.1603],[104.9499,16.3399],[104.8193,16.4661],[104.7506,16.6476],[104.7436,16.8844],[104.816,17.3003],[104.7396,17.4617],[104.4281,17.699],[103.9496,18.319],[103.8988,18.2953],[103.7923,18.3165],[103.488,18.4182],[103.2883,18.4084],[103.2518,18.3735],[103.2632,18.2785],[103.1485,18.2217],[103.0514,18.0285],[102.9914,17.9862],[102.8074,17.9456],[102.6606,17.818],[102.6168,17.8334],[102.5982,17.9268],[102.5525,17.9651],[102.4588,17.9846],[102.1015,18.2106],[101.9475,18.0815],[101.7748,18.0334],[101.6875,17.8894],[101.4137,17.7188],[101.1675,17.499],[101.1052,17.4795],[100.9085,17.5839],[101.1439,18.1426],[101.1375,18.2869],[101.047,18.442],[101.1655,18.6183],[101.2863,18.9771],[101.2799,19.0889],[101.1976,19.3279],[101.2119,19.5483],[100.9665,19.6108],[100.7439,19.5147],[100.6255,19.4999],[100.5136,19.5535],[100.4201,19.6445],[100.3977,19.7561],[100.5146,19.9963],[100.5399,20.1324],[100.318,20.3859],[100.2181,20.3396],[100.1397,20.2454],[100.1149,20.2577],[100.1839,20.5891],[100.2493,20.7303],[100.3261,20.7957],[100.5651,20.8251],[100.6229,20.8596],[100.5223,20.9219],[100.5361,20.9924],[100.6137,21.0593],[100.7031,21.2514],[100.7566,21.3126],[100.9275,21.3662],[101.0804,21.4687],[101.1389,21.5675],[101.1967,21.5221],[101.1754,21.4075],[101.2199,21.3424],[101.2118,21.2782],[101.2479,21.1973],[101.5424,21.2343],[101.7048,21.1501],[101.7835,21.2041],[101.8021,21.236],[101.7229,21.3149],[101.7365,21.8265],[101.6029,21.9897],[101.5245,22.2537],[101.6199,22.3274],[101.6715,22.4623],[101.7388,22.4953],[101.8418,22.3885],[101.9454,22.4394],[102.0244,22.4392],[102.1274,22.3792]]]}},{"type":"Feature","properties":{"ISO_A2":"KG","NAME":"Kyrgyzstan","CONTINENT":"Asia","REGION":"Asia"},"geometry":{"type":"Polygon","coordinates":[[[70.958,40.2389],[71.3047,40.2869],[71.5204,40.209],[71.6299,40.2171],[71.6925,40.1523],[71.9557,40.2586],[72.1313,40.4386],[72.2328,40.4544],[72.3577,40.4017],[72.406,40.4631],[72.3697,40.5197],[72.4021,40.5781],[72.6041,40.5254],[72.6796,40.5556],[72.7738,40.6504],[73.1369,40.8106],[72.99,40.8601],[72.8666,40.8423],[72.6583,40.8699],[72.3641,41.0435],[72.1873,41.0259],[72.1643,41.1737],[71.8786,41.195],[71.858,41.3114],[71.7925,41.4131],[71.7007,41.454],[71.6973,41.5156],[71.6649,41.5412],[71.6022,41.5033],[71.6196,41.4354],[71.5855,41.3333],[71.5,41.3075],[71.4209,41.3419],[71.4084,41.136],[71.1107,41.1526],[70.8604,41.2249],[70.7824,41.2625],[70.6889,41.4498],[70.4714,41.4126],[70.177,41.54],[70.181,41.5714],[70.455,41.725],[70.6309,41.8755],[70.8033,41.9227],[70.8419,42.0196],[71.2285,42.1629],[71.2127,42.2064],[71.036,42.2847],[70.9468,42.2487],[70.8929,42.2937],[70.8929,42.34],[71.002,42.4591],[71.0228,42.5354],[71.1674,42.6674],[71.2566,42.7335],[71.4221,42.7832],[71.5143,42.7669],[71.8168,42.8222],[72.2758,42.7577],[72.7529,42.6379],[72.8551,42.5611],[73.2829,42.5041],[73.4116,42.4198],[73.493,42.409],[73.4219,42.5935],[73.5563,43.0028],[73.612,43.0479],[73.886,43.1326],[73.9492,43.195],[74.1459,43.1941],[74.2091,43.2404],[74.8176,42.9782],[75.3662,42.837],[75.6356,42.8146],[75.7896,42.9329],[75.8403,42.9375],[76.5092,42.9189],[76.9881,42.9736],[77.2355,42.9126],[77.8017,42.8952],[78.0231,42.8575],[78.5242,42.8646],[78.8852,42.7749],[79.1267,42.7757],[79.1648,42.759],[79.203,42.666],[79.4282,42.4835],[79.9211,42.4131],[80.2094,42.19],[80.2462,42.0598],[80.2162,42.0324],[79.8404,41.9958],[79.7661,41.8989],[79.2936,41.7828],[78.7426,41.5601],[78.3624,41.3716],[78.3463,41.2814],[78.1234,41.0756],[77.8152,41.0556],[77.5817,40.9928],[76.9077,41.0242],[76.824,40.9823],[76.6611,40.7796],[76.5779,40.5779],[76.4802,40.4495],[76.3186,40.3522],[76.2583,40.4308],[76.1566,40.3765],[76.0043,40.3714],[75.872,40.3032],[75.6771,40.3058],[75.5556,40.6252],[75.241,40.4803],[75.1113,40.4541],[74.8352,40.4826],[74.8013,40.4285],[74.8418,40.345],[74.6799,40.3106],[74.4119,40.1372],[73.9916,40.0431],[73.8354,39.8001],[73.9071,39.5785],[73.8229,39.489],[73.7157,39.4623],[73.4704,39.4606],[73.235,39.3746],[73.1093,39.3619],[72.5634,39.3772],[72.3577,39.3369],[72.23,39.2075],[72.0428,39.3521],[71.7786,39.278],[71.7257,39.3066],[71.7322,39.423],[71.5033,39.4788],[71.5174,39.5539],[71.4703,39.6037],[71.065,39.4934],[71.0049,39.4119],[70.7993,39.3947],[70.7331,39.4133],[70.6078,39.5644],[70.5012,39.5874],[70.2448,39.5426],[70.1711,39.5842],[70.1368,39.5576],[69.956,39.5531],[69.5988,39.5738],[69.2977,39.5248],[69.2803,39.6659],[69.2291,39.7611],[69.2788,39.9178],[69.3072,39.9686],[69.4319,39.9098],[69.4763,39.9197],[69.4688,40.0208],[69.5303,40.0973],[69.9668,40.2022],[70.4514,40.0492],[70.5151,39.9499],[70.6241,39.999],[70.6443,40.0834],[70.9464,40.1876],[70.958,40.2389]],[[71.2062,39.8926],[71.1793,39.9798],[71.2287,40.0481],[71.0804,40.0799],[71.0241,40.1492],[70.9763,40.1333],[70.9744,40.0389],[71.041,39.9949],[71.0117,39.8951],[71.2062,39.8926]],[[71.7797,39.9502],[71.7899,39.9953],[71.6689,39.9461],[71.7529,39.9071],[71.7797,39.9502]],[[70.7017,39.8253],[70.6642,39.8555],[70.4893,39.863],[70.5596,39.7909],[70.7017,39.8253]]]}},{"type":"Feature","properties":{"ISO_A2":"KW","NAME":"Kuwait","CONTINENT":"Asia","REGION":"Asia"},"geometry":{"type":"Polygon","coordinates":[[[48.4425,28.5429],[47.6713,28.5332],[47.5831,28.628],[47.5213,28.8378],[47.4332,28.9896],[46.5314,29.0962],[46.9059,29.5375],[47.1482,30.001],[47.3313,30.0797],[47.7539,30.0766],[47.9787,29.9828],[48.0057,29.8358],[48.1435,29.5725],[47.9696,29.6167],[47.7227,29.393],[47.8453,29.3657],[47.9981,29.3855],[48.0515,29.3554],[48.1838,28.9794],[48.3393,28.7633],[48.4425,28.5429]]]}},{"type":"Feature","properties":{"ISO_A2":"KI","NAME":"Kiribati","CONTINENT":"Oceania","REGION":"Oceania"},"geometry":{"type":"Polygon","coordinates":[[[-157.3421,1.8556],[-157.1758,1.7398],[-157.2461,1.7317],[-157.4201,1.7875],[-157.579,1.9021],[-157.5315,1.9269],[-157.4358,1.8473],[-157.3652,1.9461],[-157.4922,2.0293],[-157.4419,2.025],[-157.3219,1.9686],[-157.3421,1.8556]]]}},{"type":"Feature","properties":{"ISO_A2":"KE","NAME":"Kenya","CONTINENT":"Africa","REGION":"Africa"},"geometry":{"type":"Polygon","coordinates":[[[33.9032,-1.0021],[33.9432,0.1738],[34.0372,0.2945],[34.1609,0.6052],[34.2726,0.6864],[34.4108,0.8673],[34.4817,1.0421],[34.602,1.1564],[34.7876,1.2307],[34.7836,1.3812],[34.9652,1.6434],[34.9782,1.7736],[34.9641,2.0624],[34.883,2.4179],[34.9058,2.4797],[34.8662,2.5897],[34.8145,2.6198],[34.7425,2.8181],[34.5892,2.9248],[34.5226,3.12],[34.4479,3.1635],[34.3994,3.4127],[34.4377,3.6506],[34.165,3.813],[34.1857,3.8698],[34.132,3.8892],[33.9761,4.2202],[35.2684,5.4923],[35.2646,5.4121],[35.3253,5.3649],[35.4687,5.4191],[35.745,5.344],[35.7914,5.2786],[35.8003,5.1569],[35.7562,4.9505],[35.7631,4.808],[36.022,4.4681],[36.9056,4.4115],[38.0861,3.6488],[38.608,3.6001],[38.9678,3.5206],[39.4944,3.4561],[39.6575,3.5778],[39.8422,3.8515],[40.7652,4.273],[41.1404,3.963],[41.3189,3.9431],[41.884,3.9777],[41.3418,3.2017],[40.9645,2.8146],[40.9787,-0.8703],[41.5219,-1.5723],[41.5327,-1.6953],[41.3869,-1.867],[41.2675,-1.945],[41.1068,-1.9823],[40.9955,-1.9506],[40.9521,-2.056],[40.8897,-2.0235],[40.9224,-2.1937],[40.8982,-2.2699],[40.8201,-2.3363],[40.8132,-2.3924],[40.6441,-2.5395],[40.4045,-2.5557],[40.2225,-2.6884],[40.1798,-2.819],[40.1947,-3.0192],[40.1154,-3.2506],[39.9917,-3.3507],[39.8609,-3.5768],[39.8191,-3.786],[39.7316,-3.9933],[39.4909,-4.4784],[39.377,-4.6255],[39.2875,-4.6086],[39.2218,-4.6924],[39.1901,-4.6772],[37.7973,-3.6744],[37.711,-3.5408],[37.6082,-3.4971],[37.688,-3.2462],[37.6438,-3.0454],[34.0516,-1.0398],[33.9032,-1.0021]]]}},{"type":"Feature","properties":{"ISO_A2":"KZ","NAME":"Kazakhstan","CONTINENT":"Asia","REGION":"Asia"},"geometry":{"type":"Polygon","coordinates":[[[70.9468,42.2487],[70.7152,42.1687],[70.5843,42.036],[70.416,42.0786],[70.0956,41.8205],[69.6639,41.6721],[69.401,41.5419],[69.3684,41.4906],[69.1536,41.4252],[69.0649,41.3669],[69.0435,41.2641],[68.9869,41.205],[68.7371,41.0419],[68.5841,40.8763],[68.5565,40.7651],[68.6007,40.66],[68.5727,40.6227],[68.415,40.6194],[68.1603,40.7218],[68.0477,40.8093],[68.1131,41.0286],[67.9357,41.1966],[67.8051,41.1639],[67.7351,41.1873],[66.8143,41.1424],[66.7097,41.1792],[66.6017,41.4943],[66.4986,41.9949],[66.0096,42.0049],[66.0155,42.3148],[66.1003,42.9908],[65.803,42.877],[65.4962,43.3105],[65.2705,43.4175],[64.9055,43.7147],[64.4432,43.5512],[63.207,43.628],[61.9902,43.4921],[61.1607,44.1686],[61.0653,44.3484],[61.0079,44.3938],[58.5553,45.5554],[55.9757,44.9949],[55.9774,41.3222],[55.5452,41.2627],[55.4344,41.2963],[55.2496,41.4581],[54.8538,41.9652],[54.6779,42.0782],[54.121,42.3352],[53.6854,42.2969],[53.0559,42.1478],[52.8705,42.0606],[52.4938,41.7804],[52.4621,42.1006],[52.6184,42.4282],[52.6385,42.5557],[52.5966,42.7602],[52.4939,42.8203],[52.273,42.7998],[52.1837,42.8688],[51.8982,42.8696],[51.7004,43.1041],[51.616,43.1584],[51.2954,43.1741],[51.3018,43.4824],[51.0648,43.7501],[50.8308,44.1928],[50.685,44.2651],[50.3312,44.3255],[50.2756,44.3551],[50.2529,44.4615],[50.2975,44.5815],[50.4095,44.624],[50.8604,44.6288],[51.0488,44.5305],[51.1771,44.5014],[51.3767,44.5412],[51.5436,44.531],[51.4311,44.602],[51.3103,44.6188],[51.0579,44.8116],[51.0094,44.9218],[51.0403,44.9803],[51.2499,45.1217],[51.294,45.2298],[51.4157,45.3579],[51.5396,45.3429],[51.7326,45.3995],[52.4268,45.4046],[52.9107,45.3197],[53.2004,45.332],[53.0857,45.4074],[52.8375,45.4967],[52.7738,45.5728],[52.8875,45.7795],[53.0416,45.9679],[53.1353,46.1917],[53.109,46.4141],[53.064,46.4753],[53.0785,46.5475],[53.1702,46.669],[53.0694,46.8561],[52.916,46.9544],[52.4832,46.9907],[52.3403,46.8948],[52.1383,46.8286],[52.0111,46.9019],[51.7445,46.9337],[51.6152,47.0299],[51.178,47.1102],[50.92,47.0407],[50.5829,46.8823],[50.4193,46.8795],[50.3063,46.7949],[49.8863,46.5957],[49.3475,46.5191],[49.3621,46.4102],[49.2858,46.4368],[49.2057,46.3857],[49.2322,46.3372],[48.6102,46.5665],[48.5092,46.65],[48.5186,46.7343],[48.6053,46.7659],[48.8836,46.7054],[48.9503,46.7258],[48.9594,46.7746],[48.5525,47.321],[48.167,47.7088],[48.11,47.7454],[47.4819,47.8039],[47.2924,47.7409],[47.2021,47.7925],[47.0933,47.9477],[47.119,48.127],[47.0646,48.2325],[47.0043,48.2845],[46.6609,48.4123],[46.6092,48.5739],[46.7026,48.8056],[46.8529,48.9696],[46.9622,49.0383],[47.0313,49.1503],[47.0182,49.1999],[46.8021,49.3671],[46.8231,49.5022],[46.8896,49.697],[46.992,49.8527],[47.2483,50.0009],[47.2952,50.0585],[47.2947,50.2175],[47.3265,50.2735],[47.5036,50.4027],[47.5996,50.4136],[47.7058,50.378],[48.335,49.8583],[48.4343,49.8285],[48.759,49.9283],[48.8433,50.0131],[48.6251,50.6127],[48.8084,50.6013],[49.3234,50.8517],[49.4246,51.027],[49.498,51.0836],[49.8223,51.1319],[49.9323,51.1972],[50.3093,51.3216],[50.7939,51.7292],[51.1635,51.6475],[51.2699,51.5945],[51.3011,51.4974],[51.3445,51.4753],[51.6091,51.484],[52.0071,51.6727],[52.2191,51.7094],[52.3311,51.6813],[52.4962,51.5122],[52.5712,51.4816],[53.3381,51.4824],[53.5347,51.3996],[53.6881,51.2518],[53.9568,51.1612],[54.1397,51.0408],[54.4215,50.7803],[54.4715,50.5838],[54.5553,50.5358],[54.6361,50.5916],[54.65,50.6602],[54.6063,50.8799],[54.5461,50.946],[54.5729,50.9902],[54.6416,51.0116],[54.868,50.9414],[55.3611,50.6653],[55.6862,50.5829],[56.0497,50.7135],[56.1439,50.8446],[56.4914,51.0195],[56.6202,50.9809],[57.0117,51.0652],[57.179,51.036],[57.4422,50.8889],[57.6538,50.9251],[57.8289,51.089],[58.3592,51.0638],[58.5475,50.971],[58.8837,50.6944],[59.4523,50.6204],[59.5239,50.5828],[59.4979,50.5111],[59.523,50.4929],[59.8124,50.582],[59.9552,50.7993],[60.0586,50.8503],[60.2881,50.7042],[60.4248,50.6792],[60.638,50.6637],[60.9423,50.6955],[61.2269,50.7748],[61.3895,50.861],[61.5122,51.137],[61.5851,51.2297],[61.5547,51.3246],[61.3631,51.4419],[61.0148,51.4924],[60.9735,51.5371],[60.4647,51.6512],[60.3875,51.773],[60.2804,51.8346],[60.0675,51.8906],[60.0303,51.9333],[60.0655,51.9765],[60.4255,52.1256],[60.6703,52.1508],[60.9376,52.2806],[60.9945,52.3369],[60.7744,52.6758],[60.8023,52.7447],[61.0475,52.9725],[61.4008,52.996],[61.9742,52.9438],[62.0827,53.0054],[62.0811,53.0574],[62.0146,53.1079],[61.6599,53.2285],[61.1992,53.2872],[61.1628,53.3368],[61.2289,53.4459],[61.401,53.4558],[61.535,53.5233],[61.4741,53.5803],[61.2479,53.551],[60.9795,53.6217],[60.9855,53.6574],[61.1132,53.7535],[61.1438,53.9638],[61.2311,54.0195],[61.3337,54.0493],[61.9287,53.9465],[62.0402,54.0026],[62.499,54.0132],[62.6327,54.0693],[63.0739,54.1052],[63.1913,54.171],[63.7014,54.2432],[63.8471,54.2365],[64.1994,54.3474],[64.4612,54.3842],[64.6499,54.3522],[64.9268,54.3966],[65.0884,54.3402],[65.1578,54.3644],[65.2374,54.5161],[65.477,54.6233],[65.7078,54.6187],[65.9143,54.6933],[65.9547,54.6595],[66.2227,54.6674],[67.6934,54.8724],[67.8299,54.9436],[68.1559,54.9767],[68.244,55.0524],[68.2063,55.1609],[68.5248,55.2048],[68.7129,55.3085],[68.9772,55.3896],[69.4933,55.3569],[70.1824,55.1625],[70.3715,55.2123],[70.4863,55.2824],[70.7381,55.3052],[70.9102,55.128],[71.1855,54.5993],[71.1521,54.3641],[71.0527,54.2605],[71.0932,54.2122],[71.3364,54.1584],[71.8874,54.2215],[72.0045,54.2057],[72.0656,54.2316],[72.1054,54.3084],[72.186,54.3256],[72.2691,54.2721],[72.3873,54.123],[72.4043,53.9645],[72.4468,53.9418],[72.5859,53.9959],[72.5643,54.0904],[72.6223,54.1343],[72.9141,54.1073],[73.1193,53.9808],[73.2299,53.9578],[73.3807,53.9628],[73.618,54.0674],[73.7124,54.0424],[73.6789,53.9294],[73.3994,53.8115],[73.3057,53.7072],[73.2857,53.5984],[73.3719,53.4544],[73.4069,53.4476],[73.643,53.5763],[73.859,53.6197],[74.21,53.5765],[74.3516,53.4876],[74.4027,53.5044],[74.452,53.6473],[74.8342,53.8257],[75.0521,53.8267],[75.2202,53.8938],[75.3771,53.9701],[75.3981,54.0685],[75.4372,54.0896],[75.6929,54.1148],[76.2666,54.312],[76.4965,54.3357],[76.8373,54.4424],[76.789,54.3219],[76.6546,54.1453],[76.4217,54.1515],[76.4848,54.0226],[76.5757,53.9425],[77.7044,53.3792],[77.86,53.2692],[78.4755,52.6384],[79.4688,51.4931],[79.9862,50.7746],[80.0659,50.7582],[80.0863,50.84],[80.2202,50.9118],[80.4236,50.9463],[80.4522,50.9976],[80.4215,51.1364],[80.448,51.1834],[80.7353,51.2934],[80.8773,51.2814],[80.9656,51.1898],[81.1272,51.1911],[81.141,51.1466],[81.0715,50.9688],[81.1246,50.9463],[81.3883,50.9565],[81.4516,50.8237],[81.4314,50.7711],[81.4659,50.7398],[81.9337,50.7664],[82.098,50.7108],[82.3264,50.7419],[82.4939,50.7276],[82.6117,50.7715],[82.7608,50.8934],[83.0192,50.8973],[83.1603,50.9892],[83.3573,50.9946],[83.7178,50.8872],[83.9451,50.7747],[84.0023,50.6769],[84.176,50.5206],[84.2578,50.2882],[84.3232,50.2392],[84.6073,50.2024],[84.839,50.0913],[84.9895,50.0614],[84.9752,49.9511],[85.0008,49.8941],[85.2326,49.6158],[85.3716,49.6239],[85.9336,49.5504],[85.9744,49.4993],[86.1809,49.4993],[86.6102,49.7691],[86.6755,49.7773],[86.7287,49.7487],[86.7307,49.6956],[86.6143,49.6097],[86.6265,49.5627],[86.7144,49.5586],[86.8121,49.4879],[87.001,49.2873],[87.2337,49.2162],[87.3229,49.0858],[87.0485,49.1099],[86.8859,49.0906],[86.8083,49.0497],[86.7531,49.0088],[86.7286,48.9394],[86.7578,48.8607],[86.718,48.6972],[86.5494,48.5286],[86.2656,48.4545],[85.7494,48.3851],[85.6264,48.204],[85.526,47.9156],[85.5866,47.4937],[85.6698,47.3384],[85.6566,47.2546],[85.4848,47.0635],[85.2335,47.0364],[85.0122,46.9092],[84.7861,46.8307],[84.6666,46.9724],[84.3389,46.9961],[84.016,46.9705],[83.714,47.021],[83.0903,47.2094],[83.0295,47.1859],[82.9749,46.966],[82.5551,46.1587],[82.4297,45.8119],[82.3152,45.5949],[82.3267,45.5199],[82.6116,45.4243],[82.6211,45.2931],[82.5215,45.1255],[82.2666,45.2191],[81.9449,45.1608],[81.7896,45.226],[81.7589,45.3108],[81.692,45.3494],[80.8533,45.1293],[80.6348,45.1265],[80.0592,45.0064],[79.8719,44.8838],[79.9972,44.7972],[80.2551,44.8081],[80.4815,44.7146],[80.3814,44.6554],[80.3551,44.552],[80.3553,44.0973],[80.496,43.8921],[80.6508,43.5642],[80.7038,43.4271],[80.6678,43.3101],[80.7298,43.2743],[80.7857,43.1616],[80.7512,43.1025],[80.617,43.1283],[80.3902,43.0431],[80.3834,42.9738],[80.5438,42.9117],[80.539,42.8735],[80.2503,42.7973],[80.2022,42.7345],[80.1619,42.6255],[80.2591,42.2354],[80.2094,42.19],[79.9211,42.4131],[79.4282,42.4835],[79.203,42.666],[79.1648,42.759],[79.1267,42.7757],[78.8852,42.7749],[78.5242,42.8646],[78.0231,42.8575],[77.8017,42.8952],[77.2355,42.9126],[76.9881,42.9736],[76.5092,42.9189],[75.8403,42.9375],[75.7896,42.9329],[75.6356,42.8146],[75.3662,42.837],[74.8176,42.9782],[74.2091,43.2404],[74.1459,43.1941],[73.9492,43.195],[73.886,43.1326],[73.612,43.0479],[73.5563,43.0028],[73.4219,42.5935],[73.493,42.409],[73.4116,42.4198],[73.2829,42.5041],[72.8551,42.5611],[72.7529,42.6379],[72.2758,42.7577],[71.7605,42.8215],[71.5143,42.7669],[71.4221,42.7832],[71.2566,42.7335],[71.0228,42.5354],[71.002,42.4591],[70.8929,42.34],[70.8929,42.2937],[70.9468,42.2487]]]}},{"type":"Feature","properties":{"ISO_A2":"JO","NAME":"Jordan","CONTINENT":"Asia","REGION":"Asia"},"geometry":{"type":"Polygon","coordinates":[[[35.7873,32.7349],[35.8947,32.7138],[36.0595,32.5338],[36.2197,32.4951],[36.3721,32.3869],[36.8184,32.3173],[38.7735,33.3722],[39.0578,32.4932],[38.9816,32.4726],[39.0414,32.3057],[39.2475,32.351],[39.2928,32.2438],[38.9623,31.9949],[36.9586,31.4915],[37.9801,30.5],[37.6499,30.331],[37.4692,29.9951],[36.7553,29.866],[36.7039,29.8316],[36.4761,29.4951],[36.0685,29.2005],[36.0154,29.1905],[34.9508,29.3535],[35.0682,29.9779],[35.1416,30.1417],[35.1406,30.4209],[35.4393,31.1324],[35.4097,31.2145],[35.4654,31.5624],[35.559,31.7655],[35.5314,31.9849],[35.5721,32.2379],[35.5515,32.3955],[35.5729,32.6409],[35.6112,32.6821],[35.7873,32.7349]]]}},{"type":"Feature","properties":{"ISO_A2":"JP","NAME":"Japan","CONTINENT":"Asia","REGION":"Asia"},"geometry":{"type":"MultiPolygon","coordinates":[[[[143.8243,44.117],[144.1014,44.1016],[144.4818,43.9496],[144.7152,43.928],[144.8719,43.9819],[145.3428,44.3339],[145.3695,44.3274],[145.352,44.2298],[145.1264,43.8694],[145.1011,43.7646],[145.1396,43.6625],[145.2141,43.5782],[145.3408,43.3025],[145.4879,43.2797],[145.6736,43.3889],[145.833,43.3859],[145.6242,43.2913],[145.5051,43.1742],[145.3475,43.1767],[144.9214,43.0009],[144.6308,42.9469],[144.1973,42.9736],[143.9693,42.8814],[143.581,42.5987],[143.4295,42.4189],[143.3321,42.2204],[143.3137,42.0843],[143.2365,42.0002],[143.1117,42.0222],[142.5082,42.258],[141.8514,42.5791],[141.4066,42.5469],[140.9861,42.3421],[140.7098,42.5556],[140.4805,42.5594],[140.3506,42.4351],[140.3267,42.2934],[140.5275,42.1318],[140.7338,42.1164],[141.151,41.8051],[140.9995,41.7374],[140.6599,41.8156],[140.4892,41.6722],[140.385,41.5193],[140.2701,41.456],[140.1486,41.4232],[140.0366,41.4738],[139.9953,41.5764],[140.1084,41.9129],[140.0568,42.0673],[139.8951,42.19],[139.8354,42.2781],[139.8209,42.3876],[139.8602,42.5817],[139.8911,42.6492],[140.1146,42.733],[140.4322,42.9541],[140.4864,43.0499],[140.3975,43.1673],[140.3924,43.3031],[140.4869,43.3382],[140.8191,43.2055],[141.1382,43.1799],[141.2963,43.1997],[141.3741,43.2796],[141.4123,43.3815],[141.3977,43.6426],[141.6447,44.0194],[141.6608,44.2636],[141.7609,44.4825],[141.7822,44.7164],[141.719,44.9411],[141.583,45.156],[141.5938,45.256],[141.668,45.4013],[141.8295,45.4388],[141.9377,45.5095],[142.416,45.125],[142.8848,44.6701],[143.2886,44.3966],[143.8243,44.117]]],[[[131.1746,33.6026],[131.366,33.5709],[131.583,33.6524],[131.6963,33.6028],[131.7242,33.5538],[131.7106,33.5023],[131.5374,33.2741],[131.8966,33.2546],[131.8479,33.1181],[131.9493,33.0471],[131.9104,32.9737],[132.0086,32.919],[132.0021,32.8824],[131.7321,32.5928],[131.6604,32.4656],[131.4603,31.8835],[131.46,31.6708],[131.3372,31.4047],[131.0708,31.4369],[131.0352,31.3777],[131.0984,31.2562],[130.9022,31.1121],[130.6857,31.0151],[130.7897,31.2691],[130.7042,31.5774],[130.7963,31.6241],[130.7763,31.7063],[130.6551,31.7184],[130.5561,31.5631],[130.5404,31.4031],[130.6445,31.2675],[130.5888,31.1785],[130.2007,31.2919],[130.1473,31.4085],[130.2941,31.4507],[130.322,31.6015],[130.1879,31.7688],[130.2109,31.849],[130.1944,32.0908],[130.3191,32.1435],[130.3949,32.219],[130.6405,32.6192],[130.4979,32.6569],[130.5694,32.7341],[130.5473,32.8316],[130.4404,32.9514],[130.3817,33.0926],[130.2375,33.1776],[130.1269,33.1048],[130.1731,33.013],[130.175,32.8513],[130.3265,32.8526],[130.3608,32.7559],[130.3404,32.7019],[130.2455,32.6771],[130.1521,32.7479],[130.0541,32.7708],[129.7686,32.571],[129.8268,32.7253],[129.69,32.8752],[129.6623,32.9949],[129.6791,33.06],[129.7777,32.9855],[129.8283,32.8927],[129.9008,32.8519],[129.9917,32.8516],[129.8968,33.0224],[129.5801,33.2363],[129.6102,33.3437],[129.66,33.365],[129.8441,33.3218],[129.8575,33.3752],[129.8257,33.437],[130.0721,33.5218],[130.168,33.5983],[130.365,33.6345],[130.4838,33.8346],[130.7156,33.9278],[130.9531,33.872],[131.0581,33.6729],[131.1746,33.6026]]],[[[141.2293,41.3727],[141.2688,41.3538],[141.4555,41.4047],[141.4,41.0963],[141.4305,40.7233],[141.4628,40.6111],[141.6463,40.4736],[141.7971,40.2912],[141.9908,39.7922],[141.977,39.4288],[141.9008,39.1113],[141.7762,39.0174],[141.6586,38.9749],[141.5463,38.7628],[141.5088,38.4979],[141.4675,38.4042],[141.1084,38.3379],[140.9621,38.1489],[140.9279,37.9496],[141.0363,37.4672],[141.0017,37.1146],[140.9684,37.0021],[140.7918,36.8469],[140.7299,36.7319],[140.6273,36.5028],[140.5735,36.2313],[140.622,36.0592],[140.874,35.725],[140.6393,35.6613],[140.4574,35.5103],[140.4129,35.3948],[140.4165,35.267],[140.3547,35.1814],[140.0592,35.0383],[139.9204,34.8996],[139.8439,34.9149],[139.7992,34.9569],[139.8433,35.0099],[139.8515,35.2323],[139.8265,35.2967],[139.9062,35.3453],[140.0969,35.5852],[139.9875,35.6682],[139.8348,35.6581],[139.7863,35.6121],[139.7678,35.4948],[139.65,35.4091],[139.6655,35.3195],[139.744,35.2524],[139.675,35.1493],[139.6359,35.1421],[139.5641,35.2433],[139.4744,35.2985],[139.2494,35.278],[139.1341,35.1549],[139.086,34.8392],[138.9826,34.6984],[138.8967,34.6284],[138.8375,34.6192],[138.761,34.6992],[138.8027,34.9748],[138.9036,35.0252],[138.8209,35.0957],[138.7196,35.1241],[138.5771,35.0865],[138.2532,34.7327],[138.1891,34.5963],[137.979,34.6409],[137.5434,34.6642],[137.0617,34.5828],[137.0771,34.6214],[137.2878,34.7035],[137.2752,34.7725],[137.0322,34.7659],[136.9633,34.8349],[136.9348,34.8152],[136.9441,34.7215],[136.8713,34.7331],[136.8529,34.9787],[136.8971,35.0355],[136.8042,35.0503],[136.69,34.9841],[136.533,34.6784],[136.6158,34.5891],[136.8803,34.4336],[136.8537,34.3241],[136.3299,34.1769],[135.9162,33.5617],[135.6953,33.487],[135.4528,33.5534],[135.3468,33.722],[135.1754,33.898],[135.1279,34.007],[135.1354,34.1826],[135.1001,34.2884],[135.3093,34.4168],[135.4118,34.547],[135.4159,34.6175],[135.3552,34.6543],[135.0417,34.631],[134.74,34.7652],[134.5838,34.7706],[134.2469,34.7139],[133.9683,34.5273],[133.4453,34.4332],[133.1424,34.3024],[133.0189,34.3296],[132.6565,34.2461],[132.4213,34.3534],[132.3126,34.325],[132.2381,34.227],[132.1465,33.8388],[131.7405,34.0521],[131.4762,34.0194],[131.2326,33.948],[131.0719,34.0207],[130.9188,33.9757],[130.8893,34.2618],[131.0042,34.3926],[131.3544,34.4132],[131.608,34.6155],[131.8561,34.7263],[132.2596,35.0223],[132.619,35.3068],[132.6977,35.4183],[132.9229,35.5113],[133.2672,35.5565],[133.3765,35.4588],[133.6154,35.5114],[133.9813,35.5072],[134.2141,35.5393],[134.4561,35.6279],[134.8822,35.6632],[135.1743,35.7471],[135.2654,35.7218],[135.232,35.5919],[135.327,35.5255],[135.6803,35.5031],[135.9031,35.6069],[136.0953,35.7676],[136.0223,35.8741],[136.0063,35.9906],[136.0675,36.1168],[136.1563,36.2233],[136.359,36.3618],[136.6981,36.742],[136.7493,36.951],[136.7192,37.1984],[136.8435,37.3821],[137.3227,37.5221],[137.3375,37.4375],[137.1521,37.2832],[136.924,37.172],[136.8999,37.1177],[136.9944,37.0268],[137.0167,36.8372],[137.1237,36.7741],[137.2463,36.7532],[137.3426,36.7704],[137.5141,36.9516],[138.3199,37.2184],[138.6328,37.4722],[138.8851,37.8439],[139.2472,38.0091],[139.3639,38.099],[139.5208,38.5025],[139.802,38.8816],[139.9123,39.2286],[140.0365,39.4111],[140.0647,39.6244],[140.0547,39.7493],[139.9947,39.8551],[139.9452,39.8851],[139.8104,39.8777],[139.7415,39.9209],[139.7555,39.9589],[139.8736,39.9857],[139.908,40.0217],[140.0111,40.2604],[139.9239,40.5339],[139.9229,40.5984],[139.9667,40.6728],[140.0293,40.7332],[140.2013,40.7749],[140.2813,40.8461],[140.3436,41.0057],[140.3152,41.1609],[140.3859,41.2298],[140.6276,41.1954],[140.6794,40.8933],[140.7486,40.8303],[140.8008,40.8343],[140.8762,40.9295],[140.936,40.9408],[141.1186,40.8823],[141.2254,40.9885],[141.2621,41.1027],[141.2442,41.2056],[141.2004,41.2436],[140.8006,41.1388],[140.8019,41.2537],[140.8596,41.4254],[140.9369,41.5056],[141.1059,41.4559],[141.2293,41.3727]]]]}},{"type":"Feature","properties":{"ISO_A2":"JM","NAME":"Jamaica","CONTINENT":"North America","REGION":"Americas"},"geometry":{"type":"Polygon","coordinates":[[[-77.2615,18.4574],[-76.9082,18.3904],[-76.7007,18.2572],[-76.3499,18.1519],[-76.2108,17.9135],[-76.5246,17.8662],[-76.7743,17.9404],[-76.7483,17.9649],[-76.8532,17.9737],[-76.9441,17.8488],[-77.0359,17.8541],[-77.0713,17.9013],[-77.1195,17.8801],[-77.205,17.7149],[-77.3614,17.8337],[-77.7682,17.8774],[-77.8813,18.019],[-77.963,18.0476],[-78.0445,18.1738],[-78.2941,18.2181],[-78.3395,18.2872],[-78.326,18.3498],[-78.2167,18.4481],[-77.9782,18.4678],[-77.8734,18.5222],[-77.2615,18.4574]]]}},{"type":"Feature","properties":{"ISO_A2":"IT","NAME":"Italy","CONTINENT":"Europe","REGION":"Europe"},"geometry":{"type":"MultiPolygon","coordinates":[[[[7.0211,45.9258],[7.129,45.8804],[7.5386,45.9782],[7.7879,45.9218],[7.9932,46.0159],[8.1252,46.1609],[8.0957,46.271],[8.3707,46.4451],[8.4226,46.446],[8.4584,46.2459],[8.6417,46.1108],[8.8186,46.0771],[8.778,45.9962],[8.9537,45.83],[9.0237,45.8457],[9.0467,45.8756],[9.003,46.0149],[9.2511,46.2868],[9.2602,46.4752],[9.3044,46.4956],[9.4276,46.4823],[9.4811,46.3488],[9.5287,46.3062],[9.6395,46.2959],[9.9393,46.3618],[10.0806,46.228],[10.1452,46.2535],[10.0383,46.4832],[10.087,46.5999],[10.1955,46.6211],[10.2723,46.5648],[10.4307,46.55],[10.4383,46.6188],[10.3979,46.665],[10.4528,46.8649],[10.6893,46.8464],[10.8289,46.7752],[10.9933,46.777],[11.1339,46.9362],[11.2444,46.9757],[11.7757,46.9861],[12.1694,47.0821],[12.1972,47.075],[12.1308,46.9848],[12.1541,46.9353],[12.3883,46.7026],[13.1688,46.5727],[13.7,46.5203],[13.6797,46.4629],[13.3995,46.3175],[13.3782,46.2616],[13.421,46.2123],[13.6325,46.1771],[13.6166,46.1331],[13.4864,46.0396],[13.4877,45.9871],[13.6006,45.9798],[13.5834,45.8124],[13.7217,45.7613],[13.8747,45.6148],[13.7198,45.5876],[13.7833,45.6272],[13.6283,45.7709],[13.5582,45.7707],[13.4651,45.71],[13.2063,45.7714],[13.0303,45.6375],[12.4976,45.4617],[12.4321,45.4679],[12.5361,45.5449],[12.4918,45.5463],[12.2743,45.446],[12.2257,45.2415],[12.2863,45.2077],[12.3925,45.0398],[12.5234,44.968],[12.4636,44.8452],[12.3845,44.7983],[12.2789,44.8322],[12.2483,44.7225],[12.305,44.4294],[12.3963,44.2239],[12.6911,43.9947],[12.907,43.9212],[13.2953,43.6861],[13.5642,43.5713],[13.8047,43.1804],[14.0104,42.6896],[14.1827,42.5064],[14.5407,42.2443],[14.8661,42.0525],[15.1688,41.934],[15.405,41.9132],[15.9641,41.9395],[16.1646,41.8962],[16.1892,41.814],[16.1513,41.7585],[15.9138,41.6209],[15.9005,41.5121],[16.0126,41.4354],[16.5519,41.232],[17.1034,41.0622],[17.4742,40.8406],[17.955,40.6552],[18.0361,40.5649],[18.3282,40.3709],[18.4606,40.221],[18.4858,40.1048],[18.3935,39.9036],[18.3438,39.8214],[18.2193,39.8525],[18.0779,39.937],[17.865,40.2802],[17.3958,40.3402],[17.2577,40.3991],[17.18,40.5028],[17.0313,40.5135],[16.9282,40.4581],[16.6696,40.1372],[16.53,39.8597],[16.5219,39.7476],[16.5978,39.6389],[16.8243,39.5783],[17.1146,39.3806],[17.1229,39.1366],[17.1746,38.9981],[17.0985,38.9193],[16.9515,38.9398],[16.7555,38.8897],[16.6167,38.8001],[16.559,38.7148],[16.5742,38.4936],[16.5456,38.4091],[16.2824,38.2496],[16.0568,37.9418],[15.7245,37.9391],[15.6458,38.0342],[15.6431,38.1754],[15.7002,38.2623],[15.8224,38.303],[15.9048,38.4835],[15.8789,38.6139],[15.927,38.6717],[15.9724,38.7126],[16.1968,38.7592],[16.21,38.9411],[16.1074,39.0238],[16.0236,39.3536],[15.8544,39.6265],[15.6928,39.9902],[15.5852,40.0528],[15.2945,40.07],[14.9509,40.239],[14.9291,40.3096],[14.9861,40.3775],[14.9477,40.4693],[14.8396,40.63],[14.7657,40.6684],[14.3399,40.5988],[14.4605,40.7287],[14.3089,40.8126],[14.0443,40.8123],[14.0477,40.8703],[13.8598,41.13],[13.7334,41.2356],[13.6697,41.2545],[13.5548,41.2322],[13.2469,41.2889],[13.0887,41.2438],[12.8492,41.4087],[12.6309,41.4697],[12.0753,41.9409],[11.807,42.082],[11.6373,42.2875],[11.2963,42.4233],[11.1412,42.3899],[11.1032,42.4166],[11.1848,42.4566],[11.1678,42.5352],[10.9378,42.7387],[10.8031,42.8043],[10.7084,42.9363],[10.5148,42.9675],[10.5208,43.2038],[10.4476,43.3712],[10.3205,43.5131],[10.2458,43.8521],[10.1881,43.9475],[10.0477,44.02],[9.7309,44.1012],[9.2894,44.3192],[8.7658,44.4223],[8.552,44.3461],[8.005,43.8768],[7.4932,43.7671],[7.482,43.8649],[7.6771,44.0832],[7.6372,44.1648],[7.3186,44.138],[6.9673,44.28],[6.9002,44.3357],[6.8748,44.392],[6.8938,44.4282],[6.843,44.5107],[6.9604,44.6771],[7.0307,44.7167],[6.9927,44.8273],[6.7382,44.9214],[6.6914,45.0226],[6.6348,45.0682],[6.6277,45.118],[6.6923,45.1443],[6.8423,45.1356],[7.0783,45.2399],[7.1464,45.3817],[6.7909,45.7409],[6.8045,45.8146],[7.0211,45.9258]],[[12.4392,41.8984],[12.4306,41.9055],[12.4306,41.8976],[12.4392,41.8984]],[[12.4853,43.9014],[12.5037,43.9897],[12.4411,43.9824],[12.3969,43.9346],[12.4264,43.8941],[12.4853,43.9014]]],[[[15.5766,38.2203],[15.2345,37.7848],[15.0995,37.4586],[15.117,37.3347],[15.2303,37.2443],[15.1741,37.2092],[15.2887,37.0969],[15.2957,37.0552],[15.2945,37.0133],[15.1852,36.9348],[15.1158,36.8393],[15.1126,36.6878],[14.8896,36.7235],[14.776,36.7104],[14.5019,36.7987],[14.3673,36.9729],[14.2591,37.0464],[14.143,37.1037],[13.9055,37.1006],[13.8006,37.1359],[13.3609,37.3487],[13.1699,37.4793],[12.9241,37.5705],[12.6402,37.5943],[12.5268,37.6695],[12.4355,37.8198],[12.5477,38.0529],[12.6644,38.1079],[12.7344,38.1831],[12.9027,38.0349],[13.049,38.0841],[13.0568,38.1309],[13.16,38.1903],[13.2911,38.1915],[13.6815,38.0007],[13.7889,37.9812],[14.05,38.0405],[14.2877,38.0168],[14.506,38.0455],[14.7896,38.167],[15.1188,38.1527],[15.4987,38.2909],[15.6347,38.2676],[15.5766,38.2203]]]]}},{"type":"Feature","properties":{"ISO_A2":"IL","NAME":"Israel","CONTINENT":"Asia","REGION":"Asia"},"geometry":{"type":"Polygon","coordinates":[[[35.8407,33.4157],[35.785,33.2911],[35.888,32.9444],[35.7873,32.7349],[35.6112,32.6821],[35.5729,32.6409],[35.5515,32.3955],[35.4844,32.4017],[35.3621,32.5075],[35.1933,32.5344],[35.065,32.4604],[34.956,32.1609],[34.9897,31.9133],[34.9538,31.8413],[34.983,31.8168],[35.0532,31.8379],[35.1271,31.8167],[35.2037,31.75],[34.951,31.6023],[34.8805,31.3682],[35.1012,31.3662],[35.4506,31.4793],[35.4007,31.2305],[35.4393,31.1324],[35.1406,30.4209],[35.1416,30.1417],[35.0682,29.9779],[34.9734,29.555],[34.9043,29.4773],[34.6586,30.1915],[34.5297,30.446],[34.2453,31.2083],[34.3483,31.2929],[34.3502,31.3627],[34.5256,31.5256],[34.4773,31.5849],[34.6784,31.8957],[35.1086,33.0837],[35.4112,33.0757],[35.4932,33.1195],[35.5325,33.2505],[35.5793,33.2715],[35.6029,33.2406],[35.8407,33.4157]]]}},{"type":"Feature","properties":{"ISO_A2":"PS","NAME":"Palestine","CONTINENT":"Asia","REGION":"Asia"},"geometry":{"type":"Polygon","coordinates":[[[35.5515,32.3955],[35.5721,32.2379],[35.5314,31.9849],[35.559,31.7655],[35.4994,31.6724],[35.4506,31.4793],[35.1012,31.3662],[34.8805,31.3682],[34.951,31.6023],[35.2037,31.75],[35.1271,31.8167],[34.9611,31.8233],[34.9897,31.9133],[34.956,32.1609],[35.065,32.4604],[35.1933,32.5344],[35.3621,32.5075],[35.4844,32.4017],[35.5515,32.3955]]]}},{"type":"Feature","properties":{"ISO_A2":"IE","NAME":"Ireland","CONTINENT":"Europe","REGION":"Europe"},"geometry":{"type":"Polygon","coordinates":[[[-7.2187,55.092],[-7.3769,55.0277],[-7.4513,54.8771],[-7.5504,54.768],[-7.7375,54.7104],[-7.9106,54.6983],[-7.7463,54.6158],[-7.7544,54.5949],[-8.0443,54.5125],[-8.1448,54.4535],[-7.8845,54.2838],[-7.8549,54.2153],[-7.6788,54.1867],[-7.6065,54.1438],[-7.3245,54.1334],[-7.1555,54.2395],[-7.2026,54.3018],[-7.0497,54.4083],[-7.0077,54.4067],[-6.8772,54.3291],[-6.8026,54.2144],[-6.6469,54.1634],[-6.6498,54.0586],[-6.4026,54.0606],[-6.3037,54.0949],[-6.218,54.0887],[-6.1757,54.0535],[-6.1569,54.0172],[-6.3076,54.011],[-6.3452,53.9872],[-6.3476,53.9413],[-6.1418,53.5775],[-6.1291,53.3909],[-6.1517,53.3664],[-6.045,53.0912],[-6.0274,52.9271],[-6.1693,52.7381],[-6.2172,52.5431],[-6.3454,52.402],[-6.4632,52.3454],[-6.325,52.2467],[-6.5611,52.1888],[-6.7822,52.2105],[-6.8902,52.1592],[-6.9658,52.2495],[-7.0033,52.1659],[-7.5273,52.0989],[-7.6249,51.9931],[-7.8722,51.9353],[-8.0578,51.8256],[-8.145,51.8135],[-8.2902,51.8907],[-8.4092,51.8888],[-8.3474,51.8477],[-8.3356,51.793],[-8.3491,51.7393],[-8.4078,51.7121],[-8.7345,51.6362],[-8.8134,51.5849],[-9.2965,51.4982],[-9.4629,51.5291],[-9.7373,51.4737],[-9.8354,51.4834],[-9.7104,51.6037],[-9.5249,51.6811],[-9.5798,51.6893],[-10.1208,51.6007],[-10.0694,51.6556],[-9.7495,51.8243],[-9.5988,51.8744],[-10.0842,51.771],[-10.2117,51.7836],[-10.2417,51.8125],[-10.3411,51.7989],[-10.3787,51.8688],[-10.2316,51.9745],[-9.946,52.0798],[-9.9097,52.1229],[-10.3902,52.1349],[-10.3567,52.2069],[-10.1321,52.2821],[-9.9373,52.2376],[-9.7721,52.2501],[-9.8411,52.2915],[-9.8532,52.3755],[-9.9061,52.4037],[-9.6322,52.5469],[-8.7834,52.6796],[-8.9903,52.7554],[-9.1754,52.6349],[-9.3942,52.6171],[-9.561,52.654],[-9.7644,52.58],[-9.9166,52.5697],[-9.4649,52.8232],[-9.3937,52.8962],[-9.462,52.9473],[-9.2992,53.0976],[-8.9972,53.1621],[-8.9301,53.2071],[-9.1403,53.2505],[-9.5142,53.2382],[-9.626,53.3345],[-9.8254,53.3204],[-9.8758,53.3427],[-9.7954,53.395],[-10.0913,53.4128],[-10.0544,53.4783],[-10.117,53.5485],[-9.7207,53.6045],[-9.9097,53.6576],[-9.9016,53.7272],[-9.5782,53.8054],[-9.5789,53.8798],[-9.9141,53.8637],[-9.8563,54.0043],[-9.8564,54.0954],[-9.9345,54.0752],[-9.9771,54.1871],[-10.0927,54.1558],[-10.0564,54.2578],[-9.5623,54.3085],[-9.3155,54.2986],[-9.1459,54.2096],[-9.0024,54.288],[-8.5456,54.2412],[-8.6231,54.3469],[-8.471,54.4419],[-8.2304,54.5073],[-8.1334,54.6408],[-8.4565,54.6093],[-8.7639,54.6812],[-8.7152,54.732],[-8.5383,54.783],[-8.3773,54.8895],[-8.4117,54.9651],[-8.3933,55.0204],[-8.3258,55.0564],[-8.2746,55.1463],[-8.0061,55.1953],[-7.7505,55.1858],[-7.7625,55.2483],[-7.6671,55.2565],[-7.57,55.1714],[-7.5566,55.1222],[-7.6343,55.055],[-7.5898,55.025],[-7.6587,54.9709],[-7.4784,55.047],[-7.5314,55.1938],[-7.5179,55.2479],[-7.3018,55.2988],[-7.366,55.3602],[-7.2467,55.353],[-6.9617,55.2379],[-7.2187,55.092]]]}},{"type":"Feature","properties":{"ISO_A2":"IQ","NAME":"Iraq","CONTINENT":"Asia","REGION":"Asia"},"geometry":{"type":"Polygon","coordinates":[[[42.359,37.1086],[42.4559,37.1287],[42.7746,37.3719],[42.9366,37.3248],[43.0925,37.3674],[43.5158,37.2445],[43.6758,37.2272],[43.8364,37.2235],[44.0132,37.3135],[44.1145,37.3019],[44.1918,37.2499],[44.2017,37.0518],[44.2457,36.9833],[44.2818,36.978],[44.606,37.176],[44.731,37.1653],[44.7984,37.0639],[44.8809,36.7993],[45.0192,36.6984],[45.0531,36.4716],[45.1124,36.4093],[45.2065,36.3972],[45.2411,36.356],[45.3616,36.0153],[45.5616,35.9772],[45.7764,35.8218],[46.1675,35.8206],[46.2734,35.7732],[46.2625,35.7441],[46.0374,35.6731],[45.995,35.6081],[45.9754,35.4768],[46.1121,35.3217],[46.1547,35.1967],[46.1338,35.1276],[45.9209,35.0285],[45.6781,34.7984],[45.6375,34.5738],[45.5008,34.5816],[45.4376,34.4151],[45.5428,34.2155],[45.5286,34.1525],[45.3971,33.9709],[45.4732,33.9255],[45.7383,33.6028],[45.8794,33.6098],[45.8732,33.492],[45.9811,33.4701],[46.0199,33.4157],[46.1459,33.2296],[46.0808,33.0865],[46.1128,32.9577],[46.3771,32.9292],[46.5699,32.8339],[47.1214,32.4666],[47.2852,32.474],[47.3713,32.4237],[47.5119,32.1508],[47.83,31.7944],[47.6795,31.4006],[47.6795,31.0024],[48.0106,30.9898],[48.0149,30.4656],[48.1476,30.4168],[48.2262,30.3213],[48.3311,30.2854],[48.4014,30.1883],[48.4346,30.0376],[48.5465,29.9624],[48.4542,29.9385],[48.3546,29.9567],[48.1417,30.0409],[47.9825,30.0113],[47.9787,29.9828],[47.6728,30.0956],[47.3313,30.0797],[47.2232,30.0415],[47.1144,29.9613],[46.9059,29.5375],[46.7693,29.3475],[46.5314,29.0962],[46.3564,29.0637],[44.7165,29.1936],[42.8577,30.4952],[42.0744,31.0804],[40.3693,31.939],[39.1454,32.1245],[39.2928,32.2438],[39.2475,32.351],[39.0414,32.3057],[38.9816,32.4726],[39.0578,32.4932],[38.7735,33.3722],[40.6895,34.332],[40.9351,34.3866],[40.987,34.4291],[41.1947,34.769],[41.2164,35.2882],[41.2483,35.4275],[41.3541,35.6404],[41.3526,35.81],[41.2456,36.0734],[41.296,36.3834],[41.4168,36.5146],[41.7886,36.5972],[42.3501,37.0606],[42.359,37.1086]]]}},{"type":"Feature","properties":{"ISO_A2":"IR","NAME":"Iran","CONTINENT":"Asia","REGION":"Asia"},"geometry":{"type":"Polygon","coordinates":[[[53.9142,37.3436],[54.1916,37.3325],[54.6994,37.4702],[54.7452,37.5019],[54.9001,37.7779],[55.0756,37.9025],[55.3809,38.0511],[55.5784,38.0998],[56.2721,38.0804],[56.3241,38.1911],[56.4406,38.2494],[57.1936,38.2164],[57.3081,38.1304],[57.3537,37.9733],[57.9806,37.8305],[58.1088,37.7831],[58.2616,37.6658],[58.3867,37.6354],[58.5505,37.6882],[58.6502,37.6516],[58.8154,37.6835],[59.3018,37.5106],[59.3674,37.3337],[59.455,37.2528],[59.5622,37.1789],[59.9486,37.0416],[60.0628,36.9629],[60.3413,36.6376],[61.1196,36.6426],[61.1699,36.5723],[61.1604,36.4327],[61.2124,36.0991],[61.1529,35.9768],[61.2521,35.8676],[61.2389,35.6593],[61.2785,35.5138],[61.1893,35.312],[61.1,35.2723],[61.1496,35.0938],[61.0702,34.9217],[61.0801,34.8556],[60.9578,34.7101],[60.9512,34.6539],[60.7263,34.5183],[60.8895,34.3194],[60.6427,34.3072],[60.4857,34.0948],[60.5271,33.842],[60.4859,33.7119],[60.5108,33.6389],[60.5738,33.5883],[60.9069,33.539],[60.917,33.5052],[60.5605,33.1378],[60.5766,32.9949],[60.8293,32.2494],[60.7875,31.8772],[60.8207,31.4952],[61.6602,31.3824],[61.7551,31.2853],[61.8143,31.0726],[61.8108,30.9133],[61.7842,30.8319],[60.8434,29.8587],[61.3184,29.3726],[61.3379,29.265],[61.623,28.7916],[61.8898,28.5465],[62.353,28.4147],[62.5646,28.2352],[62.7494,28.2529],[62.7397,28.0021],[62.812,27.497],[62.7527,27.2656],[62.9154,27.2184],[63.1668,27.2525],[63.2563,27.2079],[63.3052,27.1246],[63.2421,27.0777],[63.2504,26.8792],[63.1861,26.8376],[63.1681,26.6656],[63.093,26.6323],[62.7516,26.6392],[62.4393,26.561],[62.3123,26.4909],[62.2496,26.3692],[62.126,26.369],[62.0891,26.3183],[61.8424,26.2259],[61.7544,25.8434],[61.6687,25.769],[61.5879,25.2023],[61.5331,25.1955],[61.4122,25.1021],[60.6639,25.2822],[60.5875,25.4135],[60.5105,25.4371],[60.4002,25.3116],[60.0247,25.3841],[59.8971,25.3618],[59.8184,25.4009],[59.616,25.4033],[59.4561,25.4815],[59.0461,25.4173],[58.7979,25.5546],[58.5309,25.5924],[58.2029,25.5916],[57.9366,25.6917],[57.7961,25.653],[57.7325,25.7249],[57.3346,25.7916],[57.2056,26.0372],[57.2014,26.1588],[57.1043,26.3714],[57.072,26.6801],[56.9822,26.9055],[56.8129,27.09],[56.3562,27.2002],[56.1181,27.1431],[55.9411,27.0376],[55.6503,26.9775],[55.424,26.7706],[55.2941,26.7859],[54.7593,26.5051],[54.6449,26.5089],[54.5221,26.5892],[54.2471,26.6966],[54.0693,26.7324],[53.8226,26.7077],[53.7058,26.7256],[53.5071,26.8518],[53.455,26.9433],[52.9825,27.1419],[52.6916,27.3234],[52.6026,27.4934],[52.4759,27.6165],[52.1919,27.7173],[52.0308,27.8244],[51.5891,27.8642],[51.2789,28.1313],[51.2761,28.2188],[51.0938,28.5121],[51.062,28.7261],[51.0212,28.7821],[50.867,28.8702],[50.843,28.9278],[50.8758,29.0627],[50.6752,29.1466],[50.6461,29.2122],[50.6496,29.4201],[50.1689,29.9212],[50.0716,30.1985],[49.9831,30.2094],[49.5549,30.029],[49.43,30.1305],[49.0543,30.3069],[49.002,30.3739],[49.0962,30.4068],[49.1903,30.3754],[49.2473,30.4125],[49.2245,30.4723],[49.1304,30.5094],[49.002,30.5065],[49.0371,30.4505],[48.9168,30.3973],[48.8912,30.3276],[48.9191,30.1209],[48.8701,30.0624],[48.8324,30.0355],[48.6709,30.0283],[48.5465,29.9624],[48.4346,30.0376],[48.4014,30.1883],[48.3311,30.2854],[48.2262,30.3213],[48.1476,30.4168],[48.0149,30.4656],[48.0106,30.9898],[47.6795,31.0024],[47.6795,31.4006],[47.83,31.7944],[47.5119,32.1508],[47.3713,32.4237],[47.2852,32.474],[47.1214,32.4666],[46.5699,32.8339],[46.3771,32.9292],[46.1128,32.9577],[46.0808,33.0865],[46.1459,33.2296],[46.0199,33.4157],[45.9811,33.4701],[45.8732,33.492],[45.8794,33.6098],[45.7383,33.6028],[45.4732,33.9255],[45.3971,33.9709],[45.5286,34.1525],[45.5428,34.2155],[45.4376,34.4151],[45.5008,34.5816],[45.6375,34.5738],[45.6781,34.7984],[45.9209,35.0285],[46.1338,35.1276],[46.1547,35.1967],[46.1121,35.3217],[45.9754,35.4768],[45.995,35.6081],[46.0374,35.6731],[46.2625,35.7441],[46.2734,35.7732],[46.1675,35.8206],[45.7764,35.8218],[45.5616,35.9772],[45.3616,36.0153],[45.2411,36.356],[45.2065,36.3972],[45.1124,36.4093],[45.0531,36.4716],[45.0192,36.6984],[44.8809,36.7993],[44.7654,37.135],[44.7583,37.2171],[44.7941,37.2904],[44.574,37.4354],[44.5453,37.6582],[44.5899,37.7104],[44.3362,37.8718],[44.2229,37.8802],[44.2113,37.9081],[44.3809,38.2546],[44.4496,38.3178],[44.4309,38.3568],[44.2985,38.3863],[44.2979,38.5578],[44.257,38.7006],[44.2717,38.836],[44.1708,38.9344],[44.1445,38.9944],[44.178,39.1448],[44.0791,39.2183],[44.0232,39.3774],[44.3894,39.4221],[44.456,39.6667],[44.5871,39.7686],[44.8172,39.6504],[45.1412,39.2543],[45.3355,39.1392],[45.4797,39.0063],[46.1701,38.869],[46.3178,38.9126],[46.5548,38.9044],[46.8525,39.1484],[46.9889,39.1802],[47.3385,39.4239],[47.7729,39.6486],[47.9959,39.6839],[48.3222,39.3991],[48.136,39.3124],[48.1044,39.2411],[48.1255,39.1716],[48.2741,39.0991],[48.2921,39.0188],[48.242,38.979],[48.0501,38.935],[47.9965,38.8538],[48.2047,38.7241],[48.3056,38.6135],[48.4174,38.5862],[48.5927,38.4111],[48.8688,38.4355],[48.9251,38.0151],[49.081,37.6676],[49.3725,37.52],[50.1305,37.4071],[50.2141,37.3396],[50.3379,37.1492],[50.5332,37.0137],[51.1186,36.7426],[51.762,36.6145],[52.1901,36.6217],[53.7677,36.9303],[53.9154,36.9303],[53.6795,36.8531],[53.7688,36.8185],[53.9701,36.8183],[54.0162,36.8497],[54.0238,36.9013],[53.9142,37.3436]]]}},{"type":"Feature","properties":{"ISO_A2":"ID","NAME":"Indonesia","CONTINENT":"Asia","REGION":"Asia"},"geometry":{"type":"MultiPolygon","coordinates":[[[[96.4926,5.2293],[96.6152,5.2202],[96.8427,5.2745],[97.1904,5.2073],[97.4512,5.236],[97.5472,5.2059],[97.9084,4.88],[97.9998,4.6623],[98.2484,4.4146],[98.2733,4.3223],[98.2412,4.1945],[98.3073,4.0929],[98.6587,3.9281],[98.7779,3.7594],[99.1512,3.5813],[99.7323,3.1831],[99.9066,2.9882],[100.1272,2.6476],[100.5238,2.1892],[100.6853,2.1201],[100.8879,1.9482],[100.8767,2.0506],[100.8169,2.1402],[100.8282,2.2426],[100.9359,2.2947],[101.0462,2.2575],[101.3008,2.0118],[101.4051,1.7574],[101.4767,1.6931],[101.7848,1.6214],[102.0199,1.4421],[102.1572,1.2589],[102.2391,0.9903],[102.3899,0.842],[102.5664,0.7488],[102.8494,0.7155],[103.0318,0.5789],[103.0665,0.492],[103.0075,0.4153],[102.55,0.2165],[102.8959,0.2786],[103.339,0.5137],[103.4789,0.4802],[103.6727,0.2889],[103.7867,0.047],[103.4285,-0.1918],[103.4116,-0.2404],[103.4444,-0.2717],[103.4052,-0.3622],[103.4954,-0.4181],[103.5092,-0.4655],[103.4312,-0.5336],[103.4386,-0.5756],[103.5327,-0.7547],[103.7211,-0.8867],[104.1985,-1.0543],[104.3605,-1.0384],[104.5186,-1.6987],[104.5159,-1.8194],[104.5688,-1.9218],[104.8452,-2.093],[104.8261,-2.2342],[104.6473,-2.4299],[104.6508,-2.5952],[104.6983,-2.5981],[104.8784,-2.4188],[104.9708,-2.3709],[105.2865,-2.3562],[105.397,-2.3802],[105.582,-2.492],[106.0443,-3.1062],[106.0584,-3.2172],[105.9015,-3.4101],[105.8438,-3.6137],[105.8516,-3.7306],[105.9305,-3.833],[105.8314,-4.1629],[105.8865,-4.5539],[105.8872,-5.0096],[105.8161,-5.6766],[105.7483,-5.8183],[105.6186,-5.7996],[105.5227,-5.6728],[105.3494,-5.5495],[105.0813,-5.7455],[104.6396,-5.5204],[104.6182,-5.6415],[104.684,-5.8927],[104.6016,-5.9046],[104.0668,-5.3859],[103.8314,-5.0796],[102.9189,-4.4707],[102.5377,-4.1521],[102.372,-3.9692],[102.1275,-3.5992],[101.5786,-3.167],[101.3662,-2.8085],[101.1186,-2.5878],[100.8896,-2.2485],[100.848,-2.1439],[100.8553,-1.9342],[100.4865,-1.2991],[100.3082,-0.8267],[99.8601,-0.3138],[99.6698,0.0451],[99.3346,0.2086],[99.1592,0.3518],[98.7964,1.4946],[98.5953,1.8646],[98.0865,2.1951],[97.795,2.2829],[97.7008,2.3585],[97.5908,2.8466],[97.3913,2.9753],[96.9689,3.5751],[96.801,3.7085],[96.5254,3.7666],[96.4447,3.8163],[96.2301,4.0728],[95.988,4.2633],[95.5786,4.662],[95.4319,4.865],[95.2066,5.284],[95.2471,5.4108],[95.2278,5.5648],[95.3961,5.6288],[95.6289,5.6091],[95.8413,5.5145],[96.1333,5.2943],[96.4926,5.2293]]],[[[124.8889,0.9953],[124.6981,0.8256],[124.4275,0.4706],[124.2168,0.3804],[123.7538,0.3055],[123.2654,0.3266],[123.0825,0.4858],[122.9969,0.4935],[122.2808,0.4811],[121.842,0.4366],[121.5157,0.4984],[121.013,0.4417],[120.579,0.5283],[120.46,0.5103],[120.349,0.4492],[120.1923,0.2685],[120.0783,0.0397],[120.0133,-0.1962],[120.0629,-0.5556],[120.2406,-0.8683],[120.5176,-1.0395],[120.6674,-1.3701],[121.0337,-1.4065],[121.1485,-1.3395],[121.2769,-1.1182],[121.4313,-0.9386],[121.5756,-0.8285],[121.7377,-0.9257],[121.9696,-0.9333],[122.28,-0.757],[122.8888,-0.7552],[122.8295,-0.6589],[123.1715,-0.5707],[123.3797,-0.6485],[123.4342,-0.7782],[123.3779,-1.0041],[123.2996,-1.0261],[123.2258,-1.0018],[123.1527,-0.907],[123.0494,-0.8724],[122.9028,-0.901],[122.8074,-0.966],[122.5066,-1.3479],[122.2507,-1.5553],[121.8586,-1.6933],[121.7188,-1.8628],[121.651,-1.8954],[121.5727,-1.9058],[121.3947,-1.8338],[121.3555,-1.8782],[121.3488,-1.946],[121.502,-2.045],[121.575,-2.1509],[121.7697,-2.2409],[122.0826,-2.7495],[122.2917,-2.9076],[122.3065,-3.0516],[122.399,-3.2009],[122.3173,-3.2751],[122.2529,-3.6204],[122.4346,-3.7398],[122.5786,-3.8823],[122.6067,-3.9847],[122.6896,-4.0845],[122.7504,-4.1],[122.7982,-4.0542],[122.8479,-4.0646],[122.8998,-4.2294],[122.8723,-4.392],[122.7197,-4.3407],[122.7217,-4.4107],[122.4714,-4.4221],[122.1143,-4.5402],[122.0542,-4.6201],[122.0732,-4.7917],[122.0381,-4.8324],[121.917,-4.8479],[121.5887,-4.7596],[121.5144,-4.6812],[121.4865,-4.5811],[121.5412,-4.2829],[121.6181,-4.0927],[121.5374,-4.0148],[121.3127,-3.9194],[120.8918,-3.5206],[120.9069,-3.404],[121.0543,-3.1671],[121.0521,-2.7517],[120.9901,-2.6703],[120.8794,-2.6456],[120.6536,-2.6676],[120.261,-2.9493],[120.2541,-3.0528],[120.3924,-3.3481],[120.4366,-3.7073],[120.383,-3.8523],[120.3625,-4.0857],[120.4201,-4.6174],[120.2793,-5.1461],[120.3909,-5.3926],[120.4304,-5.591],[120.3116,-5.5416],[119.9516,-5.5776],[119.7173,-5.6934],[119.5574,-5.611],[119.3762,-5.4248],[119.3604,-5.3142],[119.5195,-4.8773],[119.5155,-4.7419],[119.594,-4.5231],[119.6236,-4.0344],[119.4801,-3.7298],[119.4945,-3.5541],[119.4675,-3.513],[119.3621,-3.459],[118.9946,-3.5376],[118.8677,-3.398],[118.8125,-3.1566],[118.8581,-2.9285],[118.7833,-2.7208],[119.0922,-2.4829],[119.1723,-2.14],[119.3219,-1.9297],[119.3482,-1.8253],[119.3083,-1.6597],[119.309,-1.4082],[119.5082,-0.9067],[119.7113,-0.6808],[119.8443,-0.8619],[119.7219,-0.0885],[119.7358,-0.051],[119.8383,-0.0221],[119.8656,0.0401],[119.8093,0.2387],[119.9133,0.4451],[120.0352,0.5666],[120.0564,0.6925],[120.2298,0.8612],[120.2695,0.9708],[120.3225,0.9832],[120.416,0.8487],[120.5166,0.8175],[120.6025,0.8544],[120.7549,1.0356],[120.868,1.2528],[120.9654,1.3118],[121.0817,1.3276],[121.2084,1.2625],[121.4041,1.2436],[121.5133,1.1047],[121.5918,1.068],[121.8674,1.0885],[122.1082,1.0312],[122.4366,1.0181],[122.8383,0.8457],[122.8925,0.85],[122.9601,0.923],[123.0665,0.9418],[123.8467,0.8382],[123.9308,0.8504],[124.2736,1.0223],[124.4108,1.1851],[124.5337,1.2305],[124.6002,1.3924],[124.7877,1.4676],[124.9471,1.6722],[124.9893,1.701],[125.1109,1.6857],[125.1648,1.6437],[125.2338,1.5023],[125.1175,1.3789],[125.028,1.1802],[124.8889,0.9953]]],[[[107.3739,-6.0076],[107.4747,-6.1218],[107.6668,-6.2158],[108.1376,-6.2967],[108.2545,-6.2666],[108.3302,-6.286],[108.5159,-6.4712],[108.6036,-6.7292],[108.6778,-6.7905],[109.2942,-6.867],[109.4037,-6.8602],[109.5006,-6.8102],[109.821,-6.9024],[110.1984,-6.8951],[110.4263,-6.9473],[110.5209,-6.8973],[110.5836,-6.8057],[110.7008,-6.5181],[110.8348,-6.4242],[110.9723,-6.4356],[111.1815,-6.6867],[111.3421,-6.6995],[111.5403,-6.6482],[111.7376,-6.7734],[111.9898,-6.806],[112.0873,-6.8934],[112.5393,-6.9265],[112.6487,-7.2213],[112.7943,-7.3045],[112.7945,-7.5524],[113.0136,-7.6577],[113.2484,-7.7182],[113.4977,-7.7238],[114.0707,-7.633],[114.4093,-7.7925],[114.4433,-8.0046],[114.385,-8.2633],[114.3869,-8.4052],[114.4817,-8.6038],[114.595,-8.6848],[114.5838,-8.7696],[114.3832,-8.7054],[114.277,-8.6146],[114.1597,-8.6265],[113.9403,-8.5684],[113.2533,-8.2867],[113.0189,-8.3127],[112.6788,-8.4092],[112.1151,-8.3239],[111.51,-8.3051],[110.6072,-8.1494],[110.0387,-7.8905],[109.2816,-7.7049],[108.7412,-7.6671],[108.5705,-7.7072],[108.4518,-7.797],[107.9175,-7.7241],[107.5469,-7.5419],[107.285,-7.4717],[106.6314,-7.4155],[106.4553,-7.3687],[106.4113,-7.3117],[106.4169,-7.2394],[106.5197,-7.0537],[106.1982,-6.9278],[105.8348,-6.8458],[105.2555,-6.8353],[105.2432,-6.778],[105.2734,-6.7294],[105.3709,-6.6644],[105.387,-6.7508],[105.4837,-6.7815],[105.5809,-6.671],[105.6551,-6.4695],[105.7061,-6.4979],[105.7869,-6.4569],[105.8683,-6.1164],[105.9361,-6.017],[106.075,-5.9142],[106.1658,-5.9647],[106.6759,-6.0384],[106.8252,-6.0982],[106.9316,-6.0734],[107.0116,-6.0085],[107.0463,-5.9042],[107.3739,-6.0076]]],[[[109.6289,2.0275],[109.539,1.8962],[109.5708,1.8063],[109.6358,1.7767],[109.654,1.6149],[110.0408,1.2357],[110.5058,0.862],[111.1014,1.0505],[111.4832,0.9958],[111.6074,1.0226],[111.809,1.0117],[111.9231,1.1133],[112.0785,1.1434],[112.1857,1.4391],[112.4762,1.5591],[112.943,1.567],[112.9883,1.5476],[113.0065,1.4339],[113.5132,1.3084],[113.6223,1.2359],[113.9023,1.4343],[114.3871,1.5],[114.5125,1.452],[114.6322,1.617],[114.7035,1.8508],[114.8,1.8939],[114.8306,1.98],[114.7587,2.1624],[114.7864,2.2505],[114.9691,2.3508],[115.1791,2.5232],[115.1809,2.5669],[115.0808,2.6342],[115.0863,2.8411],[115.1176,2.8949],[115.247,3.0259],[115.3102,2.9939],[115.4544,3.0343],[115.4932,3.1281],[115.5143,3.3424],[115.5661,3.4458],[115.5445,3.6337],[115.5685,3.9388],[115.6788,4.193],[115.7824,4.2538],[115.8607,4.348],[116.0216,4.2907],[116.1345,4.3552],[116.2362,4.3625],[116.4146,4.3082],[116.5147,4.3708],[116.5891,4.3384],[117.1006,4.3371],[117.2775,4.2993],[117.4509,4.1929],[117.5744,4.1706],[117.4975,4.1334],[117.4653,4.0761],[117.5594,3.9883],[117.566,3.9299],[117.7282,3.7967],[117.7772,3.6893],[117.7145,3.6448],[117.6299,3.6363],[117.5097,3.7304],[117.4504,3.6285],[117.056,3.6227],[117.1664,3.592],[117.3463,3.4266],[117.3847,3.3654],[117.3219,3.2436],[117.3524,3.1938],[117.6106,3.0644],[117.6379,2.9508],[117.5691,2.9293],[117.6977,2.8873],[117.6389,2.8253],[117.7859,2.7468],[117.8857,2.5417],[118.0666,2.3178],[118.0416,2.2154],[117.8811,2.0606],[117.7893,2.0269],[118.0804,1.7019],[118.639,1.319],[118.8525,1.0959],[118.9635,1.0443],[118.985,0.9821],[118.8924,0.8869],[118.5348,0.8135],[118.1961,0.8744],[117.9116,1.0987],[117.9773,0.9638],[117.9643,0.8896],[117.923,0.8313],[117.7451,0.7296],[117.5222,0.2359],[117.4629,-0.3237],[117.5489,-0.5544],[117.5625,-0.7709],[117.2407,-0.9257],[117.0032,-1.1877],[116.914,-1.2236],[116.7971,-1.1838],[116.7398,-1.0442],[116.7287,-1.1508],[116.771,-1.2666],[116.7534,-1.3273],[116.5545,-1.4739],[116.5176,-1.598],[116.3321,-1.7125],[116.2755,-1.7849],[116.4243,-1.7849],[116.452,-1.9231],[116.4235,-2.0525],[116.314,-2.1398],[116.5281,-2.2079],[116.5654,-2.2997],[116.5293,-2.5105],[116.4504,-2.5383],[116.3525,-2.5216],[116.3168,-2.5519],[116.3072,-2.6033],[116.3755,-2.578],[116.3307,-2.9021],[116.2889,-2.9588],[116.2258,-2.977],[116.1663,-2.9346],[116.1723,-3.0253],[116.2572,-3.1264],[116.1671,-3.183],[116.0575,-3.3482],[115.9562,-3.595],[114.6936,-4.1697],[114.6253,-4.1117],[114.606,-3.7033],[114.5256,-3.3767],[114.446,-3.4818],[114.3443,-3.4444],[114.3017,-3.3647],[114.3443,-3.2352],[114.2363,-3.3611],[114.1779,-3.3544],[114.0822,-3.2789],[113.9588,-3.3943],[113.7958,-3.4562],[113.7051,-3.4553],[113.6336,-3.4199],[113.6101,-3.1957],[113.526,-3.1841],[113.3432,-3.2465],[113.034,-2.9335],[112.9715,-3.1871],[112.758,-3.3222],[112.6003,-3.4005],[112.285,-3.321],[112.1267,-3.3814],[111.9549,-3.5297],[111.8581,-3.5519],[111.8221,-3.5325],[111.823,-3.0572],[111.7602,-2.9392],[111.6947,-2.8895],[111.6255,-2.9755],[111.3676,-2.9337],[110.9301,-3.0711],[110.8297,-2.9951],[110.8993,-2.9086],[110.7031,-3.0209],[110.574,-2.8914],[110.3775,-2.9338],[110.3025,-2.9854],[110.2561,-2.9661],[110.0966,-2.0014],[110.075,-1.9464],[109.9599,-1.8628],[109.9638,-1.7429],[110.0234,-1.6426],[110.0361,-1.5257],[109.9833,-1.2748],[109.7874,-1.0113],[109.6817,-0.9442],[109.4538,-0.8687],[109.3335,-0.8754],[109.2588,-0.8074],[109.271,-0.732],[109.3728,-0.6382],[109.1605,-0.4949],[109.1211,-0.3909],[109.1218,-0.265],[109.1946,-0.0094],[109.2575,0.0312],[109.0748,0.2528],[108.9445,0.3557],[108.9168,0.9126],[108.9586,1.1346],[109.1315,1.2539],[109.0103,1.2396],[109.0759,1.4959],[109.2731,1.7055],[109.3785,1.9227],[109.6289,2.0275]]],[[[140.9734,-2.6098],[140.975,-6.3461],[140.8746,-6.6115],[140.8623,-6.74],[140.9752,-6.9054],[140.976,-9.1056],[140.7865,-8.9737],[140.4897,-8.6204],[140.0029,-8.1955],[139.9926,-8.1394],[140.117,-7.9237],[139.9348,-8.1012],[139.6494,-8.1254],[139.3856,-8.1891],[139.3191,-8.1658],[139.2791,-8.1069],[139.2488,-7.9824],[139.193,-8.0861],[138.9335,-8.2624],[138.8906,-8.2378],[138.8562,-8.1451],[139.088,-7.5872],[139.0489,-7.5283],[138.9379,-7.4725],[138.8855,-7.3732],[138.7479,-7.2515],[138.8648,-7.2014],[139.0625,-7.2271],[139.1769,-7.1904],[139.049,-7.2006],[138.8457,-7.1363],[138.72,-7.0698],[138.6014,-6.9365],[138.6002,-6.9107],[138.8646,-6.8584],[138.7267,-6.7312],[138.6981,-6.6257],[138.4387,-6.3434],[138.2963,-5.949],[138.3139,-5.8875],[138.3746,-5.8437],[138.1996,-5.807],[138.2436,-5.7244],[138.3396,-5.6757],[138.0871,-5.7092],[138.0608,-5.4652],[137.8868,-5.3488],[137.8403,-5.3505],[137.7591,-5.2562],[137.3066,-5.0144],[137.2798,-4.9454],[137.1959,-4.9904],[137.0893,-4.9244],[136.8568,-4.8932],[136.6188,-4.8187],[135.9797,-4.5309],[135.4502,-4.4431],[135.1956,-4.4507],[134.7542,-4.1954],[134.6797,-4.0791],[134.7065,-3.9548],[134.8865,-3.9385],[134.7598,-3.9222],[134.5469,-3.9793],[134.391,-3.91],[134.2662,-3.9458],[134.1471,-3.7968],[133.9738,-3.818],[133.904,-3.7201],[133.723,-3.5779],[133.6783,-3.4795],[133.6972,-3.2481],[133.8415,-3.0548],[133.7674,-3.0443],[133.7004,-3.0875],[133.6607,-3.1855],[133.6531,-3.3644],[133.5994,-3.4161],[133.5182,-3.4119],[133.5423,-3.5164],[133.5092,-3.6155],[133.4151,-3.7321],[133.4009,-3.899],[133.2487,-4.0623],[132.9686,-4.0949],[132.9145,-4.0569],[132.8371,-3.9489],[132.7539,-3.7036],[132.8697,-3.551],[132.8298,-3.413],[132.7514,-3.2946],[132.3482,-2.9751],[132.0539,-2.9146],[131.9712,-2.7886],[132.2307,-2.6804],[132.5755,-2.7271],[132.725,-2.7891],[132.8973,-2.6582],[133.0338,-2.4874],[133.191,-2.4378],[133.6087,-2.5472],[133.7001,-2.6246],[133.7533,-2.4507],[133.9049,-2.3909],[133.8989,-2.3045],[133.791,-2.2937],[133.9024,-2.1836],[133.9216,-2.1021],[133.7104,-2.1892],[133.4878,-2.2256],[133.2249,-2.2145],[132.9628,-2.2726],[132.5026,-2.2185],[132.3076,-2.2423],[132.0234,-1.9903],[131.9361,-1.7149],[131.9304,-1.5597],[131.7314,-1.5412],[131.2938,-1.3935],[131.1178,-1.4553],[130.9959,-1.4247],[131.0462,-1.2841],[131.1908,-1.1658],[131.2541,-1.0069],[131.2572,-0.8555],[131.8043,-0.7038],[132.1284,-0.4541],[132.3938,-0.3555],[132.6251,-0.3589],[132.8564,-0.4174],[133.4727,-0.7262],[133.9745,-0.7443],[134.1115,-0.8468],[134.072,-1.0019],[134.2596,-1.363],[134.217,-1.5291],[134.1059,-1.721],[134.1557,-2.1952],[134.1948,-2.3091],[134.46,-2.8323],[134.4912,-2.7143],[134.4833,-2.583],[134.5669,-2.5104],[134.6274,-2.5367],[134.7021,-2.9336],[134.7698,-2.944],[134.8434,-2.9092],[134.8868,-3.2099],[135.0374,-3.3331],[135.2516,-3.3686],[135.4866,-3.3451],[135.8592,-2.9953],[136.013,-2.7343],[136.2433,-2.5831],[136.3899,-2.2733],[136.8433,-2.1977],[137.0721,-2.1051],[137.1711,-2.0255],[137.1234,-1.8409],[137.8063,-1.4832],[137.9111,-1.4838],[138.1109,-1.6159],[138.6498,-1.7911],[138.8114,-1.9178],[139.1488,-2.0389],[139.7896,-2.3482],[140.1546,-2.35],[140.251,-2.412],[140.6226,-2.4458],[140.7205,-2.5081],[140.7475,-2.6071],[140.9734,-2.6098]]]]}},{"type":"Feature","properties":{"ISO_A2":"IN","NAME":"India","CONTINENT":"Asia","REGION":"Asia"},"geometry":{"type":"Polygon","coordinates":[[[68.165,23.8573],[68.2825,23.928],[68.3151,23.9355],[68.3165,23.9401],[68.3265,23.9382],[68.3219,23.9371],[68.3519,23.9441],[68.347,23.9477],[68.3463,23.9601],[68.357,23.9742],[68.3641,23.9514],[68.3606,23.9464],[68.3813,23.9509],[68.3734,23.949],[68.3711,23.9603],[68.3716,23.9653],[68.3796,23.9708],[68.3939,23.9665],[68.3968,23.9693],[68.4256,23.9702],[68.7242,23.9713],[68.7241,23.9647],[68.7281,24.2656],[68.7396,24.292],[68.759,24.3072],[68.7812,24.3137],[68.8,24.3091],[68.798,24.3096],[68.808,24.3135],[68.8202,24.3123],[68.8262,24.3174],[68.8287,24.3152],[68.8436,24.2775],[68.8442,24.2693],[68.8441,24.2651],[68.8283,24.264],[68.8635,24.2665],[68.9008,24.2924],[68.9846,24.2731],[69.0516,24.2863],[69.1195,24.2687],[69.2351,24.2683],[69.2824,24.2699],[69.3128,24.2814],[69.3558,24.2724],[69.4435,24.2754],[69.5592,24.2731],[69.5295,24.2737],[69.5943,24.2924],[69.7311,24.1714],[69.9263,24.171],[70.0211,24.1916],[70.0651,24.2406],[70.0982,24.2875],[70.1233,24.2965],[70.1081,24.2911],[70.1099,24.295],[70.1393,24.3029],[70.2891,24.3563],[70.4893,24.4122],[70.5468,24.4183],[70.5496,24.4133],[70.558,24.4199],[70.573,24.422],[70.6025,24.4082],[70.599,24.406],[70.5805,24.3632],[70.5621,24.354],[70.582,24.3042],[70.5794,24.2954],[70.5847,24.2904],[70.585,24.278],[70.6595,24.2461],[70.7163,24.238],[70.7673,24.2454],[70.8051,24.262],[70.8862,24.3438],[70.9281,24.3624],[70.9828,24.361],[70.9775,24.3612],[71.044,24.4001],[71.0453,24.43],[71.004,24.4458],[70.9985,24.4444],[70.9977,24.4555],[71.0049,24.4461],[70.9732,24.4874],[70.9793,24.5225],[70.9698,24.5719],[70.9764,24.6188],[71.0023,24.6539],[71.0479,24.6877],[71.0207,24.7577],[70.9509,24.8916],[70.8777,25.063],[70.8005,25.2059],[70.7025,25.3311],[70.6521,25.4229],[70.6572,25.6258],[70.6484,25.6669],[70.6148,25.6919],[70.5695,25.706],[70.5776,25.7035],[70.5302,25.6834],[70.5015,25.6847],[70.4454,25.6815],[70.387,25.6737],[70.3447,25.685],[70.3252,25.6857],[70.2646,25.7065],[70.1002,25.9101],[70.0786,25.99],[70.0777,26.072],[70.1326,26.2148],[70.1492,26.3476],[70.1568,26.4714],[70.1477,26.5064],[70.1146,26.548],[70.0594,26.5788],[69.9114,26.5861],[69.7359,26.6271],[69.6006,26.6991],[69.5069,26.7427],[69.4813,26.771],[69.47,26.8044],[69.4945,26.9542],[69.537,27.1229],[69.568,27.1746],[69.6216,27.2281],[69.6613,27.2645],[69.7248,27.3127],[69.8963,27.4736],[70.0498,27.6947],[70.1445,27.849],[70.1939,27.8949],[70.2443,27.9341],[70.3185,27.9816],[70.3668,28.0062],[70.3722,28.0118],[70.3788,28.0126],[70.3728,28.0093],[70.4037,28.025],[70.4524,28.024],[70.5049,28.0369],[70.5543,28.0263],[70.5895,28.0105],[70.5986,27.9931],[70.6774,27.9218],[70.6785,27.8723],[70.6843,27.8282],[70.7314,27.762],[70.7398,27.7419],[70.7507,27.7336],[70.7588,27.7222],[70.7979,27.7096],[70.8749,27.7145],[71.1848,27.8316],[71.3831,27.8725],[71.5688,27.8766],[71.543,27.8699],[71.7167,27.9151],[71.8703,27.9625],[71.8889,28.0475],[71.948,28.1773],[72.1285,28.3463],[72.1792,28.4218],[72.2339,28.5658],[72.292,28.6973],[72.3419,28.7519],[72.6256,28.8961],[72.9033,29.0288],[72.9487,29.0888],[73.1283,29.3639],[73.2312,29.5506],[73.2578,29.6107],[73.3173,29.773],[73.3816,29.9344],[73.4675,29.9717],[73.3949,29.9401],[73.397,29.9459],[73.4035,29.9485],[73.5971,30.0189],[73.6575,30.0332],[73.8092,30.0934],[73.8865,30.162],[73.9334,30.2221],[73.9246,30.2816],[73.8827,30.3521],[73.8843,30.3596],[73.8798,30.3598],[73.8916,30.394],[73.8993,30.4354],[73.9317,30.4602],[73.928,30.4658],[73.9319,30.4672],[73.9347,30.4902],[73.9478,30.4839],[73.9465,30.4716],[73.9387,30.4657],[74.009,30.5197],[74.0119,30.5336],[74.0176,30.53],[74.0138,30.5255],[74.2156,30.769],[74.3394,30.8936],[74.3813,30.8956],[74.3973,30.9094],[74.4113,30.9093],[74.5098,30.9597],[74.4244,30.916],[74.4111,30.9195],[74.4103,30.9234],[74.4237,30.9216],[74.4281,30.9301],[74.4138,30.9296],[74.4165,30.9403],[74.4381,30.9419],[74.4419,30.9502],[74.4551,30.9513],[74.4515,30.9558],[74.4664,30.9568],[74.457,30.9642],[74.4593,30.9658],[74.4799,30.9742],[74.4814,30.9707],[74.4917,30.9742],[74.498,30.9643],[74.5029,30.9647],[74.5095,30.9685],[74.516,30.9793],[74.5465,30.9925],[74.5402,31.0078],[74.5423,31.0166],[74.548,31.0325],[74.5593,31.0389],[74.5614,31.0479],[74.5677,31.0541],[74.5704,31.0529],[74.5742,31.0567],[74.5904,31.05],[74.5965,31.0388],[74.6304,31.0464],[74.6328,31.0347],[74.6258,31.0688],[74.6104,31.1128],[74.6098,31.0982],[74.6006,31.0931],[74.6008,31.088],[74.5913,31.0886],[74.5891,31.0924],[74.5887,31.0877],[74.5693,31.0818],[74.5606,31.0826],[74.5506,31.0883],[74.5469,31.1222],[74.5104,31.132],[74.5153,31.1511],[74.5117,31.1573],[74.5106,31.181],[74.5172,31.1837],[74.535,31.2614],[74.5326,31.2511],[74.5206,31.2689],[74.5417,31.3054],[74.5354,31.3048],[74.5263,31.3117],[74.5372,31.3178],[74.534,31.3236],[74.5369,31.3297],[74.5488,31.3348],[74.5466,31.3413],[74.5531,31.3564],[74.5502,31.3594],[74.5517,31.3644],[74.5647,31.3707],[74.5939,31.4654],[74.5836,31.5152],[74.5857,31.505],[74.5811,31.5068],[74.5834,31.5066],[74.5818,31.5239],[74.5195,31.6878],[74.5028,31.6952],[74.4993,31.7094],[74.4872,31.7167],[74.4906,31.7228],[74.503,31.7284],[74.5051,31.7398],[74.519,31.7425],[74.526,31.7651],[74.5556,31.8186],[74.5706,31.8319],[74.5715,31.8381],[74.5825,31.8508],[74.5898,31.8489],[74.5721,31.8332],[74.5909,31.8499],[74.5978,31.868],[74.6072,31.8698],[74.6096,31.8776],[74.6074,31.8901],[74.6137,31.8901],[74.6275,31.8827],[74.647,31.8962],[74.6509,31.9023],[74.6575,31.9021],[74.6583,31.91],[74.6677,31.9165],[74.6676,31.9208],[74.6742,31.9186],[74.6771,31.9262],[74.6994,31.9262],[74.7232,31.9395],[74.7146,31.9347],[74.7223,31.9429],[74.7281,31.9424],[74.8715,32.0047],[74.8304,31.9873],[74.8287,31.9982],[74.839,32.0085],[74.8468,32.0084],[74.8531,32.0134],[74.8483,32.0205],[74.8656,32.0232],[74.8626,32.0295],[74.8655,32.0304],[74.8693,32.0277],[74.8688,32.022],[74.88,32.0319],[74.8723,32.0415],[74.8688,32.0414],[74.8794,32.0538],[74.8923,32.0548],[74.9048,32.0503],[74.9127,32.0539],[74.9256,32.0665],[74.9495,32.0623],[74.9483,32.0593],[74.974,32.0535],[74.9762,32.0503],[75.0715,32.0894],[75.1388,32.1048],[75.2541,32.1403],[75.3247,32.2153],[75.3335,32.2792],[75.3026,32.3189],[75.2337,32.3721],[75.002,32.4569],[74.9835,32.4516],[74.9689,32.4589],[74.9602,32.4552],[74.9518,32.4465],[74.943,32.4528],[74.9425,32.4605],[74.7889,32.4578],[74.6857,32.4938],[74.6578,32.5189],[74.6448,32.5988],[74.639,32.6035],[74.6402,32.6153],[74.6433,32.6147],[74.6434,32.6077],[74.6593,32.7277],[74.6545,32.7291],[74.6587,32.7331],[74.6633,32.7577],[74.6324,32.7709],[74.6305,32.7674],[74.6391,32.7568],[74.6378,32.7522],[74.6333,32.7515],[74.6175,32.7614],[74.58,32.7498],[74.5748,32.7514],[74.5755,32.7537],[74.4834,32.771],[74.3767,32.7691],[74.4002,32.7695],[74.3888,32.7673],[74.3546,32.7687],[74.3055,32.8104],[74.3105,32.8209],[74.1918,32.8766],[74.1729,32.8826],[74.165,32.8894],[74.1232,32.9056],[74.0832,32.928],[74.0748,32.9311],[74.053,32.9307],[74.0019,32.954],[73.984,32.9668],[73.945,33.02],[73.9258,33.0341],[73.9043,33.0392],[73.8778,33.0347],[73.8297,33.012],[73.8162,33.0103],[73.7952,33.0149],[73.776,33.0211],[73.7461,33.0561],[73.7297,33.064],[73.6534,33.0804],[73.6341,33.0934],[73.6241,33.1141],[73.6251,33.1319],[73.6703,33.1522],[73.6703,33.211],[73.6618,33.2212],[73.6471,33.2229],[73.6449,33.2342],[73.6274,33.2415],[73.6228,33.2647],[73.6144,33.2788],[73.6183,33.289],[73.6037,33.3191],[73.6083,33.3349],[73.5991,33.341],[73.5888,33.3418],[73.5793,33.358],[73.576,33.3774],[73.5827,33.4026],[73.5923,33.4134],[73.6019,33.4349],[73.6157,33.4481],[73.63,33.4562],[73.6257,33.4716],[73.6115,33.4919],[73.6121,33.5083],[73.6206,33.5202],[73.6336,33.5264],[73.633,33.54],[73.6257,33.5451],[73.6285,33.5677],[73.6019,33.6061],[73.5724,33.63],[73.577,33.6666],[73.5957,33.6807],[73.6008,33.6988],[73.5985,33.7395],[73.5721,33.7835],[73.5669,33.7977],[73.5923,33.8627],[73.5946,33.8916],[73.5874,33.908],[73.5691,33.9204],[73.5437,33.9543],[73.5364,33.9735],[73.5347,33.9882],[73.5194,34.0001],[73.5245,34.0125],[73.511,34.0187],[73.5014,34.018],[73.511,34.0187],[73.5149,34.0369],[73.5109,34.0595],[73.503,34.0691],[73.5015,34.1031],[73.4951,34.1352],[73.4951,34.1872],[73.499,34.2076],[73.4906,34.229],[73.4736,34.2562],[73.4883,34.2793],[73.4804,34.2912],[73.4793,34.2839],[73.4696,34.2799],[73.4627,34.2874],[73.4516,34.3003],[73.4493,34.3212],[73.4403,34.3263],[73.4029,34.3664],[73.3984,34.3783],[73.4126,34.3856],[73.4278,34.4167],[73.4329,34.4354],[73.429,34.4693],[73.4425,34.4947],[73.4442,34.5054],[73.4357,34.5269],[73.4482,34.536],[73.4487,34.5591],[73.4533,34.5693],[73.4657,34.575],[73.4742,34.575],[73.4798,34.571],[73.4957,34.5772],[73.5233,34.5699],[73.5375,34.5716],[73.5488,34.5784],[73.5567,34.588],[73.564,34.5897],[73.5742,34.584],[73.6059,34.5851],[73.6177,34.5823],[73.6279,34.5772],[73.6364,34.5648],[73.6443,34.5614],[73.6553,34.5624],[73.6635,34.5716],[73.6658,34.5801],[73.659,34.5993],[73.6997,34.6479],[73.6861,34.6558],[73.6635,34.6626],[73.6647,34.6699],[73.6731,34.6824],[73.6867,34.692],[73.6856,34.7055],[73.7037,34.7191],[73.7155,34.7361],[73.7155,34.7445],[73.7234,34.7468],[73.728,34.7542],[73.728,34.7643],[73.7777,34.7949],[73.7952,34.7903],[73.8015,34.7943],[73.8308,34.7915],[73.8376,34.8022],[73.8382,34.8141],[73.8529,34.8146],[73.8653,34.809],[73.871,34.8141],[73.8874,34.8146],[73.8981,34.8197],[73.9275,34.8113],[73.9343,34.8175],[73.9343,34.8316],[73.9456,34.835],[73.9682,34.8356],[73.9778,34.8661],[73.9948,34.865],[74.0078,34.8746],[74.0219,34.874],[74.0451,34.8904],[74.04,34.8994],[74.0389,34.9141],[74.0716,34.9379],[74.0609,34.9887],[74.0694,34.9967],[74.0971,35.0006],[74.1112,35.0176],[74.1078,35.026],[74.083,35.0374],[74.0767,35.0475],[74.0875,35.0826],[74.0948,35.0911],[74.1286,35.1052],[74.1319,35.1193],[74.1169,35.1232],[74.1129,35.1335],[74.1165,35.1454],[74.1123,35.1532],[74.0969,35.146],[74.0803,35.1561],[74.0357,35.1496],[74.0185,35.1674],[74.0078,35.171],[74.003,35.1846],[73.9579,35.165],[73.9454,35.1882],[73.9258,35.2102],[73.9008,35.212],[73.8711,35.2048],[73.8474,35.2262],[73.8325,35.2274],[73.8093,35.2429],[73.8,35.2357],[73.7851,35.2339],[73.7655,35.2209],[73.7499,35.2209],[73.7499,35.231],[73.7303,35.2737],[73.7119,35.2797],[73.7089,35.2898],[73.7101,35.3029],[73.6994,35.3142],[73.6929,35.3326],[73.6929,35.3492],[73.7006,35.3528],[73.6983,35.3706],[73.7273,35.4193],[73.7529,35.4324],[73.7571,35.4437],[73.7945,35.449],[73.7856,35.4633],[73.7832,35.4966],[73.7856,35.5245],[73.7511,35.5239],[73.7351,35.5316],[73.6663,35.5309],[73.6169,35.5411],[73.4999,35.5429],[73.4819,35.5411],[73.4179,35.5251],[73.4053,35.5293],[73.4011,35.5364],[73.4005,35.5679],[73.3952,35.5869],[73.3643,35.6005],[73.356,35.6095],[73.353,35.6219],[73.3381,35.6433],[73.331,35.6629],[73.312,35.6606],[73.2966,35.6623],[73.2906,35.6707],[73.2752,35.6695],[73.2401,35.6576],[73.236,35.6677],[73.2187,35.6689],[73.192,35.6772],[73.1831,35.6897],[73.1486,35.7129],[73.135,35.7152],[73.126,35.7212],[73.11,35.7491],[73.1118,35.7592],[73.1201,35.7651],[73.1581,35.7616],[73.1878,35.7853],[73.2003,35.7871],[73.1973,35.8079],[73.2015,35.8173],[73.2003,35.8269],[73.1783,35.8602],[73.1694,35.8578],[73.1498,35.8436],[73.1291,35.8459],[73.1035,35.8638],[73.0922,35.8756],[73.0732,35.8608],[73.0559,35.862],[73.0478,35.8501],[73.0345,35.8489],[73.0263,35.8423],[73.0161,35.8459],[73.0108,35.8554],[72.9989,35.8626],[72.9817,35.8614],[72.9757,35.8549],[72.9604,35.8489],[72.9474,35.8489],[72.9246,35.8418],[72.9038,35.8418],[72.8919,35.8495],[72.8908,35.8554],[72.8961,35.8655],[72.8908,35.8774],[72.8367,35.8733],[72.8203,35.8872],[72.8123,35.8745],[72.8095,35.8625],[72.7975,35.8661],[72.789,35.8502],[72.7875,35.8534],[72.7839,35.8476],[72.6834,35.8204],[72.6704,35.8222],[72.6114,35.8436],[72.5796,35.8465],[72.5685,35.8518],[72.552,35.8803],[72.5282,35.8977],[72.51,35.9024],[72.5182,35.9244],[72.5497,35.9725],[72.558,35.9969],[72.5681,36.0123],[72.5658,36.0289],[72.5545,36.0426],[72.5433,36.0476],[72.5314,36.0591],[72.5212,36.0788],[72.5236,36.1115],[72.5402,36.1365],[72.5426,36.149],[72.5402,36.1917],[72.5491,36.2326],[72.5723,36.2559],[72.5921,36.2686],[72.6222,36.269],[72.6525,36.2636],[72.6697,36.2666],[72.6864,36.2755],[72.7072,36.3011],[72.7218,36.3135],[72.7592,36.3271],[72.8181,36.3646],[72.8483,36.3764],[72.8572,36.3883],[72.8632,36.4334],[72.8715,36.4524],[72.8881,36.4631],[72.924,36.474],[72.9591,36.4728],[72.9674,36.4769],[72.9662,36.4954],[72.9703,36.5089],[72.9793,36.5096],[73.01,36.5244],[73.0411,36.5476],[73.0488,36.5625],[73.0547,36.5869],[73.075,36.6094],[73.0714,36.6243],[73.0577,36.6463],[73.0494,36.673],[73.0494,36.6849],[73.0618,36.6972],[73.0815,36.6986],[73.1247,36.711],[73.152,36.7299],[73.1795,36.7265],[73.214,36.7176],[73.2395,36.717],[73.2681,36.7211],[73.293,36.7289],[73.3548,36.7532],[73.3744,36.758],[73.4089,36.7586],[73.4493,36.7413],[73.476,36.7336],[73.5069,36.73],[73.5687,36.736],[73.5788,36.7188],[73.6037,36.7098],[73.6566,36.7069],[73.6731,36.7098],[73.6874,36.7228],[73.7154,36.7247],[73.7345,36.7188],[73.7755,36.7283],[73.8343,36.7098],[73.8608,36.7245],[73.867,36.739],[73.8681,36.755],[73.8616,36.7639],[73.8569,36.78],[73.839,36.8013],[73.8266,36.8085],[73.8046,36.8085],[73.7933,36.812],[73.785,36.8346],[73.7481,36.8423],[73.7208,36.8423],[73.697,36.8548],[73.684,36.8655],[73.6712,36.8866],[73.7691,36.8885],[73.9078,36.8529],[74.0019,36.8231],[74.0389,36.8257],[74.0966,36.8521],[74.1154,36.8521],[74.1297,36.8574],[74.132,36.8683],[74.1947,36.8969],[74.2302,36.9099],[74.2426,36.9055],[74.2773,36.9153],[74.3209,36.9432],[74.5021,37.0085],[74.5219,37.006],[74.5316,36.9989],[74.537,36.9766],[74.5477,36.9677],[74.5628,36.9713],[74.5761,37.0042],[74.5734,37.0389],[74.6232,37.0593],[74.6312,37.0754],[74.6722,37.086],[74.689,37.0958],[74.7042,37.0976],[74.7166,37.0748],[74.7205,37.0518],[74.7348,37.0375],[74.7808,37.0343],[74.7914,37.0375],[74.7935,37.0571],[74.8121,37.0651],[74.8407,37.0656],[74.8465,37.0534],[74.8428,37.0237],[74.8703,36.9983],[74.8936,36.9501],[74.9021,36.9406],[74.9217,36.9443],[74.9243,36.9501],[74.9392,36.948],[74.9392,36.9591],[74.9233,36.9835],[74.9371,36.9925],[74.9604,36.9962],[74.9789,37.0036],[74.9969,37.0006],[75.0165,37.011],[75.0334,37.0259],[75.0514,37.0227],[75.0636,37.0131],[75.1309,37.0206],[75.1457,37.0343],[75.1706,37.0227],[75.1687,36.9993],[75.2008,36.9845],[75.2193,36.9814],[75.241,36.9718],[75.2596,36.9745],[75.2818,36.983],[75.3125,36.9803],[75.3395,36.9718],[75.3782,36.9649],[75.4062,36.9655],[75.4179,36.9591],[75.419,36.9448],[75.401,36.9379],[75.3941,36.9284],[75.3978,36.9093],[75.4232,36.8956],[75.4333,36.8765],[75.4322,36.85],[75.4258,36.8283],[75.4237,36.8007],[75.4264,36.7843],[75.4601,36.7298],[75.4783,36.7298],[75.491,36.7462],[75.5037,36.7488],[75.515,36.7344],[75.5344,36.734],[75.5355,36.7743],[75.5397,36.7801],[75.5709,36.7796],[75.5858,36.7721],[75.6334,36.7801],[75.6769,36.7711],[75.7037,36.7555],[75.7356,36.7531],[75.8468,36.6863],[75.8675,36.6704],[75.8977,36.6392],[75.9098,36.6328],[75.9411,36.6064],[75.9337,36.5899],[75.9358,36.5756],[75.9511,36.5571],[75.969,36.5215],[75.9983,36.5015],[75.9977,36.4888],[76.0078,36.4803],[76.0142,36.466],[76.014,36.4549],[76.0279,36.4396],[76.1493,36.4245],[76.239,36.3199],[76.3186,36.3301],[76.3889,36.3098],[76.4286,36.2395],[76.4693,36.22],[76.5683,36.1904],[76.6689,36.1904],[76.7188,36.1599],[76.7587,36.11],[76.7789,36.0398],[76.7789,35.9103],[76.8391,35.8595],[76.939,35.84],[77.0086,35.8197],[77.0686,35.7799],[77.0896,35.7402],[77.209,35.7097],[77.3089,35.7198],[77.3486,35.7198],[77.4214,35.6402],[77.4689,35.6519],[77.5087,35.5802],[77.5187,35.4857],[77.5263,35.4847],[77.535,35.4885],[77.549,35.4835],[77.5577,35.4882],[77.5863,35.478],[77.5851,35.4725],[77.4465,35.4756],[77.09,35.5521],[76.8789,35.6133],[76.7669,35.6617],[77.0486,35.1099],[77.7994,35.4959],[77.7335,35.4825],[77.7413,35.4938],[77.7538,35.4975],[77.7571,35.5023],[77.7801,35.4978],[77.7841,35.5043],[77.7979,35.5093],[77.8038,35.52],[77.8149,35.5219],[77.8223,35.5151],[77.8277,35.5043],[77.8408,35.5026],[77.8535,35.4909],[77.8601,35.5002],[77.8669,35.4982],[77.8766,35.4908],[77.876,35.4869],[77.8822,35.4797],[77.8889,35.4797],[77.8968,35.4742],[77.9013,35.4661],[77.911,35.4621],[77.9207,35.482],[77.9173,35.4883],[77.9272,35.5022],[77.9353,35.5239],[77.9311,35.5313],[77.9331,35.538],[77.9288,35.5435],[77.9379,35.5593],[77.9506,35.5521],[77.9575,35.5558],[77.9667,35.5675],[77.9776,35.5722],[77.9892,35.5612],[77.996,35.5592],[78.0047,35.5694],[78.0123,35.5712],[78.021,35.5645],[78.0323,35.5723],[78.0285,35.5811],[78.0404,35.5868],[78.0446,35.5853],[78.0483,35.5782],[78.0681,35.5703],[78.0766,35.56],[78.0775,35.5545],[78.0725,35.5445],[78.0852,35.5396],[78.0892,35.5341],[78.095,35.5385],[78.0927,35.541],[78.0944,35.5454],[78.1031,35.5561],[78.1129,35.5497],[78.1187,35.5518],[78.1279,35.5463],[78.1572,35.5509],[78.1621,35.5634],[78.1627,35.5744],[78.158,35.5818],[78.1617,35.5929],[78.168,35.5977],[78.1813,35.6008],[78.1729,35.6167],[78.1799,35.6271],[78.18,35.6344],[78.1974,35.6398],[78.1924,35.6457],[78.1961,35.6497],[78.1944,35.6581],[78.1817,35.6674],[78.1859,35.6752],[78.2083,35.6677],[78.2094,35.674],[78.2193,35.6796],[78.2195,35.6847],[78.2286,35.698],[78.2401,35.7062],[78.2436,35.7253],[78.2511,35.7283],[78.2825,35.7239],[78.2886,35.7269],[78.2947,35.7241],[78.3019,35.727],[78.318,35.7208],[78.325,35.7239],[78.3403,35.7198],[78.3654,35.7246],[78.3708,35.7289],[78.3885,35.7274],[78.3947,35.7315],[78.4088,35.7307],[78.4183,35.7466],[78.4169,35.7609],[78.4211,35.7674],[78.4317,35.7722],[78.4405,35.7807],[78.4603,35.775],[78.4627,35.7644],[78.5054,35.7712],[78.5152,35.7695],[78.5226,35.7627],[78.5356,35.7635],[78.5434,35.7702],[78.5617,35.7754],[78.5682,35.7849],[78.5741,35.7872],[78.5767,35.7972],[78.6076,35.8152],[78.6314,35.814],[78.6566,35.8221],[78.6735,35.8521],[78.6947,35.8497],[78.7016,35.8566],[78.7169,35.8582],[78.7218,35.863],[78.7503,35.8597],[78.8002,35.8698],[78.8035,35.8771],[78.811,35.8804],[78.8277,35.9085],[78.8273,35.9195],[78.8361,35.9419],[78.8451,35.9481],[78.8559,35.9742],[78.8756,35.9692],[78.8965,35.954],[78.9141,35.9527],[78.9264,35.9452],[78.9407,35.9494],[78.948,35.9448],[78.9548,35.9485],[78.966,35.9353],[78.9724,35.9341],[78.9765,35.9398],[78.9884,35.9292],[78.997,35.9336],[79.0036,35.9283],[79.0104,35.9314],[79.0284,35.9142],[79.0401,35.9184],[79.0425,35.9279],[79.0572,35.9415],[79.0777,35.947],[79.0838,35.9446],[79.0913,35.9474],[79.1126,35.9468],[79.1289,35.943],[79.1645,35.9448],[79.1913,35.9323],[79.2696,35.9274],[79.2944,35.9386],[79.308,35.9545],[79.3384,35.9635],[79.3362,35.9767],[79.3434,35.9879],[79.3667,35.9857],[79.407,35.9734],[79.4147,35.9751],[79.4369,35.9722],[79.4446,35.9653],[79.4396,35.9545],[79.4396,35.9342],[79.4563,35.9241],[79.4638,35.9141],[79.4643,35.9052],[79.4684,35.9003],[79.4644,35.8886],[79.4523,35.8828],[79.4584,35.8699],[79.4717,35.8586],[79.4829,35.8556],[79.4889,35.8492],[79.5013,35.8465],[79.5173,35.8503],[79.5253,35.8658],[79.5381,35.8679],[79.5462,35.8811],[79.5578,35.8804],[79.5619,35.8945],[79.5664,35.8982],[79.5721,35.8965],[79.5752,35.89],[79.5842,35.8832],[79.5883,35.8779],[79.5821,35.8667],[79.5845,35.8553],[79.5749,35.8487],[79.5643,35.8298],[79.57,35.8236],[79.5719,35.8127],[79.5758,35.81],[79.5868,35.8157],[79.5845,35.7997],[79.5925,35.7889],[79.6098,35.7872],[79.6296,35.7782],[79.6386,35.7777],[79.6367,35.7713],[79.6294,35.7671],[79.6426,35.751],[79.6341,35.7416],[79.6442,35.7251],[79.6535,35.7244],[79.6549,35.7203],[79.663,35.7189],[79.6703,35.7034],[79.6786,35.7002],[79.6768,35.6797],[79.6794,35.6707],[79.6865,35.6636],[79.6931,35.6666],[79.6982,35.6635],[79.7059,35.6383],[79.7211,35.636],[79.734,35.6428],[79.7715,35.6257],[79.7876,35.6237],[79.7948,35.6294],[79.8009,35.6239],[79.8168,35.627],[79.8393,35.6016],[79.8367,35.5863],[79.8457,35.5746],[79.8608,35.5767],[79.8669,35.5843],[79.8675,35.5974],[79.8944,35.6036],[79.9071,35.6004],[79.921,35.6047],[79.9262,35.6214],[79.938,35.621],[79.9525,35.6334],[79.9585,35.6295],[79.9546,35.6162],[79.9638,35.6144],[79.9739,35.6055],[79.9817,35.6075],[79.9972,35.603],[80.0011,35.5925],[79.9953,35.5841],[79.9848,35.5794],[79.971,35.5804],[79.9653,35.5747],[79.9663,35.5536],[79.9783,35.5488],[79.9823,35.5331],[79.9947,35.5231],[79.994,35.5098],[80.0069,35.4962],[80.0168,35.4658],[80.034,35.447],[80.0349,35.4386],[80.0549,35.4234],[80.0628,35.4253],[80.0723,35.4232],[80.0797,35.4317],[80.088,35.4325],[80.0885,35.4382],[80.081,35.4504],[80.0853,35.4551],[80.0958,35.4584],[80.11,35.4784],[80.1271,35.4784],[80.1387,35.4876],[80.1419,35.498],[80.168,35.5026],[80.1681,35.507],[80.1826,35.5088],[80.1715,35.5271],[80.1715,35.5372],[80.166,35.5466],[80.1662,35.5528],[80.1713,35.5572],[80.1892,35.5627],[80.192,35.5682],[80.2054,35.5752],[80.213,35.5703],[80.2239,35.5551],[80.2327,35.56],[80.2417,35.5549],[80.25,35.5569],[80.2638,35.5683],[80.2708,35.5634],[80.2768,35.5529],[80.2975,35.5561],[80.304,35.5451],[80.3014,35.5357],[80.3147,35.5242],[80.3276,35.5349],[80.3396,35.5313],[80.3466,35.5246],[80.3584,35.5291],[80.3665,35.5251],[80.365,35.5157],[80.3712,35.5066],[80.3846,35.5009],[80.3895,35.4937],[80.3895,35.4877],[80.4116,35.4771],[80.4217,35.4517],[80.4208,35.4431],[80.4119,35.426],[80.395,35.4147],[80.3769,35.3923],[80.3607,35.3867],[80.3468,35.391],[80.3109,35.37],[80.2988,35.3685],[80.2859,35.3543],[80.2764,35.3283],[80.2736,35.3005],[80.2662,35.2964],[80.2943,35.2679],[80.2855,35.2329],[80.2774,35.227],[80.2745,35.2167],[80.2852,35.2113],[80.2826,35.2039],[80.2553,35.2056],[80.2526,35.1956],[80.2448,35.1853],[80.2227,35.1713],[80.2229,35.1639],[80.2355,35.1539],[80.2331,35.148],[80.2272,35.148],[80.2162,35.1392],[80.2079,35.1239],[80.1967,35.122],[80.1948,35.118],[80.2174,35.0026],[80.2161,34.9927],[80.2336,34.9896],[80.2319,34.9846],[80.2262,34.9817],[80.2249,34.9704],[80.2116,34.9613],[80.1934,34.9587],[80.1922,34.9524],[80.1863,34.9465],[80.2035,34.9206],[80.206,34.9114],[80.2022,34.8986],[80.2051,34.8912],[80.1675,34.8801],[80.1682,34.8729],[80.1571,34.8685],[80.1369,34.8689],[80.1361,34.8551],[80.1205,34.8377],[80.123,34.8358],[80.1201,34.8311],[80.1118,34.8263],[80.1135,34.8201],[80.1104,34.8044],[80.0995,34.7819],[80.099,34.7745],[80.0911,34.7685],[80.078,34.7708],[80.0722,34.7686],[80.0669,34.7623],[80.0792,34.7334],[80.0794,34.7172],[80.0741,34.7058],[80.038,34.6971],[79.9948,34.692],[79.9722,34.6997],[79.9515,34.6737],[79.9438,34.6761],[79.9324,34.6919],[79.9252,34.6927],[79.9196,34.6887],[79.8985,34.6962],[79.8486,34.6722],[79.8427,34.6605],[79.8352,34.656],[79.8297,34.6461],[79.8159,34.6417],[79.8005,34.6291],[79.7865,34.6274],[79.7882,34.616],[79.7858,34.6086],[79.8018,34.5893],[79.8006,34.5837],[79.7888,34.5743],[79.7883,34.564],[79.8088,34.5445],[79.8115,34.5341],[79.8088,34.5172],[79.7943,34.4801],[79.7786,34.4791],[79.7655,34.4705],[79.7555,34.4722],[79.7527,34.4777],[79.7403,34.4777],[79.7216,34.4717],[79.7033,34.4863],[79.694,34.4782],[79.685,34.4767],[79.6809,34.4617],[79.6736,34.4546],[79.6576,34.4517],[79.6455,34.4563],[79.6234,34.4498],[79.6005,34.4663],[79.5929,34.4665],[79.5758,34.4586],[79.5611,34.4584],[79.5479,34.4749],[79.5382,34.4789],[79.5255,34.4607],[79.5089,34.4537],[79.5227,34.4447],[79.5296,34.4437],[79.5292,34.4232],[79.5376,34.4121],[79.5341,34.4088],[79.5348,34.4008],[79.5417,34.3937],[79.5464,34.3824],[79.559,34.3716],[79.5631,34.3469],[79.5676,34.3331],[79.5731,34.3309],[79.5747,34.319],[79.584,34.3157],[79.5859,34.3114],[79.6028,34.3066],[79.6101,34.2842],[79.6075,34.2719],[79.611,34.2542],[79.6074,34.2382],[79.5898,34.241],[79.576,34.2303],[79.5587,34.2093],[79.5449,34.2029],[79.5368,34.2036],[79.5251,34.1982],[79.5078,34.1984],[79.4906,34.1909],[79.498,34.1684],[79.4958,34.1496],[79.4904,34.1451],[79.4913,34.1342],[79.4856,34.1256],[79.4701,34.1161],[79.4383,34.1165],[79.4276,34.1135],[79.4161,34.1001],[79.4195,34.0799],[79.4273,34.0759],[79.4261,34.0682],[79.4304,34.0613],[79.4185,34.0544],[79.4221,34.0447],[79.4102,34.0364],[79.4045,34.0273],[79.4083,34.0226],[79.4102,34.0102],[79.4033,34.0023],[79.3907,33.9971],[79.3771,34.0007],[79.3652,33.9948],[79.3388,34.0052],[79.3317,34.0045],[79.3162,34.0149],[79.3005,34.0085],[79.291,34.0149],[79.2788,34.0123],[79.2681,34.019],[79.2546,34.0204],[79.2489,34.024],[79.2341,34.0121],[79.2253,34.0107],[79.1896,34.0252],[79.171,34.0218],[79.1615,34.0123],[79.1508,34.0092],[79.1473,33.999],[79.1389,33.9945],[79.1285,33.9957],[79.0994,33.99],[79.0295,34.0104],[78.9995,34.0302],[78.9952,34.0368],[78.9355,34.0204],[78.9117,34.0097],[78.9026,34.0016],[78.8969,33.985],[78.8872,33.9726],[78.8919,33.9624],[78.9091,33.9474],[78.9231,33.9255],[78.9371,33.9126],[78.9421,33.8931],[78.9483,33.8843],[78.95,33.8634],[78.9562,33.8524],[78.9652,33.8213],[78.9933,33.7946],[79.0004,33.7734],[79.0111,33.7691],[79.0131,33.7641],[79.0283,33.7537],[79.0272,33.746],[79.0102,33.7144],[79.0076,33.6933],[79.0119,33.6852],[79.0218,33.6781],[79.0221,33.6743],[79.0557,33.6654],[79.064,33.6664],[79.0696,33.6575],[79.0825,33.6493],[79.0904,33.6372],[79.0909,33.6293],[79.0851,33.6195],[79.0625,33.6217],[79.0252,33.6191],[79.0188,33.6131],[79.0119,33.6131],[79.0035,33.6074],[78.9774,33.61],[78.95,33.6176],[78.9381,33.6143],[78.9288,33.62],[78.9074,33.6205],[78.9053,33.6055],[78.8857,33.5762],[78.8884,33.5727],[78.9098,33.5654],[78.9135,33.5546],[78.9143,33.541],[78.9314,33.4868],[78.9274,33.4406],[78.934,33.417],[78.9305,33.4123],[78.9319,33.4069],[78.9377,33.4029],[78.9401,33.3959],[78.9366,33.3869],[78.94,33.3809],[78.9477,33.3783],[78.9541,33.3715],[78.9504,33.3643],[78.9563,33.3577],[78.9541,33.3545],[78.9639,33.3387],[78.9757,33.3347],[78.983,33.3265],[78.9952,33.3249],[79.0036,33.3273],[79.01,33.3236],[79.0212,33.3242],[79.0267,33.3203],[79.0251,33.3139],[79.0291,33.3078],[79.0375,33.3064],[79.0325,33.2949],[79.0385,33.2911],[79.0393,33.2863],[79.0339,33.279],[79.0353,33.275],[79.0126,33.2915],[79.0596,33.2556],[79.0699,33.2523],[79.1125,33.2263],[79.1227,33.2019],[79.1297,33.2002],[79.152,33.1819],[79.1718,33.2007],[79.175,33.2049],[79.1738,33.2096],[79.1823,33.2122],[79.1829,33.22],[79.1929,33.2186],[79.2006,33.2097],[79.2085,33.2119],[79.217,33.2379],[79.2384,33.2331],[79.2534,33.2162],[79.2737,33.2198],[79.2742,33.2119],[79.2881,33.2031],[79.2959,33.2027],[79.3025,33.1907],[79.3221,33.1901],[79.3357,33.204],[79.3608,33.1975],[79.378,33.1979],[79.3865,33.2014],[79.4071,33.1895],[79.4124,33.1748],[79.4084,33.1692],[79.3972,33.17],[79.3929,33.156],[79.4004,33.1486],[79.3995,33.1412],[79.3839,33.1309],[79.3647,33.1049],[79.3675,33.0828],[79.3583,33.0689],[79.3591,33.063],[79.3377,33.0547],[79.3284,33.0345],[79.3377,33.0285],[79.3414,33.0197],[79.3391,33.0038],[79.3315,33.0008],[79.3439,32.98],[79.3544,32.9766],[79.358,32.9675],[79.3635,32.963],[79.3532,32.9556],[79.3549,32.9489],[79.3641,32.9382],[79.3796,32.9457],[79.3982,32.9422],[79.4008,32.9406],[79.3903,32.92],[79.3916,32.9162],[79.4224,32.8954],[79.431,32.8914],[79.4403,32.8923],[79.441,32.8899],[79.4521,32.8888],[79.4553,32.8802],[79.4627,32.8815],[79.4718,32.8776],[79.4694,32.8687],[79.4728,32.8495],[79.4708,32.8427],[79.4626,32.8385],[79.4609,32.8334],[79.4682,32.8287],[79.4693,32.8212],[79.4794,32.8129],[79.4808,32.8007],[79.5053,32.7835],[79.5447,32.773],[79.5411,32.764],[79.5514,32.7639],[79.5569,32.758],[79.5545,32.7526],[79.5469,32.7487],[79.5436,32.7311],[79.5477,32.7226],[79.5584,32.7186],[79.5613,32.7144],[79.5507,32.7049],[79.5439,32.7061],[79.54,32.7001],[79.5386,32.6828],[79.5481,32.6772],[79.5386,32.6712],[79.5374,32.6656],[79.5254,32.6531],[79.4991,32.6406],[79.4943,32.6316],[79.4897,32.6309],[79.4774,32.6185],[79.469,32.6162],[79.463,32.6061],[79.4525,32.6038],[79.4507,32.5917],[79.446,32.5887],[79.4347,32.5669],[79.4276,32.561],[79.4279,32.5562],[79.4353,32.5511],[79.4331,32.544],[79.4269,32.5398],[79.4144,32.5419],[79.4183,32.53],[79.4133,32.52],[79.4074,32.5192],[79.4002,32.5254],[79.3863,32.5257],[79.3673,32.5324],[79.3522,32.5279],[79.335,32.541],[79.3345,32.5497],[79.34,32.5536],[79.3315,32.5647],[79.3282,32.5643],[79.3216,32.559],[79.3111,32.5601],[79.3082,32.5512],[79.2925,32.5394],[79.276,32.556],[79.2669,32.5381],[79.2562,32.5362],[79.2483,32.5169],[79.2215,32.5233],[79.2193,32.5011],[79.1699,32.4972],[79.1508,32.4876],[79.1481,32.4769],[79.1371,32.4803],[79.1293,32.4767],[79.132,32.4695],[79.1277,32.4614],[79.1202,32.4592],[79.1181,32.4548],[79.1206,32.4459],[79.1174,32.4389],[79.1213,32.4353],[79.1259,32.4207],[79.1149,32.4184],[79.113,32.4123],[79.1054,32.4072],[79.1002,32.3957],[79.1044,32.3894],[79.1021,32.3837],[79.1047,32.375],[79.0977,32.3701],[79.0635,32.3862],[79.067,32.3882],[78.9977,32.3651],[78.9189,32.3582],[78.8379,32.412],[78.7713,32.4681],[78.7535,32.4993],[78.7367,32.5584],[78.7009,32.597],[78.6315,32.579],[78.5264,32.5708],[78.4125,32.5577],[78.3917,32.5447],[78.4054,32.5533],[78.4053,32.5483],[78.3935,32.5392],[78.3951,32.5303],[78.4077,32.5255],[78.4123,32.5178],[78.4267,32.5058],[78.4274,32.4972],[78.439,32.4856],[78.44,32.4804],[78.4544,32.4716],[78.4514,32.4597],[78.4623,32.4549],[78.4635,32.4471],[78.4712,32.4425],[78.4709,32.3971],[78.4569,32.391],[78.4543,32.3865],[78.4694,32.3649],[78.481,32.3665],[78.4852,32.3589],[78.4796,32.3498],[78.481,32.3434],[78.478,32.3404],[78.4769,32.3285],[78.4795,32.3247],[78.4985,32.3226],[78.5038,32.3098],[78.5104,32.3031],[78.4989,32.2944],[78.4884,32.2756],[78.4977,32.2757],[78.52,32.2621],[78.5247,32.2476],[78.5376,32.2372],[78.5442,32.2212],[78.5528,32.2149],[78.5608,32.2027],[78.5801,32.2039],[78.5957,32.198],[78.599,32.1939],[78.6001,32.1753],[78.5914,32.1679],[78.5938,32.1633],[78.6263,32.1383],[78.6331,32.1255],[78.6567,32.1163],[78.6739,32.1172],[78.6836,32.1127],[78.6944,32.0953],[78.6826,32.0801],[78.6915,32.0705],[78.7057,32.0644],[78.7125,32.0475],[78.7214,32.0404],[78.7217,32.029],[78.7283,32.0164],[78.7337,32.0135],[78.7355,32.004],[78.739,32.0016],[78.7656,32.0039],[78.7697,31.9969],[78.7796,31.9936],[78.7747,31.9872],[78.7761,31.9759],[78.7735,31.9743],[78.7789,31.9671],[78.775,31.9631],[78.7678,31.9622],[78.7643,31.9542],[78.7634,31.9477],[78.7679,31.9456],[78.7689,31.9308],[78.7663,31.9264],[78.7587,31.9238],[78.7428,31.9001],[78.7474,31.8904],[78.742,31.8835],[78.7494,31.8745],[78.7406,31.8591],[78.7444,31.8545],[78.7395,31.8414],[78.733,31.8311],[78.7181,31.8234],[78.7023,31.8066],[78.7066,31.786],[78.7051,31.774],[78.7163,31.7679],[78.7195,31.7613],[78.7255,31.7581],[78.7244,31.7519],[78.7294,31.7455],[78.7272,31.7432],[78.7301,31.7329],[78.7433,31.7173],[78.7455,31.705],[78.7537,31.6946],[78.7537,31.689],[78.7494,31.6854],[78.7509,31.6808],[78.7671,31.6747],[78.7979,31.6822],[78.8008,31.6778],[78.7982,31.6696],[78.8017,31.6481],[78.8081,31.6396],[78.8179,31.638],[78.8275,31.6294],[78.8284,31.625],[78.8416,31.6219],[78.8466,31.608],[78.8407,31.5974],[78.8329,31.598],[78.8233,31.5851],[78.8224,31.5786],[78.8077,31.5773],[78.8034,31.5656],[78.7801,31.5559],[78.7759,31.5444],[78.7705,31.5438],[78.763,31.5481],[78.7581,31.5425],[78.752,31.5408],[78.7551,31.5503],[78.7311,31.4838],[78.7392,31.4812],[78.7491,31.4851],[78.7577,31.4827],[78.7678,31.4731],[78.7748,31.4548],[78.7963,31.4442],[78.7973,31.4407],[78.7825,31.4287],[78.7688,31.4064],[78.7613,31.4003],[78.7536,31.384],[78.7574,31.3738],[78.7497,31.3681],[78.7554,31.3591],[78.7688,31.3501],[78.7689,31.346],[78.7633,31.3411],[78.7742,31.3322],[78.7684,31.3263],[78.778,31.3199],[78.7782,31.3123],[78.7936,31.304],[78.813,31.3064],[78.8147,31.301],[78.8202,31.2982],[78.8445,31.3015],[78.852,31.3056],[78.8539,31.3124],[78.8633,31.3141],[78.8601,31.31],[78.8995,31.3313],[78.946,31.3372],[78.9296,31.3351],[78.9322,31.3419],[78.9413,31.3502],[78.9437,31.3653],[78.9523,31.3649],[78.9678,31.3575],[78.9802,31.363],[78.9866,31.3577],[79.0111,31.4141],[79.0438,31.4262],[79.0163,31.416],[79.0202,31.4268],[79.0448,31.4333],[79.0487,31.4271],[79.0608,31.4296],[79.0698,31.4429],[79.0686,31.4502],[79.0752,31.459],[79.0842,31.451],[79.1002,31.4536],[79.1085,31.4454],[79.1414,31.4324],[79.1444,31.4232],[79.1513,31.4176],[79.156,31.4076],[79.1654,31.3974],[79.1709,31.3991],[79.1773,31.3855],[79.1694,31.3752],[79.1706,31.3635],[79.1923,31.3549],[79.2134,31.354],[79.2159,31.3488],[79.2365,31.335],[79.2239,31.3264],[79.2209,31.3169],[79.229,31.3037],[79.2496,31.2941],[79.2489,31.2839],[79.2451,31.2756],[79.2322,31.2689],[79.2263,31.2606],[79.2391,31.2554],[79.2602,31.24],[79.2827,31.2389],[79.2892,31.2269],[79.3005,31.2192],[79.3089,31.1729],[79.3056,31.1673],[79.3124,31.1483],[79.3299,31.1328],[79.3379,31.1329],[79.3416,31.1277],[79.3514,31.1232],[79.3641,31.1236],[79.376,31.1138],[79.3921,31.1175],[79.4078,31.1135],[79.4139,31.1057],[79.4162,31.0961],[79.4173,31.0858],[79.4138,31.0739],[79.4191,31.0684],[79.4196,31.0434],[79.3885,31.0642],[79.4932,30.9937],[79.4442,31.0267],[79.4707,31.0345],[79.5069,31.0324],[79.5099,31.0255],[79.5091,31.0151],[79.5164,31.0125],[79.5195,31.0044],[79.5163,30.998],[79.5371,30.9812],[79.5542,30.9564],[79.5657,30.9545],[79.5677,30.9494],[79.5654,30.9491],[79.6643,30.9652],[79.6656,30.9829],[79.6732,30.9824],[79.7007,30.9707],[79.7076,30.976],[79.7158,30.975],[79.7349,30.9795],[79.7511,31.0049],[79.7625,30.9999],[79.7756,30.9865],[79.7921,30.9862],[79.7974,30.9785],[79.8082,30.9803],[79.8166,30.9717],[79.8395,30.9717],[79.8548,30.9757],[79.8668,30.9713],[79.8764,30.9658],[79.881,30.9565],[79.8838,30.9398],[79.8886,30.9374],[79.8866,30.93],[79.8903,30.9169],[79.9084,30.9147],[79.927,30.8879],[79.9363,30.8807],[79.9398,30.884],[79.9488,30.8828],[79.9624,30.8875],[79.9707,30.8801],[79.9898,30.8761],[79.9966,30.8659],[80.0091,30.8641],[80.0307,30.8416],[80.043,30.8369],[80.0493,30.8412],[80.054,30.8388],[80.0747,30.8193],[80.0885,30.7951],[80.1051,30.7857],[80.0814,30.7819],[80.1397,30.7887],[80.1428,30.7921],[80.1549,30.7904],[80.1534,30.7938],[80.1592,30.8078],[80.1748,30.8084],[80.1794,30.806],[80.1853,30.7919],[80.1993,30.7761],[80.1972,30.7657],[80.2116,30.7535],[80.218,30.7518],[80.2386,30.7623],[80.2416,30.7481],[80.2486,30.7388],[80.248,30.7192],[80.2333,30.709],[80.2329,30.6913],[80.2175,30.6869],[80.207,30.6875],[80.1862,30.6053],[80.2,30.6571],[80.2197,30.6408],[80.2192,30.6337],[80.2121,30.6257],[80.2163,30.6099],[80.2079,30.5883],[80.2183,30.5802],[80.2366,30.5786],[80.2545,30.5646],[80.2622,30.5682],[80.2842,30.5698],[80.3154,30.5645],[80.321,30.5442],[80.3264,30.5393],[80.3621,30.526],[80.3751,30.5247],[80.3861,30.5177],[80.4172,30.5239],[80.4178,30.5163],[80.4286,30.5129],[80.446,30.4969],[80.4644,30.4909],[80.4834,30.4902],[80.4885,30.4846],[80.4992,30.4879],[80.5072,30.4757],[80.512,30.4738],[80.4096,30.5095],[80.541,30.4635],[80.6089,30.4489],[80.5637,30.4586],[80.5669,30.4641],[80.6066,30.4715],[80.6136,30.4593],[80.6239,30.4629],[80.6367,30.4506],[80.6583,30.4422],[80.6776,30.4292],[80.6774,30.424],[80.6863,30.4203],[80.6877,30.4154],[80.6992,30.4135],[80.7062,30.4176],[80.7161,30.4133],[80.7497,30.3867],[80.7504,30.3799],[80.7641,30.3732],[80.7771,30.3568],[80.7855,30.3535],[80.7851,30.3466],[80.7891,30.3395],[80.8289,30.3152],[80.8334,30.3134],[80.8476,30.3172],[80.8609,30.3143],[80.8719,30.3065],[80.8736,30.3012],[80.8848,30.2999],[80.9071,30.3037],[80.9076,30.296],[80.9143,30.2875],[80.9272,30.2832],[80.9307,30.2768],[80.9257,30.2699],[80.9294,30.2658],[80.9366,30.2635],[80.948,30.2694],[80.9809,30.2708],[81.0046,30.2636],[81.0107,30.2548],[81.0304,30.246],[81.0259,30.2271],[81.0297,30.2256],[81.0288,30.2194],[81.045,30.2105],[81.0447,30.2064],[81.0283,30.1949],[81.0028,30.1907],[81.0103,30.1645],[80.9661,30.18],[80.9076,30.1719],[80.8481,30.1397],[80.8199,30.1193],[80.6841,29.9943],[80.6129,29.9559],[80.549,29.8998],[80.4019,29.7303],[80.3169,29.5721],[80.2549,29.4233],[80.256,29.318],[80.233,29.1946],[80.1695,29.1243],[80.1305,29.1004],[80.0846,28.9942],[80.0517,28.8703],[80.0707,28.8302],[80.2266,28.7233],[80.4186,28.612],[80.4791,28.6049],[80.4958,28.6358],[80.5179,28.6652],[80.587,28.6496],[80.6713,28.5962],[80.7262,28.5539],[80.7508,28.5397],[81.1689,28.335],[81.2063,28.2894],[81.239,28.2409],[81.3108,28.1764],[81.486,28.0622],[81.7572,27.9138],[81.8526,27.8671],[81.8969,27.8745],[81.9452,27.8993],[81.9877,27.9138],[82.037,27.9006],[82.1119,27.8649],[82.2877,27.7565],[82.4514,27.6718],[82.6299,27.6871],[82.6773,27.6734],[82.7108,27.5967],[82.7334,27.519],[82.9328,27.4677],[83.0641,27.4445],[83.2139,27.4023],[83.2897,27.371],[83.3694,27.4103],[83.384,27.4448],[83.4472,27.4653],[83.5517,27.4563],[83.747,27.3959],[83.8288,27.3778],[83.8972,27.4351],[84.0248,27.4617],[84.091,27.4914],[84.2298,27.4278],[84.4809,27.3482],[84.6102,27.2987],[84.6407,27.2499],[84.6548,27.2037],[84.6538,27.0917],[84.6854,27.041],[84.9372,26.9269],[85.0201,26.8785],[85.0873,26.8629],[85.1254,26.861],[85.1516,26.8466],[85.1741,26.7815],[85.1918,26.7666],[85.2402,26.7503],[85.293,26.741],[85.4564,26.7972],[85.5685,26.8398],[85.6484,26.829],[85.6999,26.7816],[85.7074,26.7126],[85.7373,26.6397],[85.7945,26.6042],[85.8557,26.6002],[86.0073,26.6494],[86.1294,26.6117],[86.2416,26.598],[86.3661,26.5744],[86.4145,26.5563],[86.5437,26.496],[86.7014,26.4351],[86.7625,26.4419],[87.0164,26.5554],[87.0379,26.5416],[87.0896,26.4332],[87.1668,26.3942],[87.2874,26.3603],[87.4136,26.4229],[87.5131,26.405],[87.6334,26.3991],[87.7488,26.4293],[87.8492,26.4369],[87.9951,26.3824],[88.027,26.395],[88.0549,26.43],[88.1615,26.7248],[88.1572,26.8073],[88.111,26.9285],[87.9932,27.0861],[87.9844,27.1339],[88.0241,27.4089],[88.0679,27.5674],[88.1056,27.6424],[88.147,27.7492],[88.1543,27.7987],[88.1503,27.8433],[88.1098,27.8706],[88.0989,27.9045],[88.109,27.933],[88.1411,27.9489],[88.2752,27.9688],[88.426,28.0117],[88.4744,28.03],[88.4755,28.0363],[88.4922,28.0483],[88.4949,28.0551],[88.5067,28.0464],[88.5316,28.0574],[88.5564,28.0767],[88.5546,28.0814],[88.5645,28.09],[88.5725,28.0892],[88.5779,28.0934],[88.6211,28.0918],[88.6026,28.0925],[88.6125,28.1107],[88.6263,28.1122],[88.635,28.118],[88.6404,28.1153],[88.6475,28.0998],[88.6648,28.0884],[88.667,28.0766],[88.6706,28.0741],[88.6791,28.0718],[88.6809,28.0762],[88.6879,28.0792],[88.6969,28.0766],[88.7156,28.0778],[88.7304,28.0726],[88.7547,28.0803],[88.7786,28.0534],[88.792,28.0489],[88.8043,28.03],[88.8153,28.0217],[88.8354,28.0158],[88.8441,27.9897],[88.8395,27.9703],[88.8424,27.9563],[88.8373,27.9273],[88.8595,27.9272],[88.8676,27.9197],[88.8707,27.9008],[88.8813,27.8917],[88.878,27.8752],[88.8881,27.8564],[88.8832,27.8526],[88.8807,27.8439],[88.8829,27.8346],[88.8804,27.8305],[88.8571,27.8155],[88.8608,27.8024],[88.8545,27.7639],[88.8565,27.7541],[88.8619,27.7537],[88.867,27.7427],[88.8591,27.7384],[88.8559,27.717],[88.8408,27.7121],[88.839,27.7072],[88.8483,27.694],[88.8426,27.6841],[88.8485,27.6741],[88.8478,27.6674],[88.8311,27.6473],[88.8227,27.6439],[88.8172,27.6482],[88.8148,27.6469],[88.8048,27.6261],[88.8112,27.6194],[88.8063,27.609],[88.8086,27.6025],[88.8054,27.5951],[88.7889,27.5865],[88.7918,27.5752],[88.7645,27.5674],[88.749,27.5219],[88.7636,27.5661],[88.7732,27.5543],[88.7737,27.5392],[88.7771,27.5326],[88.7827,27.5296],[88.7911,27.5314],[88.7936,27.5269],[88.7882,27.522],[88.7905,27.5157],[88.7822,27.4966],[88.7847,27.4931],[88.7812,27.4824],[88.7825,27.4761],[88.7772,27.4684],[88.7828,27.4534],[88.7938,27.4449],[88.7916,27.438],[88.7944,27.4297],[88.8007,27.4232],[88.807,27.4236],[88.8068,27.4054],[88.8211,27.4047],[88.8214,27.3945],[88.8308,27.3901],[88.8313,27.3857],[88.8379,27.3796],[88.8467,27.3852],[88.8611,27.3863],[88.8645,27.3798],[88.8628,27.371],[88.8662,27.3665],[88.8811,27.3606],[88.8834,27.3453],[88.893,27.3396],[88.8973,27.3327],[88.8816,27.2975],[88.7604,27.2181],[88.7388,27.1756],[88.7656,27.1342],[88.8136,27.099],[88.8352,27.0656],[88.8576,26.9615],[88.9191,26.9322],[89.0409,26.865],[89.1482,26.8162],[89.3321,26.8486],[89.3842,26.8266],[89.4746,26.8034],[89.5451,26.7962],[89.5861,26.779],[89.6092,26.7622],[89.6062,26.7411],[89.61,26.7194],[89.7109,26.7139],[89.7639,26.7016],[89.9432,26.7239],[90.1229,26.7546],[90.2061,26.8475],[90.2424,26.8542],[90.3459,26.8903],[90.4477,26.8508],[90.5599,26.7966],[90.6203,26.7802],[90.7396,26.7717],[90.8558,26.7777],[91.1339,26.8034],[91.2865,26.7899],[91.4268,26.8671],[91.4559,26.8669],[91.5176,26.8073],[91.6716,26.802],[91.7537,26.8308],[91.8421,26.853],[91.8986,26.8601],[91.9438,26.8608],[91.9983,26.855],[92.0497,26.8749],[92.0734,26.9148],[92.0682,26.9752],[92.0309,27.0408],[91.9986,27.0793],[91.9923,27.0999],[92.0025,27.1474],[92.0312,27.2143],[92.0834,27.2906],[92.0449,27.3647],[91.9908,27.4502],[91.951,27.4583],[91.8513,27.4386],[91.7431,27.4425],[91.6581,27.4936],[91.5947,27.5577],[91.5793,27.6114],[91.5977,27.677],[91.6259,27.7373],[91.6319,27.76],[91.8477,27.7611],[91.8581,27.748],[91.8599,27.74],[91.8247,27.7464],[91.9094,27.7297],[91.9776,27.7304],[92.1013,27.8076],[92.1168,27.8089],[92.1422,27.8344],[92.1498,27.8312],[92.1648,27.8315],[92.1732,27.8459],[92.1876,27.8479],[92.194,27.8566],[92.2135,27.8633],[92.2131,27.8727],[92.2215,27.8742],[92.2423,27.8877],[92.2554,27.8807],[92.2665,27.8869],[92.2934,27.8711],[92.303,27.8529],[92.2974,27.8335],[92.306,27.8254],[92.341,27.8208],[92.4148,27.8246],[92.4807,27.8459],[92.5467,27.8792],[92.5933,27.9068],[92.5976,27.9128],[92.6093,27.9163],[92.6644,27.9489],[92.6878,27.989],[92.6875,28.0257],[92.6656,28.0499],[92.6435,28.0615],[92.6525,28.0934],[92.6651,28.1071],[92.6673,28.1247],[92.6773,28.151],[92.6917,28.1502],[92.7172,28.1677],[92.7229,28.1611],[92.7292,28.1596],[92.7898,28.1867],[92.7708,28.1781],[92.7776,28.1842],[92.8818,28.2281],[93.035,28.3276],[93.1192,28.4023],[93.1578,28.4927],[93.2065,28.5908],[93.252,28.6295],[93.3605,28.6541],[93.4352,28.6629],[93.4661,28.6719],[93.4746,28.6707],[93.4821,28.6739],[93.4948,28.6704],[93.6649,28.6902],[93.7607,28.7298],[93.9022,28.8032],[93.9736,28.8608],[94.0133,28.9075],[94.0177,28.9595],[94.1115,28.9759],[94.1935,29.0599],[94.2933,29.1446],[94.2932,29.1523],[94.3137,29.1541],[94.4681,29.2162],[94.623,29.3124],[94.6534,29.3038],[94.6591,29.3065],[94.6657,29.3047],[94.6936,29.3179],[94.71,29.3022],[94.7155,29.2915],[94.7349,29.2869],[94.7357,29.2759],[94.7477,29.2562],[94.7492,29.2508],[94.7448,29.2433],[94.7517,29.2297],[94.7708,29.2183],[94.7943,29.2177],[94.8037,29.2084],[94.7974,29.1861],[94.8026,29.1706],[94.8156,29.1685],[94.8475,29.1826],[94.8775,29.18],[94.8995,29.1737],[94.9067,29.1681],[94.9088,29.1617],[94.9176,29.1575],[94.9403,29.1612],[94.9611,29.1599],[94.9892,29.1476],[94.9675,29.144],[94.9988,29.1492],[95.0148,29.1442],[95.011,29.1524],[94.9955,29.1694],[94.9865,29.1732],[94.9947,29.1736],[95.0141,29.162],[95.0421,29.1507],[95.0529,29.1536],[95.0657,29.147],[95.0972,29.142],[95.101,29.1283],[95.1194,29.1124],[95.1588,29.0983],[95.166,29.0981],[95.179,29.1044],[95.1927,29.1016],[95.2115,29.1076],[95.2304,29.1036],[95.2365,29.0858],[95.2588,29.0803],[95.2626,29.0683],[95.2714,29.0732],[95.2719,29.1032],[95.283,29.1099],[95.2775,29.1161],[95.289,29.1227],[95.2993,29.1365],[95.3118,29.1388],[95.3448,29.135],[95.3789,29.1368],[95.3916,29.1345],[95.3973,29.1249],[95.4127,29.1259],[95.4094,29.1443],[95.415,29.148],[95.414,29.1623],[95.4206,29.1704],[95.419,29.1807],[95.4268,29.1839],[95.4339,29.1927],[95.4454,29.1858],[95.4466,29.1795],[95.4524,29.177],[95.4547,29.1647],[95.4488,29.1608],[95.4539,29.1525],[95.4511,29.1469],[95.4579,29.1368],[95.4678,29.1349],[95.4741,29.1414],[95.4805,29.1411],[95.4911,29.1346],[95.517,29.1512],[95.5158,29.2063],[95.7104,29.3138],[95.8851,29.3909],[96.0354,29.4472],[96.0796,29.4241],[96.1285,29.3814],[96.1947,29.2725],[96.2064,29.2647],[96.2185,29.2644],[96.2241,29.2568],[96.2474,29.2487],[96.3372,29.261],[96.3559,29.2491],[96.3397,29.2098],[96.2705,29.1612],[96.3047,29.1852],[96.2979,29.1649],[96.2978,29.1503],[96.2878,29.1321],[96.2493,29.1118],[96.2145,29.1139],[96.2011,29.0999],[96.2085,29.088],[96.2089,29.0811],[96.2152,29.0742],[96.2141,29.0684],[96.2054,29.0584],[96.1976,29.0577],[96.1948,29.0505],[96.1848,29.0456],[96.1868,29.0373],[96.2076,29.0336],[96.2124,29.048],[96.2287,29.0562],[96.2281,29.0603],[96.2373,29.0676],[96.2368,29.0745],[96.244,29.087],[96.2569,29.083],[96.2738,29.0979],[96.2977,29.0985],[96.3074,29.1139],[96.318,29.1172],[96.3312,29.1121],[96.3332,29.1039],[96.3386,29.1015],[96.3498,29.0872],[96.3506,29.0819],[96.3654,29.0809],[96.3674,29.0725],[96.3625,29.0448],[96.3749,29.0354],[96.4357,29.0507],[96.4671,29.0223],[96.4771,28.9593],[96.55,28.8296],[96.5389,28.8494],[96.5492,28.8501],[96.5566,28.8352],[96.5692,28.8245],[96.5782,28.8196],[96.5884,28.8198],[96.5772,28.8036],[96.5765,28.7958],[96.5725,28.7912],[96.5741,28.7828],[96.5797,28.7795],[96.6028,28.7809],[96.6042,28.7578],[96.6163,28.74],[96.6315,28.7343],[96.6288,28.7044],[96.6301,28.7003],[96.6464,28.6918],[96.6429,28.6818],[96.6377,28.6787],[96.6336,28.68],[96.6252,28.6738],[96.6042,28.6733],[96.5924,28.6826],[96.5775,28.6832],[96.5759,28.6899],[96.5634,28.6976],[96.5557,28.6858],[96.5458,28.6874],[96.5376,28.6778],[96.5455,28.6642],[96.5421,28.6602],[96.5436,28.6519],[96.5342,28.6498],[96.5259,28.6435],[96.528,28.6203],[96.5107,28.6106],[96.5178,28.5936],[96.5154,28.5852],[96.5067,28.5809],[96.4911,28.5843],[96.4765,28.5735],[96.4818,28.559],[96.4801,28.5547],[96.4629,28.5457],[96.4668,28.5366],[96.4667,28.5244],[96.453,28.5233],[96.4386,28.5177],[96.4095,28.5244],[96.4099,28.5111],[96.4065,28.5059],[96.4108,28.5028],[96.4235,28.5114],[96.4306,28.5107],[96.4542,28.4864],[96.4627,28.4933],[96.4751,28.4948],[96.4798,28.4786],[96.4848,28.4741],[96.49,28.4602],[96.4919,28.4308],[96.5003,28.4301],[96.512,28.4522],[96.5092,28.4686],[96.5033,28.4796],[96.5059,28.4864],[96.4978,28.4938],[96.5057,28.5028],[96.5072,28.5211],[96.4963,28.5303],[96.4938,28.5424],[96.5191,28.5566],[96.5512,28.5618],[96.5603,28.5822],[96.5687,28.5835],[96.574,28.5906],[96.5913,28.5978],[96.5999,28.6047],[96.5991,28.6099],[96.615,28.6206],[96.6329,28.6231],[96.6467,28.6191],[96.6654,28.6005],[96.6881,28.5903],[96.703,28.5975],[96.7114,28.6114],[96.7183,28.6064],[96.7176,28.5912],[96.7224,28.5788],[96.7488,28.569],[96.7526,28.5603],[96.7608,28.554],[96.7608,28.5503],[96.751,28.5417],[96.7524,28.5308],[96.7608,28.5188],[96.789,28.5108],[96.8006,28.5039],[96.8065,28.5061],[96.82,28.504],[96.8486,28.4868],[96.8599,28.4834],[96.8633,28.4516],[96.8865,28.429],[96.8931,28.4187],[96.8908,28.4106],[96.8835,28.4027],[96.8878,28.3876],[96.9068,28.3773],[96.9129,28.3674],[96.9211,28.365],[96.9251,28.3526],[96.9549,28.346],[96.9608,28.3413],[96.833,28.3624],[96.9809,28.3377],[97.0754,28.3689],[97.1451,28.3403],[97.2793,28.2441],[97.2806,28.2457],[97.2895,28.2368],[97.3234,28.2195],[97.3103,28.1552],[97.3027,28.086],[97.3392,28.0309],[97.3436,27.9823],[97.3352,27.9377],[97.3062,27.9071],[97.2261,27.89],[97.1578,27.8369],[96.9628,27.6983],[96.8997,27.6438],[96.8769,27.5867],[96.8836,27.5148],[96.902,27.4396],[97.1037,27.1633],[97.1021,27.1154],[97.0381,27.1021],[96.9534,27.1333],[96.8803,27.1778],[96.7979,27.2962],[96.7316,27.3315],[96.6657,27.3393],[96.2742,27.2784],[96.1908,27.2613],[96.0614,27.2171],[95.9709,27.1281],[95.9053,27.0466],[95.8373,27.0138],[95.7384,26.9504],[95.4639,26.7561],[95.3051,26.6723],[95.2015,26.6414],[95.1287,26.5973],[95.0598,26.474],[95.0509,26.3473],[95.0689,26.1911],[95.1084,26.0914],[95.1293,26.0704],[95.1324,26.0413],[95.093,25.9873],[95.0407,25.9413],[95.0152,25.9129],[94.992,25.7705],[94.9457,25.7002],[94.8611,25.5972],[94.7858,25.5193],[94.6678,25.4589],[94.6229,25.41],[94.5799,25.3198],[94.5544,25.2435],[94.553,25.2157],[94.5665,25.1915],[94.6156,25.1646],[94.6753,25.1386],[94.7037,25.0979],[94.7076,25.0487],[94.6633,24.931],[94.5841,24.7672],[94.4932,24.6376],[94.3994,24.5141],[94.2931,24.3219],[94.1703,23.9727],[94.1276,23.8765],[94.0748,23.8721],[94.0108,23.9029],[93.8555,23.9439],[93.7559,23.9769],[93.6834,24.0065],[93.6333,24.0054],[93.5641,23.9861],[93.4938,23.9729],[93.4521,23.9874],[93.3556,24.0741],[93.3263,24.0642],[93.3073,24.0219],[93.3726,23.7742],[93.4149,23.6821],[93.4081,23.528],[93.3913,23.3392],[93.366,23.1325],[93.3494,23.085],[93.308,23.0304],[93.2535,23.0155],[93.2039,23.037],[93.1642,23.032],[93.151,22.9973],[93.1625,22.908],[93.1143,22.8057],[93.0787,22.7182],[93.0882,22.6333],[93.1051,22.5471],[93.162,22.3602],[93.1624,22.2919],[93.1512,22.2306],[93.1215,22.2052],[93.0706,22.2094],[93.043,22.184],[93.022,22.1457],[92.9646,22.0038],[92.9095,21.9889],[92.8543,22.0102],[92.7714,22.1048],[92.721,22.1324],[92.689,22.131],[92.6747,22.106],[92.6526,22.0493],[92.6304,22.0113],[92.5749,21.9781],[92.5612,22.048],[92.5318,22.4103],[92.5096,22.5257],[92.4914,22.6854],[92.4645,22.7344],[92.4305,22.8218],[92.3932,22.897],[92.3616,22.929],[92.3412,23.0698],[92.3338,23.2424],[92.3342,23.3238],[92.2894,23.4925],[92.2461,23.6836],[92.1871,23.6755],[92.1523,23.7219],[92.1271,23.721],[92.044,23.6778],[91.9785,23.692],[91.9296,23.686],[91.9295,23.5982],[91.9379,23.5047],[91.9191,23.471],[91.79,23.361],[91.7542,23.2873],[91.7579,23.2098],[91.7738,23.1061],[91.751,23.0535],[91.6949,23.0048],[91.6195,22.9797],[91.5535,22.9916],[91.5112,23.0337],[91.4714,23.1413],[91.4362,23.1999],[91.3994,23.2139],[91.3706,23.198],[91.3668,23.1305],[91.3687,23.0746],[91.3594,23.0684],[91.3389,23.077],[91.3152,23.1044],[91.2538,23.3736],[91.1655,23.5811],[91.1604,23.6606],[91.1925,23.7629],[91.232,23.9205],[91.3364,24.0188],[91.3502,24.0605],[91.3671,24.0935],[91.3927,24.1001],[91.5264,24.0908],[91.5714,24.1066],[91.6111,24.1528],[91.6688,24.1901],[91.7266,24.2051],[91.7725,24.2106],[91.8462,24.1753],[91.877,24.1953],[91.899,24.2607],[91.9311,24.3255],[91.9517,24.3567],[92.0011,24.3709],[92.0642,24.3744],[92.0851,24.3862],[92.102,24.4081],[92.1175,24.4939],[92.198,24.6857],[92.2267,24.771],[92.2306,24.7862],[92.2283,24.8813],[92.2513,24.8951],[92.385,24.8488],[92.4432,24.8494],[92.475,24.8685],[92.4854,24.9033],[92.4684,24.9441],[92.3734,25.0151],[92.2047,25.1109],[92.0497,25.1695],[91.7635,25.1606],[91.4797,25.1421],[91.3967,25.1516],[91.2932,25.178],[91.0383,25.1741],[90.7302,25.1595],[90.6131,25.1677],[90.5553,25.1666],[90.4394,25.1577],[90.2504,25.185],[90.1196,25.22],[90.0038,25.2584],[89.8663,25.2932],[89.8333,25.2928],[89.8141,25.3054],[89.8009,25.3361],[89.7963,25.3758],[89.8249,25.5602],[89.7996,25.8396],[89.8229,25.9414],[89.7099,26.1712],[89.6709,26.2138],[89.619,26.2157],[89.5857,26.186],[89.5728,26.1323],[89.5914,26.0724],[89.5499,26.0053],[89.4669,25.9835],[89.3697,26.0061],[89.2893,26.0376],[89.1864,26.106],[89.1083,26.2022],[89.102,26.3084],[89.0668,26.3769],[89.0187,26.4103],[88.9834,26.4195],[88.952,26.4121],[88.9241,26.3751],[88.9815,26.2861],[88.9704,26.2509],[88.9407,26.2454],[88.8965,26.2605],[88.828,26.2522],[88.7619,26.2794],[88.7222,26.2818],[88.6828,26.2917],[88.6807,26.353],[88.6201,26.4307],[88.5183,26.5178],[88.4182,26.5715],[88.3699,26.5641],[88.3459,26.5048],[88.3515,26.4826],[88.3862,26.4715],[88.4367,26.4371],[88.4479,26.401],[88.4404,26.3695],[88.378,26.312],[88.334,26.2575],[88.2352,26.1781],[88.1508,26.0872],[88.129,26.0182],[88.0974,25.9563],[88.0846,25.8882],[88.1066,25.8411],[88.1475,25.8114],[88.2529,25.7898],[88.3631,25.6982],[88.4523,25.5744],[88.5024,25.537],[88.5935,25.4953],[88.7691,25.4905],[88.7954,25.4563],[88.8203,25.3655],[88.8548,25.3335],[88.9441,25.2908],[88.9517,25.2593],[88.9298,25.223],[88.8901,25.1944],[88.8173,25.1762],[88.7476,25.1689],[88.6775,25.1805],[88.5738,25.1879],[88.4563,25.1884],[88.3729,24.9615],[88.3134,24.8818],[88.2795,24.8819],[88.1889,24.9206],[88.1498,24.9146],[88.0451,24.713],[88.0303,24.6645],[88.0234,24.6278],[88.0791,24.5499],[88.1455,24.4858],[88.225,24.4606],[88.2871,24.4797],[88.3375,24.4539],[88.397,24.3893],[88.4985,24.3466],[88.6423,24.326],[88.7235,24.2749],[88.7336,24.2309],[88.7138,24.0696],[88.6998,24.0025],[88.6226,23.8264],[88.5674,23.6744],[88.596,23.6022],[88.6164,23.5728],[88.6357,23.55],[88.6977,23.493],[88.7408,23.4366],[88.704,23.2928],[88.7244,23.255],[88.8076,23.2297],[88.8971,23.2104],[88.9281,23.1866],[88.8506,23.0405],[88.867,22.9389],[88.8997,22.8435],[88.927,22.6711],[88.9207,22.632],[88.9715,22.5109],[89.05,22.2746],[89.0559,22.1862],[89.0515,22.0932],[89.0279,21.9372],[88.9493,21.9379],[89.0196,21.8336],[89.042,21.7587],[89.0517,21.6541],[88.9671,21.6414],[88.9074,21.6531],[88.8575,21.7447],[88.8344,21.6614],[88.745,21.5844],[88.713,21.622],[88.6947,21.6624],[88.6912,21.7335],[88.7402,22.0054],[88.7303,22.0361],[88.7083,22.0562],[88.6596,22.0669],[88.6416,22.122],[88.5668,21.8321],[88.5998,21.7138],[88.5847,21.6597],[88.446,21.6143],[88.3055,21.7233],[88.2875,21.7582],[88.2792,21.6969],[88.2537,21.6223],[88.1221,21.6358],[88.0568,21.6941],[88.0994,21.7936],[88.1811,22.0329],[88.1963,22.1396],[88.0871,22.2177],[87.9944,22.2657],[87.9414,22.3743],[87.9616,22.255],[88.0107,22.2126],[88.083,22.1827],[88.1593,22.1217],[88.1041,22.0474],[88.0508,22.0011],[87.9484,21.8254],[87.8237,21.7273],[87.6782,21.6535],[87.2007,21.5449],[87.1007,21.5008],[86.9541,21.3653],[86.8596,21.2367],[86.8423,21.1063],[86.8958,20.9656],[86.9394,20.7451],[86.9755,20.7001],[86.9245,20.6198],[86.8359,20.5343],[86.7625,20.4191],[86.7692,20.3559],[86.7504,20.3132],[86.4987,20.1716],[86.4458,20.0889],[86.3766,20.0067],[86.2937,20.0538],[86.2452,20.053],[86.3119,19.9878],[86.3029,19.9447],[86.2795,19.9194],[86.2162,19.8958],[85.8529,19.7917],[85.575,19.6929],[85.4969,19.6969],[85.5111,19.7269],[85.5598,19.7535],[85.5551,19.8669],[85.5041,19.8877],[85.46,19.8959],[85.2486,19.7577],[85.1628,19.6209],[85.1808,19.5949],[85.2285,19.6013],[85.3709,19.6789],[85.4369,19.6569],[85.4416,19.6266],[85.2256,19.5084],[84.771,19.1254],[84.7498,19.0501],[84.6908,18.9647],[84.6094,18.8843],[84.4628,18.6897],[84.1817,18.4006],[84.1041,18.2927],[83.6543,18.0699],[83.5723,18.0036],[83.388,17.7867],[83.1983,17.609],[82.9769,17.4618],[82.5932,17.2739],[82.3596,17.0962],[82.2865,16.9781],[82.2819,16.9361],[82.3072,16.8786],[82.35,16.8252],[82.3598,16.7828],[82.3271,16.6644],[82.2588,16.5599],[82.1415,16.4854],[81.7619,16.3295],[81.4019,16.3652],[81.2861,16.3371],[81.2386,16.264],[81.1321,15.9618],[81.0301,15.8814],[80.9935,15.8087],[80.9787,15.7584],[80.9178,15.7597],[80.8647,15.7822],[80.826,15.7659],[80.7818,15.8673],[80.7078,15.8881],[80.6466,15.895],[80.3849,15.7928],[80.2935,15.7107],[80.1011,15.3236],[80.0534,15.074],[80.0986,14.7982],[80.1654,14.5778],[80.1787,14.4783],[80.1701,14.3494],[80.1362,14.2866],[80.1117,14.2122],[80.1437,14.0589],[80.2244,13.8582],[80.2441,13.7735],[80.2458,13.6858],[80.3065,13.4851],[80.2656,13.5213],[80.2334,13.6058],[80.1563,13.7138],[80.0621,13.6063],[80.1143,13.5287],[80.2903,13.4367],[80.3424,13.3613],[80.2291,12.6903],[80.1431,12.452],[80.0375,12.2958],[79.9817,12.2354],[79.8585,11.9888],[79.7714,11.6902],[79.7541,11.5753],[79.7934,11.4467],[79.7489,11.3706],[79.6932,11.3125],[79.799,11.3387],[79.8353,11.2688],[79.8486,11.1969],[79.8502,10.7688],[79.8382,10.3226],[79.7569,10.3043],[79.6674,10.2997],[79.5886,10.3124],[79.5316,10.3296],[79.3905,10.306],[79.3146,10.2567],[79.2536,10.1748],[79.2578,10.0352],[78.9963,9.6831],[78.9399,9.5658],[78.9191,9.4529],[78.9531,9.3938],[79.0199,9.3334],[79.107,9.3089],[79.2755,9.2846],[79.3563,9.2521],[79.4114,9.1924],[79.2129,9.256],[78.9796,9.2686],[78.4215,9.105],[78.2745,8.9902],[78.1925,8.8909],[78.136,8.6634],[78.1264,8.5113],[78.0602,8.3846],[77.7703,8.1898],[77.5872,8.1299],[77.5176,8.0783],[77.3015,8.1453],[77.0659,8.3159],[76.9669,8.4073],[76.6173,8.8471],[76.5534,8.9028],[76.4829,9.0908],[76.4718,9.1608],[76.4523,9.1888],[76.419,9.2078],[76.4031,9.2368],[76.3246,9.4521],[76.2924,9.6765],[76.2424,9.9271],[76.2847,9.9099],[76.3431,9.8273],[76.3723,9.7074],[76.3756,9.5399],[76.4195,9.5205],[76.4588,9.5362],[76.3465,9.9221],[76.2487,10.018],[76.2228,10.0243],[76.1956,10.0861],[76.1927,10.1638],[76.2015,10.2006],[76.1233,10.327],[76.0961,10.4022],[75.9226,10.7841],[75.8446,11.0576],[75.7238,11.3618],[75.6461,11.4684],[75.5245,11.7031],[75.4227,11.8122],[75.3146,11.9584],[75.2298,12.0233],[75.1967,12.0575],[74.9455,12.5646],[74.8683,12.8446],[74.8029,12.9769],[74.7705,13.0773],[74.6823,13.5069],[74.6816,13.5837],[74.6709,13.6676],[74.6085,13.8497],[74.4985,14.0463],[74.4667,14.1688],[74.467,14.2165],[74.3972,14.4074],[74.3822,14.4947],[74.3351,14.5754],[74.2804,14.6495],[74.223,14.7089],[74.0888,14.9022],[74.0406,14.9494],[73.9492,15.0748],[73.8843,15.3064],[73.8008,15.397],[73.9319,15.397],[73.852,15.4825],[73.8139,15.5386],[73.7718,15.573],[73.8328,15.6594],[73.7328,15.6569],[73.6799,15.7089],[73.6077,15.8711],[73.4761,16.0542],[73.4537,16.1521],[73.3376,16.4599],[73.2392,17.1985],[73.149,17.5274],[73.1561,17.6219],[73.0472,17.9067],[72.9939,18.0977],[72.9721,18.2593],[72.9432,18.3656],[72.9172,18.5761],[72.8755,18.6428],[72.8709,18.6831],[72.8987,18.779],[72.9769,18.9272],[73.0056,19.0211],[72.9721,19.1533],[72.9007,19.0145],[72.8347,18.9756],[72.803,19.0793],[72.8027,19.2188],[72.7945,19.2521],[72.8116,19.2989],[72.9872,19.2774],[72.7879,19.363],[72.764,19.4132],[72.7564,19.4505],[72.7994,19.5198],[72.7266,19.5783],[72.6975,19.7571],[72.676,19.7979],[72.6678,19.831],[72.709,20.078],[72.8812,20.5632],[72.8938,20.6728],[72.8789,20.8285],[72.8405,20.9525],[72.8243,21.0836],[72.8139,21.1172],[72.7516,21.1292],[72.6924,21.1776],[72.6238,21.372],[72.6865,21.4357],[72.7348,21.4708],[72.6684,21.4559],[72.6133,21.4618],[72.7176,21.5513],[72.8105,21.6199],[73.0225,21.6996],[73.1125,21.7504],[72.9791,21.7047],[72.8397,21.6873],[72.5431,21.6966],[72.5925,21.8776],[72.644,21.938],[72.7002,21.9719],[72.6175,21.9617],[72.5223,21.9762],[72.553,22.16],[72.6279,22.1996],[72.7088,22.2072],[72.8092,22.2333],[72.702,22.2636],[72.5901,22.2781],[72.456,22.2481],[72.3326,22.2702],[72.1828,22.2697],[72.2426,22.2452],[72.3064,22.1892],[72.2744,22.0897],[72.2443,22.0276],[72.1617,21.9848],[72.0944,21.92],[72.0756,21.863],[72.0372,21.823],[72.1029,21.7946],[72.1709,21.7743],[72.2104,21.7282],[72.2566,21.6612],[72.254,21.531],[72.0766,21.2241],[72.0152,21.1557],[71.5711,20.9706],[71.3965,20.8698],[71.0246,20.7389],[70.8797,20.7145],[70.7193,20.7404],[70.4851,20.8402],[70.1273,21.0947],[70.0344,21.1788],[69.7484,21.5057],[69.542,21.6786],[69.3854,21.8396],[69.1917,21.9915],[69.0088,22.1968],[68.9699,22.2903],[68.9835,22.3854],[69.0517,22.4373],[69.1313,22.4163],[69.1942,22.3361],[69.2389,22.3002],[69.2766,22.2855],[69.5492,22.4084],[69.6552,22.4035],[69.7275,22.4652],[69.819,22.4518],[70.0059,22.5477],[70.0842,22.5535],[70.1772,22.5728],[70.3277,22.8158],[70.4404,22.9703],[70.5135,23.0025],[70.5094,23.0401],[70.4893,23.0895],[70.4346,23.0771],[70.3963,23.0301],[70.368,22.9735],[70.3395,22.9397],[70.2512,22.9709],[70.1917,22.9657],[70.1183,22.947],[69.8498,22.8564],[69.7396,22.7752],[69.6646,22.7591],[69.2359,22.8485],[68.8171,23.0537],[68.6407,23.1899],[68.5292,23.3641],[68.4175,23.5715],[68.4538,23.6295],[68.6271,23.7542],[68.7768,23.8521],[68.6424,23.8085],[68.4969,23.748],[68.4249,23.7056],[68.3434,23.6168],[68.235,23.597],[68.192,23.7289],[68.165,23.8573]]]}},{"type":"Feature","properties":{"ISO_A2":"IS","NAME":"Iceland","CONTINENT":"Europe","REGION":"Europe"},"geometry":{"type":"Polygon","coordinates":[[[-15.5431,66.2285],[-15.2409,66.2591],[-14.8561,66.3814],[-14.5958,66.3815],[-14.9122,66.2843],[-15.1164,66.1024],[-14.894,66.0379],[-14.7404,66.0508],[-14.6982,66.0202],[-14.669,65.9599],[-14.6882,65.897],[-14.8393,65.7809],[-14.8271,65.7643],[-14.3918,65.7874],[-14.3182,65.6845],[-14.4734,65.5753],[-14.1669,65.6423],[-13.9354,65.6161],[-13.7853,65.533],[-13.6703,65.5495],[-13.6179,65.5193],[-13.6678,65.399],[-13.8048,65.3548],[-13.7229,65.291],[-13.6535,65.2895],[-13.6489,65.237],[-13.7549,65.1925],[-13.5808,65.143],[-13.5697,65.0681],[-13.6519,65.0168],[-13.854,64.9929],[-13.8278,64.958],[-13.8529,64.8622],[-14.0444,64.7419],[-14.1352,64.7148],[-14.3851,64.7452],[-14.3753,64.6774],[-14.4654,64.6357],[-14.417,64.5831],[-14.4326,64.5383],[-14.6282,64.416],[-15.0216,64.2959],[-15.2559,64.2969],[-15.8329,64.1767],[-16.0604,64.1112],[-16.4681,63.9164],[-16.6403,63.8655],[-17.8157,63.713],[-17.9148,63.6364],[-17.8864,63.6069],[-17.9469,63.5357],[-18.08,63.4963],[-18.2522,63.5297],[-18.2223,63.4732],[-18.6536,63.4067],[-19.2502,63.442],[-19.7783,63.5366],[-20.1981,63.5558],[-20.494,63.6874],[-20.47,63.7482],[-20.3717,63.7579],[-20.414,63.8052],[-20.6509,63.7374],[-20.7271,63.7658],[-20.7299,63.7934],[-20.8788,63.8039],[-21.1366,63.8879],[-21.1558,63.9068],[-21.094,63.9344],[-21.1524,63.9445],[-21.4486,63.8584],[-22.6522,63.8277],[-22.743,64.0194],[-22.7012,64.0832],[-22.5101,63.9915],[-22.1876,64.0392],[-22.0566,64.0713],[-21.8659,64.1803],[-21.6687,64.349],[-21.4633,64.3792],[-21.6467,64.3979],[-21.9512,64.3139],[-22.0534,64.3139],[-21.9013,64.3916],[-22.0007,64.4132],[-22.0038,64.4522],[-21.9503,64.515],[-21.5906,64.6264],[-21.675,64.6477],[-22.106,64.5331],[-22.2539,64.5719],[-22.3247,64.6244],[-22.2336,64.714],[-22.467,64.795],[-23.347,64.8244],[-23.819,64.7392],[-23.9328,64.7785],[-24.0262,64.8634],[-24.007,64.8964],[-23.9244,64.9152],[-23.3527,64.9528],[-23.198,65.0021],[-23.1088,64.9659],[-22.7881,65.0465],[-22.5997,65.0257],[-21.8921,65.0488],[-21.8004,65.1059],[-21.7637,65.1737],[-22.0993,65.1262],[-22.5091,65.1968],[-22.314,65.2916],[-21.907,65.3997],[-21.8444,65.4474],[-22.0058,65.4935],[-22.3115,65.4807],[-22.3897,65.5354],[-22.6436,65.5678],[-22.8126,65.5474],[-22.9025,65.5805],[-23.8999,65.4076],[-24.224,65.4872],[-24.4548,65.5003],[-24.4757,65.5252],[-24.3411,65.6012],[-24.2489,65.615],[-23.8567,65.5384],[-24.01,65.6162],[-24.0176,65.6909],[-24.1119,65.7597],[-24.0926,65.7765],[-23.9091,65.7656],[-23.6159,65.6796],[-23.2854,65.75],[-23.7047,65.7812],[-23.8326,65.8492],[-23.7413,65.8846],[-23.525,65.88],[-23.7773,66.0176],[-23.7372,66.0694],[-23.4345,66.0242],[-23.5936,66.0934],[-23.4525,66.181],[-23.3,66.1666],[-23.0625,66.0862],[-23.0173,66.0339],[-23.0289,65.9971],[-22.8522,65.9793],[-22.7233,66.039],[-22.6599,66.0259],[-22.6097,65.9765],[-22.6202,65.877],[-22.4417,65.9083],[-22.4332,66.0577],[-22.9479,66.2127],[-22.8616,66.2515],[-22.4844,66.2663],[-22.6461,66.3016],[-22.6862,66.3377],[-23.1169,66.3387],[-22.8892,66.4406],[-22.4261,66.4301],[-22.1702,66.3071],[-21.967,66.257],[-21.6253,66.0897],[-21.4069,66.0256],[-21.5166,65.9676],[-21.3088,65.8953],[-21.3749,65.7419],[-21.4566,65.6982],[-21.6584,65.7236],[-21.4663,65.6352],[-21.4336,65.6097],[-21.4551,65.5847],[-21.3647,65.5782],[-21.4322,65.4741],[-21.23,65.4206],[-21.1297,65.2666],[-20.9397,65.5652],[-20.8043,65.6364],[-20.679,65.6631],[-20.5481,65.5795],[-20.4548,65.571],[-20.3566,65.719],[-20.3566,66.0333],[-20.2921,66.0844],[-20.2075,66.1001],[-20.0261,66.0493],[-19.6479,65.8008],[-19.4897,65.7681],[-19.4339,65.8145],[-19.4562,65.9849],[-19.383,66.0757],[-18.8459,66.1839],[-18.7062,66.1357],[-18.4549,65.9646],[-18.277,65.8847],[-18.1419,65.7341],[-18.099,65.8303],[-18.3153,66.0932],[-18.2972,66.1574],[-17.907,66.1433],[-17.5504,65.9644],[-17.153,66.2028],[-16.838,66.1252],[-16.485,66.1959],[-16.4281,66.2784],[-16.5407,66.4467],[-16.4934,66.4812],[-16.2493,66.5229],[-15.9854,66.5146],[-15.7138,66.3586],[-15.7028,66.2857],[-15.5431,66.2285]]]}},{"type":"Feature","properties":{"ISO_A2":"HU","NAME":"Hungary","CONTINENT":"Europe","REGION":"Europe"},"geometry":{"type":"Polygon","coordinates":[[[22.1318,48.4053],[22.2537,48.4074],[22.3502,48.2561],[22.5201,48.2054],[22.5824,48.134],[22.7691,48.1096],[22.8572,48.0295],[22.8767,47.9473],[22.6084,47.7663],[22.4914,47.7726],[22.2906,47.7278],[21.9997,47.505],[21.9953,47.3957],[21.8693,47.3046],[21.7854,47.1381],[21.6614,47.0439],[21.6526,46.9638],[21.4944,46.7897],[21.4971,46.7043],[21.3202,46.6078],[21.2522,46.4864],[21.2646,46.4123],[21.1918,46.3916],[21.152,46.3043],[21.0398,46.2422],[20.837,46.2597],[20.7603,46.2462],[20.7074,46.1728],[20.6137,46.1335],[20.5081,46.1669],[20.2418,46.1086],[20.1614,46.1419],[19.6135,46.1692],[19.5308,46.1552],[19.4213,46.0645],[19.2781,46.0029],[19.1463,45.987],[19.0873,46.0162],[18.9278,45.9314],[18.666,45.9075],[18.5646,45.8133],[18.4373,45.7673],[17.9639,45.7703],[17.8071,45.7904],[17.6396,45.8684],[17.607,45.9138],[17.3106,45.9961],[17.2422,46.0766],[16.9399,46.2537],[16.8715,46.3393],[16.5162,46.4999],[16.3813,46.6387],[16.3846,46.6808],[16.3354,46.7216],[16.2836,46.8573],[16.0931,46.8633],[16.2525,46.9719],[16.4534,47.0068],[16.4927,47.1227],[16.4384,47.1459],[16.4169,47.2234],[16.4626,47.2731],[16.4429,47.3995],[16.623,47.4476],[16.6766,47.536],[16.6397,47.6089],[16.4213,47.6745],[16.5909,47.7505],[16.7859,47.6787],[17.0666,47.7076],[17.0301,47.8371],[17.0891,47.9636],[17.1474,48.006],[17.2772,48.0043],[17.7619,47.7702],[18.7242,47.7872],[18.778,47.8529],[18.7501,47.9395],[18.7919,48.0003],[18.9142,48.0508],[19.467,48.1107],[19.5643,48.2128],[19.6254,48.2231],[19.8986,48.1313],[19.9504,48.1466],[20.3338,48.2956],[20.49,48.5269],[20.8666,48.5457],[21.0673,48.5059],[21.4514,48.5522],[21.5632,48.4957],[21.7215,48.3466],[22.1318,48.4053]]]}},{"type":"Feature","properties":{"ISO_A2":"HN","NAME":"Honduras","CONTINENT":"North America","REGION":"Americas"},"geometry":{"type":"Polygon","coordinates":[[[-83.1575,14.9931],[-83.415,15.0081],[-83.5365,14.977],[-83.6355,14.8764],[-83.9723,14.7711],[-84.0658,14.7861],[-84.1508,14.7204],[-84.2392,14.7479],[-84.2666,14.6981],[-84.3937,14.6917],[-84.4536,14.6437],[-84.6459,14.6611],[-84.7892,14.7904],[-84.8604,14.8098],[-84.9852,14.7524],[-85.0374,14.6855],[-85.0365,14.6077],[-85.1613,14.5251],[-85.1915,14.4466],[-85.1795,14.3433],[-85.3738,14.2239],[-85.5798,14.0282],[-85.6819,13.9826],[-85.7534,13.8521],[-85.7867,13.8444],[-85.9838,13.9657],[-86.0404,14.0501],[-86.1512,13.9946],[-86.3317,13.7701],[-86.6103,13.7749],[-86.759,13.7461],[-86.7107,13.3134],[-86.7293,13.2844],[-86.8735,13.2665],[-86.9182,13.2236],[-86.9589,13.0537],[-87.0592,12.9915],[-87.3373,12.9792],[-87.3325,13.0847],[-87.4128,13.1274],[-87.4984,13.2749],[-87.4891,13.3529],[-87.6022,13.3856],[-87.7083,13.3601],[-87.8142,13.3992],[-87.737,13.4514],[-87.7316,13.4831],[-87.7819,13.5214],[-87.7153,13.8127],[-87.8022,13.89],[-87.991,13.8796],[-88.151,13.9874],[-88.4827,13.8542],[-88.5043,13.9642],[-88.7076,14.0321],[-89.1205,14.3702],[-89.3626,14.416],[-89.2867,14.53],[-89.1718,14.6069],[-89.1622,14.6692],[-89.2224,14.8661],[-89.1426,15.0723],[-88.9764,15.1427],[-88.2283,15.729],[-88.1311,15.701],[-87.875,15.8793],[-87.7019,15.9106],[-87.6182,15.9099],[-87.4869,15.7902],[-87.2859,15.8344],[-86.9072,15.7624],[-86.757,15.7942],[-86.3566,15.7832],[-86.1812,15.8852],[-85.9363,15.9534],[-85.9856,16.0242],[-85.784,16.0028],[-85.4837,15.8995],[-85.1637,15.9182],[-84.9737,15.9899],[-84.6461,15.8836],[-84.5597,15.802],[-84.4923,15.7939],[-84.426,15.8295],[-84.5196,15.8728],[-84.2614,15.8226],[-83.7653,15.4055],[-83.9728,15.5196],[-84.1113,15.4924],[-84.0951,15.4009],[-83.9274,15.394],[-83.7604,15.2204],[-83.5896,15.2658],[-83.4979,15.2221],[-83.5511,15.294],[-83.6761,15.3654],[-83.6464,15.3684],[-83.3692,15.24],[-83.2909,15.0789],[-83.1575,14.9931]]]}},{"type":"Feature","properties":{"ISO_A2":"HT","NAME":"Haiti","CONTINENT":"North America","REGION":"Americas"},"geometry":{"type":"Polygon","coordinates":[[[-71.7792,19.7182],[-71.7115,19.4866],[-71.7465,19.2858],[-71.6453,19.1635],[-71.8071,18.987],[-71.7336,18.8564],[-71.7432,18.7329],[-71.8665,18.6142],[-71.9869,18.6104],[-71.8726,18.4162],[-71.7619,18.3413],[-71.7373,18.2708],[-71.7683,18.0392],[-71.9461,18.1861],[-72.0599,18.2286],[-72.5036,18.2199],[-72.8767,18.1518],[-73.3852,18.2512],[-73.644,18.2291],[-73.7473,18.1902],[-73.8247,18.1218],[-73.8392,18.0582],[-73.885,18.0419],[-74.0854,18.2151],[-74.419,18.3462],[-74.46,18.3931],[-74.4781,18.45],[-74.3875,18.6247],[-74.2277,18.6627],[-73.8625,18.5754],[-73.687,18.5653],[-73.5916,18.5224],[-72.7894,18.4348],[-72.696,18.4682],[-72.6181,18.5508],[-72.3761,18.5745],[-72.3477,18.675],[-72.6491,18.8941],[-72.8111,19.0716],[-72.7412,19.1313],[-72.768,19.2406],[-72.7032,19.4411],[-73.0527,19.6107],[-73.3963,19.6587],[-73.4384,19.7221],[-73.4005,19.8074],[-73.3153,19.8546],[-72.8765,19.9281],[-72.637,19.9009],[-72.2198,19.7446],[-71.8347,19.6967],[-71.7792,19.7182]]]}},{"type":"Feature","properties":{"ISO_A2":"GY","NAME":"Guyana","CONTINENT":"South America","REGION":"Americas"},"geometry":{"type":"Polygon","coordinates":[[[-60.7421,5.2021],[-61.3908,5.9388],[-61.1287,6.2143],[-61.151,6.4465],[-61.2036,6.5884],[-61.1456,6.6945],[-60.938,6.7328],[-60.8733,6.7869],[-60.7179,6.7683],[-60.395,6.9454],[-60.3521,7.0029],[-60.3221,7.092],[-60.3451,7.15],[-60.5832,7.1562],[-60.6333,7.2111],[-60.6065,7.3209],[-60.7187,7.5359],[-60.6101,7.6483],[-60.5136,7.8132],[-60.3806,7.8276],[-60.1782,7.994],[-60.0324,8.0536],[-59.9648,8.1916],[-59.8491,8.2487],[-59.8316,8.306],[-60.0175,8.5493],[-59.8365,8.3738],[-59.7567,8.3395],[-59.7393,8.38],[-59.6661,8.3626],[-59.2002,8.0746],[-58.8116,7.7356],[-58.5111,7.398],[-58.4773,7.3258],[-58.4806,7.0381],[-58.5829,6.8437],[-58.6135,6.5025],[-58.6729,6.3908],[-58.594,6.4515],[-58.5695,6.6272],[-58.415,6.8512],[-58.2984,6.8793],[-57.9826,6.7859],[-57.6076,6.4504],[-57.5401,6.3315],[-57.3437,6.2721],[-57.2275,6.1784],[-57.1902,6.0973],[-57.1672,5.885],[-57.2053,5.5646],[-57.3186,5.3354],[-57.2796,5.2468],[-57.2073,5.2142],[-57.3096,5.1059],[-57.331,5.0202],[-57.7111,4.9911],[-57.8811,4.8806],[-57.917,4.8204],[-57.846,4.6682],[-57.9498,4.35],[-58.0545,4.1719],[-58.0543,4.1017],[-58.0322,4.002],[-57.9077,3.8567],[-57.8327,3.676],[-57.6495,3.5174],[-57.6467,3.3945],[-57.5496,3.3528],[-57.3037,3.3771],[-57.1974,2.8533],[-57.0969,2.7479],[-56.9315,2.3954],[-56.7043,2.0365],[-56.5627,2.0051],[-56.4828,1.9421],[-56.5636,1.9072],[-56.6165,1.9227],[-56.8367,1.8813],[-57.0101,1.9212],[-57.1189,2.014],[-57.3175,1.9635],[-57.4127,1.9089],[-57.5458,1.7261],[-57.9828,1.6484],[-58.0347,1.5203],[-58.1422,1.517],[-58.3407,1.5875],[-58.3958,1.4817],[-58.5061,1.4387],[-58.4869,1.3478],[-58.5119,1.2847],[-58.6846,1.2811],[-58.8218,1.2012],[-58.8625,1.2036],[-58.9685,1.3046],[-59.2312,1.376],[-59.5357,1.7],[-59.6666,1.7463],[-59.6685,1.8423],[-59.7562,1.9006],[-59.7552,2.2741],[-59.8896,2.3629],[-59.9943,2.69],[-59.9723,2.9905],[-59.8312,3.3492],[-59.8544,3.5875],[-59.679,3.6998],[-59.5511,3.9335],[-59.7386,4.2268],[-59.7033,4.3811],[-59.8333,4.4759],[-60.1486,4.5333],[-60.0318,4.7405],[-59.9907,5.0829],[-60.0781,5.144],[-60.142,5.2388],[-60.2416,5.258],[-60.3352,5.1993],[-60.4595,5.1881],[-60.6514,5.2211],[-60.7421,5.2021]]]}},{"type":"Feature","properties":{"ISO_A2":"GW","NAME":"Guinea-Bissau","CONTINENT":"Africa","REGION":"Africa"},"geometry":{"type":"Polygon","coordinates":[[[-16.7118,12.3548],[-16.5213,12.3486],[-16.1442,12.4574],[-15.8396,12.4379],[-15.5748,12.4904],[-15.1961,12.6799],[-13.7292,12.6739],[-13.7326,12.5928],[-13.6735,12.4785],[-13.7079,12.3127],[-13.7598,12.2624],[-13.8495,12.263],[-13.9473,12.2152],[-13.9489,12.1782],[-13.738,12.0097],[-13.7328,11.736],[-13.9532,11.6646],[-14.2656,11.6599],[-14.4524,11.5562],[-14.683,11.5085],[-14.7793,11.4055],[-14.9444,11.0722],[-15.043,10.9401],[-15.0937,11.011],[-15.0546,11.1419],[-15.0968,11.14],[-15.1811,11.0342],[-15.2221,11.0309],[-15.2167,11.1563],[-15.3175,11.152],[-15.3931,11.2172],[-15.3945,11.3345],[-15.3484,11.3781],[-15.4795,11.4103],[-15.4291,11.4989],[-15.2526,11.5733],[-15.0727,11.5978],[-15.1224,11.6616],[-15.2304,11.6868],[-15.413,11.6152],[-15.5019,11.7238],[-15.4672,11.8428],[-15.4157,11.8718],[-15.2108,11.8709],[-15.1017,11.914],[-15.0783,11.969],[-15.1881,11.9273],[-15.4348,11.9436],[-15.6507,11.8184],[-15.8194,11.7635],[-15.9417,11.7866],[-15.9202,11.9378],[-15.9588,11.9596],[-16.1384,11.9173],[-16.2743,11.9781],[-16.3281,12.0516],[-16.3188,12.1438],[-16.2446,12.2371],[-16.4368,12.2042],[-16.7118,12.3548]]]}},{"type":"Feature","properties":{"ISO_A2":"GN","NAME":"Guinea","CONTINENT":"Africa","REGION":"Africa"},"geometry":{"type":"Polygon","coordinates":[[[-10.2832,8.4852],[-10.3944,8.481],[-10.5577,8.3157],[-10.7121,8.3353],[-10.6285,8.53],[-10.5005,8.6875],[-10.6056,8.8676],[-10.616,9.0592],[-10.747,9.0953],[-10.6905,9.3143],[-11.2057,9.9777],[-11.9111,9.993],[-11.9228,9.9228],[-12.1423,9.8754],[-12.2777,9.9298],[-12.428,9.8981],[-12.5015,9.8622],[-12.5579,9.705],[-12.7559,9.3736],[-12.8311,9.3022],[-12.9588,9.2633],[-13.028,9.1036],[-13.1299,9.0476],[-13.2342,9.0701],[-13.2927,9.0492],[-13.2695,9.1706],[-13.3961,9.3143],[-13.4363,9.4203],[-13.5683,9.5434],[-13.6914,9.5358],[-13.6571,9.6391],[-13.6898,9.9278],[-13.7537,9.8703],[-13.8201,9.8872],[-13.9546,9.9687],[-14.0219,10.0479],[-14.045,10.1413],[-14.1704,10.1286],[-14.4269,10.2483],[-14.6096,10.5499],[-14.5935,10.7667],[-14.6773,10.689],[-14.7759,10.9316],[-14.8867,10.9681],[-14.9248,10.9449],[-14.975,10.8034],[-15.0512,10.8346],[-15.043,10.9401],[-14.9444,11.0722],[-14.7793,11.4055],[-14.683,11.5085],[-14.4524,11.5562],[-14.2656,11.6599],[-13.9532,11.6646],[-13.7328,11.736],[-13.738,12.0097],[-13.9489,12.1782],[-13.9473,12.2152],[-13.8495,12.263],[-13.7598,12.2624],[-13.7079,12.3127],[-13.6735,12.4785],[-13.7326,12.5928],[-13.7292,12.6739],[-13.0829,12.6335],[-13.0598,12.615],[-13.0613,12.49],[-13.0119,12.4776],[-12.9307,12.5323],[-12.7973,12.4519],[-12.4574,12.3784],[-12.3991,12.3401],[-12.2912,12.328],[-12.0424,12.398],[-11.8081,12.3873],[-11.5737,12.4263],[-11.3894,12.4044],[-11.5022,12.1986],[-11.3052,12.0154],[-11.2097,12.0249],[-11.0658,12.1708],[-11.0045,12.2075],[-10.9332,12.2052],[-10.7092,11.8987],[-10.619,11.9412],[-10.4658,12.1387],[-10.2749,12.2126],[-9.754,12.0299],[-9.7147,12.0425],[-9.6583,12.1431],[-9.4868,12.2287],[-9.3581,12.2554],[-9.3315,12.3237],[-9.3954,12.4646],[-9.2155,12.4829],[-9.0431,12.4023],[-8.8183,11.9225],[-8.822,11.6732],[-8.7114,11.6178],[-8.6649,11.515],[-8.3985,11.3666],[-8.4253,11.3047],[-8.5673,11.177],[-8.6667,11.0095],[-8.6062,10.987],[-8.4747,11.0484],[-8.3374,10.9906],[-8.3063,10.8961],[-8.3241,10.7495],[-8.2666,10.486],[-8.2315,10.438],[-8.0073,10.3219],[-7.9857,10.2784],[-7.9906,10.1625],[-8.1552,9.9732],[-8.137,9.4957],[-8.031,9.3977],[-7.8962,9.4159],[-7.9181,9.1885],[-7.778,9.0809],[-7.9382,8.9798],[-7.951,8.7868],[-7.784,8.7206],[-7.7196,8.643],[-7.6812,8.4104],[-7.6961,8.3756],[-7.739,8.3752],[-7.8236,8.4677],[-8.21,8.4833],[-8.237,8.4557],[-8.2561,8.2537],[-8.1406,8.1814],[-8.0486,8.1697],[-8.0099,8.0785],[-8.1269,7.8677],[-8.1154,7.7607],[-8.206,7.5902],[-8.2319,7.5567],[-8.43,7.6019],[-8.4864,7.5585],[-8.5644,7.6251],[-8.5789,7.6771],[-8.6598,7.6884],[-8.7083,7.6589],[-8.7402,7.4957],[-8.8896,7.2627],[-8.961,7.2746],[-9.1176,7.2159],[-9.2633,7.3777],[-9.4638,7.4159],[-9.384,7.5719],[-9.3691,7.7038],[-9.4464,7.9085],[-9.5183,8.3461],[-9.6636,8.4735],[-9.7169,8.4589],[-9.7683,8.5346],[-10.0644,8.4299],[-10.0977,8.5059],[-10.1474,8.5197],[-10.2832,8.4852]]]}},{"type":"Feature","properties":{"ISO_A2":"GT","NAME":"Guatemala","CONTINENT":"North America","REGION":"Americas"},"geometry":{"type":"Polygon","coordinates":[[[-92.2352,14.5454],[-92.1599,14.691],[-92.1864,14.8184],[-92.1585,14.9636],[-92.0748,15.0742],[-92.2043,15.2377],[-92.2042,15.275],[-91.7366,16.0702],[-90.4472,16.0727],[-90.4599,16.1624],[-90.417,16.391],[-90.6341,16.5107],[-90.7107,16.7081],[-90.9758,16.8678],[-91.4096,17.2559],[-90.993,17.2524],[-90.9892,17.8164],[-89.1615,17.8148],[-89.2375,15.8944],[-88.894,15.8906],[-88.6034,15.7642],[-88.5362,15.8496],[-88.5939,15.9503],[-88.2283,15.729],[-88.961,15.1524],[-89.1703,15.0399],[-89.2224,14.8661],[-89.1622,14.6692],[-89.1718,14.6069],[-89.2867,14.53],[-89.3626,14.416],[-89.4188,14.4311],[-89.5736,14.3901],[-89.5472,14.2413],[-89.6713,14.1827],[-89.7494,14.077],[-89.8727,14.0456],[-90.0481,13.9041],[-90.1047,13.8348],[-90.0952,13.7365],[-90.6069,13.929],[-91.146,13.9256],[-91.3773,13.9902],[-91.8191,14.2282],[-92.2352,14.5454]]]}},{"type":"Feature","properties":{"ISO_A2":"GD","NAME":"Grenada","CONTINENT":"North America","REGION":"Americas"},"geometry":{"type":"Polygon","coordinates":[[[-61.7155,12.0126],[-61.7822,12.0084],[-61.715,12.1852],[-61.6604,12.237],[-61.607,12.2233],[-61.6271,12.054],[-61.7155,12.0126]]]}},{"type":"Feature","properties":{"ISO_A2":"GR","NAME":"Greece","CONTINENT":"Europe","REGION":"Europe"},"geometry":{"type":"MultiPolygon","coordinates":[[[[23.8522,35.5354],[24.0133,35.5294],[24.0934,35.5938],[24.166,35.5952],[24.1978,35.5375],[24.109,35.4958],[24.1785,35.4595],[24.2554,35.4686],[24.2749,35.386],[24.354,35.3595],[24.7213,35.4248],[25.0031,35.4099],[25.1043,35.3469],[25.4757,35.3062],[25.7302,35.3486],[25.7559,35.3264],[25.745,35.1427],[25.7913,35.1229],[26.028,35.2153],[26.1679,35.2151],[26.3202,35.3151],[26.2443,35.0447],[26.1656,35.0186],[25.8297,35.0252],[24.7998,34.9345],[24.7452,34.9506],[24.7089,35.0891],[24.4637,35.1604],[23.8836,35.2461],[23.6381,35.2352],[23.5928,35.2572],[23.5476,35.4156],[23.5698,35.5348],[23.6087,35.5663],[23.6727,35.5139],[23.7154,35.5501],[23.7369,35.6555],[23.7934,35.5562],[23.8522,35.5354]]],[[[26.3209,41.7166],[26.5813,41.6013],[26.6249,41.4018],[26.6023,41.3541],[26.3307,41.2388],[26.3541,40.9971],[26.1092,40.7497],[26.039,40.7268],[26.0107,40.7691],[25.8557,40.8441],[25.4968,40.8878],[25.3253,40.9431],[25.2501,40.9328],[25.1045,40.9947],[24.793,40.8575],[24.4771,40.9478],[24.3838,40.9127],[24.2344,40.7861],[24.0823,40.7241],[23.7628,40.7478],[23.7433,40.677],[23.8789,40.5444],[23.8319,40.4815],[23.8668,40.4186],[24.0306,40.4093],[24.2128,40.3278],[24.3434,40.1477],[24.1588,40.28],[23.9132,40.3588],[23.8234,40.368],[23.7279,40.3297],[23.7205,40.2863],[23.9675,40.1146],[24.0008,40.0246],[23.9471,39.9656],[23.8354,40.0223],[23.6646,40.2238],[23.4263,40.264],[23.3864,40.222],[23.4332,40.1154],[23.6741,39.9589],[23.6273,39.9241],[23.3956,39.9898],[23.3282,40.0899],[23.312,40.2165],[22.8965,40.3999],[22.8514,40.4906],[22.9223,40.5909],[22.8114,40.5786],[22.6295,40.4956],[22.6427,40.3666],[22.5693,40.1193],[22.5922,40.0369],[22.8357,39.8006],[22.9788,39.5638],[23.1034,39.492],[23.2334,39.3584],[23.3277,39.1749],[23.2184,39.1044],[23.1547,39.1015],[23.1194,39.1328],[23.1688,39.2104],[23.1617,39.2578],[22.9929,39.3311],[22.9214,39.3063],[22.839,39.2586],[22.886,39.17],[22.9655,39.0309],[23.0667,39.0379],[22.8026,38.9016],[22.5691,38.8675],[23.0203,38.7419],[23.1377,38.668],[23.2529,38.6612],[23.3689,38.5255],[23.5696,38.4894],[23.684,38.3524],[23.967,38.275],[24.0245,38.1398],[24.0554,37.7096],[23.9716,37.6768],[23.5805,38.0105],[23.5018,38.0349],[23.4202,37.9921],[23.1937,37.959],[23.0363,37.8784],[23.1472,37.7953],[23.1472,37.7163],[23.1976,37.6202],[23.3962,37.5798],[23.4893,37.4402],[23.1615,37.3338],[23.1,37.3638],[23.0965,37.4406],[23.0151,37.4818],[22.775,37.5851],[22.7254,37.5421],[22.765,37.3933],[22.8511,37.2908],[23.0604,36.8535],[23.0735,36.775],[23.041,36.6445],[23.1602,36.4481],[22.9829,36.5284],[22.8323,36.6871],[22.7799,36.7862],[22.7172,36.7939],[22.6084,36.7797],[22.4891,36.5682],[22.4895,36.4469],[22.4277,36.4758],[22.3748,36.5136],[22.376,36.7019],[22.2312,36.8826],[22.1647,36.9028],[22.0805,37.029],[21.9556,36.9901],[21.9343,36.8037],[21.8924,36.7373],[21.7381,36.8632],[21.5829,37.081],[21.5788,37.2004],[21.6925,37.3093],[21.6789,37.3872],[21.5713,37.541],[21.3293,37.6693],[21.2885,37.7745],[21.138,37.8541],[21.1247,37.8916],[21.3081,38.0274],[21.4037,38.1967],[21.6584,38.1751],[21.8247,38.3281],[21.9533,38.3212],[22.2438,38.1887],[22.5559,38.1132],[22.7996,37.9812],[22.9203,37.9583],[22.8932,38.0509],[23.1221,38.0733],[23.1835,38.1337],[23.0936,38.1964],[22.8344,38.2347],[22.4217,38.4385],[22.3199,38.3568],[21.9653,38.4125],[21.4726,38.3214],[21.3311,38.4873],[21.3033,38.3739],[21.1826,38.3456],[21.1132,38.3847],[20.9922,38.654],[20.8732,38.7757],[20.7769,38.8075],[20.7686,38.8744],[20.7773,38.9279],[20.8932,38.9411],[21.1116,38.8963],[21.1523,38.9221],[21.1184,39.03],[20.7797,39.0085],[20.7134,39.0352],[20.4683,39.2553],[20.3008,39.3271],[20.1914,39.5458],[20.0013,39.7094],[20.1311,39.6616],[20.2482,39.6784],[20.2938,39.7822],[20.3824,39.8026],[20.3111,39.9794],[20.408,40.0495],[20.6063,40.0827],[20.6574,40.1174],[20.8061,40.4455],[20.9502,40.4944],[21.0309,40.6225],[20.9558,40.7753],[20.9643,40.8499],[21.3237,40.8671],[21.4041,40.9072],[21.5758,40.8689],[21.7795,40.9504],[21.9295,41.1074],[21.9934,41.131],[22.1845,41.1586],[22.4936,41.1185],[22.7248,41.1785],[22.7839,41.332],[23.156,41.3221],[23.2398,41.385],[23.6352,41.3868],[23.8809,41.456],[24.0113,41.4601],[24.0561,41.5272],[24.3867,41.5235],[24.5183,41.5525],[24.596,41.4427],[24.7737,41.3561],[24.8469,41.3942],[24.9936,41.365],[25.2512,41.2436],[25.785,41.3304],[25.9233,41.3119],[26.1354,41.3857],[26.1436,41.5215],[26.066,41.6732],[26.0855,41.7042],[26.2006,41.7438],[26.3209,41.7166]]]]}},{"type":"Feature","properties":{"ISO_A2":"GH","NAME":"Ghana","CONTINENT":"Africa","REGION":"Africa"},"geometry":{"type":"Polygon","coordinates":[[[-0.0686,11.1156],[0.0094,11.021],[-0.0863,10.673],[0.216,10.3905],[0.3809,10.2918],[0.3239,9.6876],[0.2646,9.6447],[0.3426,9.6042],[0.2755,9.5706],[0.2334,9.4635],[0.26,9.426],[0.4053,9.4915],[0.5257,9.3985],[0.4661,9.1153],[0.4888,8.8515],[0.3726,8.7593],[0.4153,8.6527],[0.6162,8.4796],[0.6863,8.3549],[0.6881,8.3042],[0.5992,8.2096],[0.5836,8.1458],[0.6052,7.7282],[0.5,7.5469],[0.5096,7.4351],[0.6348,7.3537],[0.5925,7.034],[0.523,6.9389],[0.5256,6.8509],[0.7022,6.5808],[0.7369,6.4526],[0.9122,6.3286],[0.985,6.3203],[1.0499,6.2026],[1.1851,6.145],[1.1872,6.0894],[1.0503,5.994],[0.9497,5.8103],[0.7488,5.7601],[0.2597,5.7573],[-0.1265,5.5682],[-0.3487,5.5008],[-0.7977,5.2267],[-1.0643,5.1827],[-1.5017,5.038],[-2.0019,4.7625],[-2.0902,4.7641],[-2.3989,4.9293],[-3.114,5.0887],[-3.0867,5.1283],[-2.9483,5.1188],[-2.8157,5.153],[-2.755,5.4325],[-2.7937,5.6001],[-2.9623,5.643],[-2.9983,5.7113],[-3.224,6.4411],[-3.2358,6.8072],[-2.9858,7.2049],[-2.9591,7.4545],[-2.7897,7.9319],[-2.6134,8.0467],[-2.6117,8.1476],[-2.5059,8.2087],[-2.6004,8.8004],[-2.6899,9.0251],[-2.7469,9.0451],[-2.6742,9.2826],[-2.7018,9.3017],[-2.7062,9.5339],[-2.7805,9.7459],[-2.7498,9.7972],[-2.7885,10.1926],[-2.7665,10.2382],[-2.8203,10.3229],[-2.7912,10.4324],[-2.8372,10.4546],[-2.9149,10.5923],[-2.9073,10.728],[-2.8299,10.9984],[-1.0425,11.0101],[-0.7014,10.989],[-0.6271,10.9274],[-0.4917,11.0076],[-0.4303,11.0933],[-0.3458,11.0879],[-0.2995,11.1669],[-0.0686,11.1156]]]}},{"type":"Feature","properties":{"ISO_A2":"DE","NAME":"Germany","CONTINENT":"Europe","REGION":"Europe"},"geometry":{"type":"Polygon","coordinates":[[[9.524,47.5242],[9.1828,47.6707],[8.8812,47.6564],[8.8312,47.7036],[8.7283,47.7],[8.5727,47.7756],[8.4357,47.7313],[8.4034,47.6878],[8.4133,47.6627],[8.5705,47.6378],[8.4301,47.5921],[8.1982,47.6069],[7.9271,47.5639],[7.698,47.5699],[7.5654,47.6065],[7.5294,47.6739],[7.5386,47.7736],[7.5933,47.9057],[7.6085,48.0026],[7.5842,48.0643],[7.6166,48.1568],[7.7057,48.28],[7.838,48.636],[8.1403,48.8864],[8.1349,48.9736],[7.6109,49.0618],[7.5255,49.0864],[7.4506,49.1522],[7.0367,49.1127],[7.0015,49.1799],[6.8912,49.2075],[6.7354,49.1606],[6.5343,49.3947],[6.4581,49.4429],[6.3443,49.4527],[6.3783,49.5996],[6.4848,49.7078],[6.4873,49.7985],[6.2561,49.8722],[6.1382,49.9743],[6.1083,50.0942],[6.1751,50.2327],[6.3645,50.3162],[6.3409,50.4518],[6.1787,50.5225],[6.1685,50.5454],[6.2359,50.5967],[5.9939,50.7504],[6.0484,50.9049],[5.8575,51.0301],[5.9393,51.0408],[6.13,51.1474],[6.0824,51.18],[6.0759,51.2241],[6.1988,51.45],[6.0894,51.6378],[5.9485,51.7624],[5.9487,51.8027],[6.1665,51.8808],[6.3557,51.8247],[6.7418,51.9109],[6.8004,51.9674],[6.7156,52.0362],[6.7245,52.0802],[6.9772,52.2055],[7.0196,52.266],[7.0352,52.3802],[7.0019,52.419],[6.7488,52.464],[6.6916,52.5302],[6.7107,52.6179],[6.7484,52.6341],[7.0132,52.6335],[7.1171,52.887],[7.1795,52.9662],[7.1973,53.2823],[7.0533,53.3758],[7.1071,53.557],[7.2064,53.6545],[7.6292,53.6973],[8.0093,53.6907],[8.1671,53.5434],[8.1085,53.4677],[8.2452,53.4453],[8.3339,53.6062],[8.4927,53.5144],[8.4952,53.3942],[8.5385,53.5569],[8.5063,53.6708],[8.5284,53.7811],[8.6189,53.875],[8.8978,53.8357],[9.2056,53.856],[9.322,53.8135],[9.5854,53.6005],[9.784,53.5546],[9.6313,53.6002],[9.312,53.8591],[8.9781,53.9262],[8.9035,54.0003],[8.9066,54.2608],[8.7804,54.313],[8.6449,54.295],[8.6258,54.354],[8.648,54.3977],[8.9519,54.4676],[8.9572,54.5383],[8.6823,54.7918],[8.6703,54.9034],[8.9029,54.8969],[9.255,54.808],[9.6158,54.8554],[9.8923,54.7806],[10.0222,54.6739],[10.0288,54.5813],[9.8687,54.4725],[10.1435,54.4884],[10.2124,54.4089],[10.3604,54.4383],[10.7315,54.3163],[11.0134,54.3792],[11.0644,54.2805],[11.0086,54.1812],[10.8107,54.0751],[10.8546,54.0098],[10.9178,53.9953],[11.1043,54.0092],[11.3996,53.9446],[11.7963,54.1455],[12.1113,54.1683],[12.5754,54.4674],[13.0286,54.411],[13.1475,54.2827],[13.448,54.1409],[13.7242,54.1532],[13.8223,54.019],[13.8655,53.8534],[14.025,53.7674],[14.25,53.7319],[14.2661,53.7071],[14.4146,53.2835],[14.4123,53.2167],[14.3686,53.1056],[14.1389,52.9329],[14.1286,52.8782],[14.5141,52.6456],[14.6194,52.5285],[14.5546,52.3597],[14.6156,52.2776],[14.6799,52.25],[14.7046,52.1102],[14.7525,52.0818],[14.6749,51.9048],[14.6017,51.8324],[14.7249,51.6617],[14.7247,51.5239],[14.9355,51.4354],[15.0166,51.2527],[14.9639,51.0951],[14.7665,50.8183],[14.6136,50.8556],[14.6238,50.9147],[14.5457,50.9939],[14.3197,51.0378],[14.2559,51.0019],[14.3771,50.9141],[13.8985,50.7613],[13.5567,50.7046],[13.4361,50.6011],[13.3746,50.6217],[13.2377,50.5768],[13.1812,50.5105],[13.0164,50.4904],[12.9427,50.4064],[12.7654,50.431],[12.549,50.3934],[12.4526,50.3498],[12.2773,50.1814],[12.1349,50.3109],[12.0992,50.311],[12.0897,50.2686],[12.2078,50.0975],[12.512,49.8958],[12.3905,49.7396],[12.632,49.4612],[12.8134,49.3293],[12.9167,49.3305],[13.1405,49.1584],[13.2888,49.0975],[13.4012,48.9776],[13.5477,48.9597],[13.7699,48.816],[13.8147,48.7669],[13.7854,48.5875],[13.6922,48.5328],[13.4866,48.5818],[13.3746,48.3614],[12.8975,48.2037],[12.7604,48.107],[12.7601,48.076],[12.9535,47.8906],[12.9542,47.8078],[12.8977,47.7219],[13.0336,47.6987],[13.0541,47.6551],[13.0144,47.4781],[12.8094,47.5422],[12.7714,47.6394],[12.6858,47.6693],[12.4829,47.6373],[12.2093,47.7183],[12.1856,47.6195],[11.7168,47.5835],[11.393,47.4872],[11.2979,47.4249],[11.042,47.3931],[10.9809,47.3981],[10.8706,47.5008],[10.6587,47.5472],[10.4395,47.5516],[10.3691,47.3661],[10.3128,47.3134],[10.183,47.2788],[10.2003,47.3634],[10.0663,47.3934],[10.0599,47.4491],[9.9716,47.5053],[9.7489,47.5755],[9.6506,47.5259],[9.524,47.5242]]]}},{"type":"Feature","properties":{"ISO_A2":"GE","NAME":"Georgia","CONTINENT":"Asia","REGION":"Asia"},"geometry":{"type":"Polygon","coordinates":[[[43.4395,41.1071],[43.4023,41.1766],[43.2055,41.1992],[43.1528,41.2364],[43.141,41.2648],[43.1713,41.2879],[43.149,41.3071],[42.8217,41.4924],[42.7541,41.5789],[42.6068,41.5788],[42.4664,41.4398],[42.2111,41.4867],[41.9258,41.4957],[41.8235,41.4324],[41.5101,41.5175],[41.7018,41.7054],[41.7588,41.8171],[41.763,41.97],[41.6633,42.1469],[41.4888,42.6593],[41.4194,42.7376],[41.1287,42.8281],[41.0616,42.9309],[40.8366,43.0635],[40.4621,43.1457],[39.9783,43.4198],[40.0846,43.5531],[40.1502,43.5698],[40.5189,43.512],[40.648,43.5339],[41.0831,43.3745],[41.3582,43.3334],[41.5806,43.2192],[42.05,43.1901],[42.419,43.2242],[42.566,43.1551],[42.7606,43.1696],[42.9916,43.0915],[43.0002,43.0497],[43.0892,42.9891],[43.7826,42.747],[43.7954,42.703],[43.7384,42.617],[43.826,42.5715],[43.9574,42.5666],[44.5059,42.7486],[44.6443,42.7347],[44.7711,42.6168],[44.871,42.7564],[45.1603,42.675],[45.3438,42.5298],[45.6556,42.5177],[45.7275,42.475],[45.6386,42.2051],[45.954,42.0354],[46.2127,41.9899],[46.4299,41.891],[46.3025,41.7571],[46.2019,41.7369],[46.1905,41.6249],[46.2547,41.6021],[46.3055,41.5077],[46.6189,41.3438],[46.6726,41.2868],[46.6264,41.1597],[46.4579,41.0702],[46.1707,41.1979],[46.0313,41.1673],[45.7928,41.2244],[45.6957,41.289],[45.7156,41.3376],[45.281,41.4496],[44.9759,41.2775],[44.8113,41.2594],[44.8485,41.2202],[44.473,41.191],[44.2273,41.2133],[43.7932,41.1311],[43.4395,41.1071]]]}},{"type":"Feature","properties":{"ISO_A2":"GM","NAME":"Gambia","CONTINENT":"Africa","REGION":"Africa"},"geometry":{"type":"Polygon","coordinates":[[[-16.5623,13.5873],[-15.5097,13.5862],[-15.4269,13.727],[-15.1083,13.8121],[-14.9358,13.7852],[-14.766,13.6691],[-14.5708,13.6162],[-14.4055,13.5037],[-14.3255,13.4886],[-13.9774,13.5435],[-13.8528,13.4786],[-13.8267,13.4078],[-13.8475,13.3353],[-14.2468,13.2358],[-14.4386,13.2689],[-15.1511,13.5565],[-15.2862,13.396],[-15.8144,13.3251],[-15.8343,13.1564],[-16.6488,13.1542],[-16.7633,13.0642],[-16.8248,13.3411],[-16.6693,13.475],[-16.6148,13.4353],[-16.5564,13.3032],[-16.4134,13.2697],[-16.1851,13.2827],[-16.1584,13.384],[-15.4275,13.4684],[-15.5695,13.4999],[-16.1354,13.4482],[-16.3518,13.3434],[-16.4405,13.3532],[-16.5301,13.458],[-16.5623,13.5873]]]}},{"type":"Feature","properties":{"ISO_A2":"GA","NAME":"Gabon","CONTINENT":"Africa","REGION":"Africa"},"geometry":{"type":"Polygon","coordinates":[[[13.2936,2.1616],[13.1722,1.7886],[13.1627,1.6481],[13.2474,1.3667],[13.1901,1.2792],[13.2163,1.2484],[13.2741,1.241],[13.8514,1.4188],[14.1809,1.3702],[14.2397,1.3226],[14.303,1.1208],[14.4299,0.9015],[14.4345,0.8115],[14.3242,0.6242],[14.231,0.5511],[14.0875,0.5366],[13.9496,0.3538],[13.8846,0.1908],[13.8601,-0.2033],[13.898,-0.2426],[14.0694,-0.2701],[14.2067,-0.4273],[14.3638,-0.4686],[14.4741,-0.5734],[14.4106,-0.9721],[14.4556,-1.4132],[14.4473,-1.5251],[14.4029,-1.5934],[14.4232,-1.7115],[14.384,-1.89],[14.2515,-2.0015],[14.2018,-2.1799],[14.1629,-2.2176],[14.1998,-2.3542],[14.0874,-2.4669],[13.9938,-2.4906],[13.8869,-2.4654],[13.8618,-2.4299],[13.8785,-2.3302],[13.7844,-2.1638],[13.7338,-2.1385],[13.6186,-2.2786],[13.4649,-2.3954],[13.3573,-2.4048],[12.992,-2.3134],[12.7936,-1.9318],[12.5904,-1.8269],[12.4321,-1.9289],[12.4785,-2.112],[12.4464,-2.33],[12.0645,-2.4126],[11.9503,-2.3448],[11.7268,-2.3947],[11.6055,-2.3426],[11.5752,-2.3971],[11.5945,-2.671],[11.5378,-2.8367],[11.6391,-2.8554],[11.7602,-2.9831],[11.6891,-3.127],[11.7154,-3.177],[11.9342,-3.3186],[11.8329,-3.5314],[11.8799,-3.6659],[11.8491,-3.6967],[11.6857,-3.682],[11.5043,-3.5203],[11.2345,-3.6908],[11.1302,-3.9163],[11.032,-3.8265],[10.9473,-3.6621],[10.6407,-3.398],[10.5854,-3.278],[10.3477,-3.0131],[10.0062,-2.7483],[9.7221,-2.4676],[10.002,-2.5884],[10.062,-2.5499],[9.8608,-2.4426],[9.6764,-2.4156],[9.6246,-2.3671],[9.5332,-2.1639],[9.2989,-1.903],[9.3425,-1.8937],[9.4828,-1.9623],[9.4832,-1.8946],[9.2656,-1.8251],[9.2584,-1.7263],[9.0363,-1.3089],[9.3188,-1.632],[9.5233,-1.5983],[9.5011,-1.5552],[9.4483,-1.5089],[9.3307,-1.5346],[9.2958,-1.5152],[9.2802,-1.4819],[9.3467,-1.325],[9.2038,-1.3824],[9.0646,-1.2983],[8.8442,-0.9136],[8.7031,-0.591],[8.7572,-0.6149],[8.8214,-0.7084],[8.9464,-0.6888],[8.9952,-0.6347],[9.0815,-0.6243],[9.1365,-0.5733],[9.2967,-0.3513],[9.3391,-0.0583],[9.3019,0.2885],[9.3549,0.3436],[9.4111,0.2004],[9.4682,0.1598],[9.5743,0.1489],[9.7968,0.0442],[9.8127,0.1256],[10.0015,0.195],[9.9444,0.2199],[9.7767,0.1925],[9.5465,0.2959],[9.3248,0.5521],[9.33,0.6108],[9.4953,0.6648],[9.539,0.6587],[9.5566,0.5942],[9.6011,0.5677],[9.6259,0.7794],[9.5754,0.9913],[9.5908,1.032],[9.6765,1.0747],[9.7605,1.0747],[9.8039,0.9987],[9.9067,0.9601],[10.0285,1.004],[11.3354,0.9997],[11.3484,2.2997],[13.2203,2.2564],[13.2936,2.1616]]]}},{"type":"Feature","properties":{"ISO_A2":"FR","NAME":"France","CONTINENT":"Europe","REGION":"Europe"},"geometry":{"type":"MultiPolygon","coordinates":[[[[7.6156,47.5927],[7.4949,47.5474],[7.42,47.4552],[7.3432,47.4331],[7.2031,47.4327],[7.136,47.4898],[6.9684,47.4532],[6.9004,47.3942],[7.0006,47.3395],[6.9521,47.2672],[6.6669,47.0265],[6.4563,46.9483],[6.4102,46.7554],[6.1607,46.611],[6.068,46.4585],[6.0603,46.4282],[6.1232,46.3786],[6.0959,46.2794],[5.97,46.2147],[5.9715,46.1512],[6.0066,46.1423],[6.1994,46.1931],[6.2729,46.2522],[6.2347,46.3326],[6.4289,46.4305],[6.7761,46.4066],[6.8168,46.2752],[6.7721,46.1651],[7.0211,45.9258],[6.8045,45.8146],[6.7909,45.7409],[7.0137,45.5005],[7.1534,45.4009],[7.0783,45.2399],[6.8423,45.1356],[6.6923,45.1443],[6.6277,45.118],[6.6348,45.0682],[6.6914,45.0226],[6.7382,44.9214],[6.9927,44.8273],[7.0307,44.7167],[6.9604,44.6771],[6.843,44.5107],[6.8938,44.4282],[6.8748,44.392],[6.9002,44.3357],[6.9673,44.28],[7.3186,44.138],[7.6372,44.1648],[7.6771,44.0832],[7.482,43.8649],[7.4932,43.7671],[7.395,43.7653],[7.3777,43.7317],[7.1814,43.6591],[6.8647,43.4383],[6.7166,43.3736],[6.6572,43.2617],[6.5702,43.1991],[6.1159,43.0724],[6.0306,43.101],[5.8095,43.0979],[5.6716,43.1778],[5.4065,43.2285],[5.3202,43.3449],[5.0731,43.3666],[5.0598,43.4445],[4.7121,43.3733],[4.2242,43.4796],[4.0526,43.5931],[3.9108,43.5631],[3.7848,43.4616],[3.2589,43.1932],[3.0518,42.9151],[3.0909,42.5909],[3.2114,42.4312],[2.8914,42.4561],[2.7019,42.4085],[2.6517,42.3405],[2.2004,42.4209],[2.0327,42.3535],[1.9865,42.3585],[1.9279,42.4263],[1.7061,42.5033],[1.7402,42.5567],[1.7099,42.6044],[1.5014,42.6427],[1.4283,42.5959],[1.3494,42.6907],[0.7645,42.838],[0.6698,42.8357],[0.642,42.7006],[0.2555,42.6929],[0.2014,42.7193],[-0.0412,42.6891],[-0.2993,42.8253],[-0.5864,42.799],[-0.7626,42.9398],[-0.9338,42.9495],[-1.2854,43.0596],[-1.3188,43.097],[-1.3705,43.0376],[-1.4608,43.0518],[-1.4805,43.0711],[-1.4226,43.1491],[-1.4107,43.2401],[-1.7128,43.307],[-1.7927,43.3726],[-1.794,43.4073],[-1.6314,43.438],[-1.4849,43.5638],[-1.346,44.0202],[-1.2455,44.5599],[-1.1708,44.6618],[-1.077,44.6898],[-1.1529,44.764],[-1.2452,44.6667],[-1.1891,45.1615],[-1.081,45.5324],[-0.8263,45.3807],[-0.7667,45.3144],[-0.6911,45.0935],[-0.5485,45.0006],[-0.6411,45.0902],[-0.7331,45.3846],[-0.7908,45.468],[-1.196,45.7145],[-1.21,45.7709],[-1.0317,45.7411],[-1.1044,45.9253],[-1.1463,46.3114],[-1.3925,46.3501],[-1.7865,46.5148],[-2.0594,46.8103],[-2.0903,46.9205],[-2.0189,47.0376],[-2.0819,47.1116],[-2.1971,47.1629],[-2.1083,47.2629],[-2.0276,47.2736],[-1.7425,47.216],[-1.9754,47.3107],[-2.353,47.2788],[-2.5031,47.3121],[-2.53,47.3816],[-2.4277,47.4709],[-2.5541,47.5271],[-2.7703,47.5139],[-2.7968,47.5373],[-2.7331,47.6018],[-2.7872,47.6255],[-2.9641,47.6011],[-3.0642,47.6213],[-3.1588,47.6947],[-3.4439,47.711],[-3.5078,47.7531],[-3.9009,47.8375],[-4.3121,47.8229],[-4.428,47.9689],[-4.6788,48.0395],[-4.6292,48.0858],[-4.3778,48.1288],[-4.3294,48.17],[-4.5122,48.2297],[-4.5771,48.29],[-4.2414,48.3037],[-4.3932,48.3676],[-4.7194,48.3631],[-4.7625,48.4502],[-4.7208,48.5399],[-4.5312,48.62],[-4.0589,48.7075],[-3.7148,48.7105],[-3.4715,48.8129],[-3.2314,48.8408],[-3.0032,48.7907],[-2.6923,48.5368],[-2.4462,48.6483],[-2.0794,48.645],[-2.0037,48.5821],[-1.9057,48.6971],[-1.8247,48.6305],[-1.3765,48.6526],[-1.4805,48.6976],[-1.5655,48.8055],[-1.5831,49.2024],[-1.8134,49.4901],[-1.8701,49.5951],[-1.8564,49.6838],[-1.5882,49.6677],[-1.3657,49.7073],[-1.2586,49.6802],[-1.2323,49.4949],[-1.1385,49.3879],[-0.5209,49.3545],[-0.1635,49.2968],[0.1361,49.4015],[0.4169,49.4484],[0.4393,49.4732],[0.2776,49.4633],[0.1294,49.5084],[0.1094,49.5575],[0.1867,49.703],[0.6162,49.8629],[1.2455,49.9982],[1.4072,50.0885],[1.5928,50.2522],[1.5516,50.2939],[1.5795,50.7393],[1.6723,50.885],[1.9125,50.9906],[2.5249,51.0971],[2.6015,50.9553],[2.5968,50.8759],[2.7594,50.7506],[2.8397,50.7118],[3.1068,50.7794],[3.235,50.6629],[3.2733,50.5315],[3.5954,50.4773],[3.6894,50.3061],[3.748,50.3435],[3.9497,50.3359],[4.0441,50.3213],[4.1746,50.2465],[4.1353,50.1438],[4.1922,50.0941],[4.1368,50],[4.1761,49.9603],[4.545,49.9603],[4.6562,50.0024],[4.7066,50.0971],[4.8187,50.1532],[4.8605,50.1359],[4.79,49.9596],[4.8415,49.9145],[4.8676,49.7881],[5.0069,49.7784],[5.2788,49.6779],[5.5073,49.5109],[5.7897,49.5383],[6.0114,49.4455],[6.2422,49.4943],[6.4581,49.4429],[6.5343,49.3947],[6.7354,49.1606],[6.8912,49.2075],[7.0015,49.1799],[7.0222,49.1234],[7.1999,49.1136],[7.4506,49.1522],[7.5255,49.0864],[7.6109,49.0618],[8.1349,48.9736],[8.1403,48.8864],[7.838,48.636],[7.7057,48.28],[7.6166,48.1568],[7.5842,48.0643],[7.6085,48.0026],[7.5933,47.9057],[7.5294,47.6739],[7.5654,47.6065],[7.6156,47.5927]]],[[[-54.6163,2.3268],[-54.5359,2.3433],[-54.4855,2.4161],[-54.402,2.4615],[-54.1955,2.8179],[-54.1707,2.9936],[-54.2031,3.1382],[-54.0096,3.4485],[-53.9905,3.5896],[-54.3507,4.0541],[-54.3421,4.14],[-54.3984,4.2025],[-54.4496,4.485],[-54.4261,4.583],[-54.4711,4.7493],[-54.4733,4.9147],[-54.4522,5.0135],[-54.3316,5.1874],[-54.0853,5.4118],[-53.9896,5.676],[-53.9199,5.769],[-53.8472,5.7822],[-53.4544,5.5635],[-53.2704,5.5433],[-52.8993,5.425],[-52.765,5.2735],[-52.454,5.0213],[-52.2905,4.9422],[-52.3246,4.7709],[-52.22,4.8628],[-52.0581,4.7174],[-51.9619,4.5144],[-52.0029,4.3523],[-51.9277,4.4361],[-51.8803,4.6337],[-51.8275,4.6357],[-51.6658,4.2288],[-51.6525,4.0613],[-51.7671,3.9927],[-51.8275,3.8696],[-51.9906,3.702],[-52.1626,3.3647],[-52.3279,3.1817],[-52.4184,2.9039],[-52.5547,2.6477],[-52.5595,2.5731],[-52.7006,2.3637],[-52.8704,2.2667],[-52.9035,2.2115],[-53.0097,2.1817],[-53.2298,2.2049],[-53.3344,2.3397],[-53.509,2.2531],[-53.7347,2.3085],[-53.7678,2.3548],[-54.1301,2.121],[-54.4331,2.2075],[-54.6163,2.3268]]]]}},{"type":"Feature","properties":{"ISO_A2":"PM","NAME":"St. Pierre and Miquelon","CONTINENT":"North America","REGION":"Americas"},"geometry":{"type":"Polygon","coordinates":[[[-56.2671,46.8385],[-56.3542,46.7953],[-56.3848,46.8194],[-56.3326,46.916],[-56.3779,47.0896],[-56.2874,47.071],[-56.3149,46.9539],[-56.2671,46.8385]]]}},{"type":"Feature","properties":{"ISO_A2":"WF","NAME":"Wallis and Futuna Is.","CONTINENT":"Oceania","REGION":"Oceania"},"geometry":{"type":"Polygon","coordinates":[[[-178.0467,-14.3184],[-178.1586,-14.3119],[-178.1944,-14.2555],[-178.1422,-14.2426],[-178.0467,-14.3184]]]}},{"type":"Feature","properties":{"ISO_A2":"MF","NAME":"St-Martin","CONTINENT":"North America","REGION":"Americas"},"geometry":{"type":"Polygon","coordinates":[[[-63.0112,18.0689],[-63.123,18.0689],[-63.0631,18.1153],[-63.0248,18.1131],[-63.0112,18.0689]]]}},{"type":"Feature","properties":{"ISO_A2":"BL","NAME":"St-Barthélemy","CONTINENT":"North America","REGION":"Americas"},"geometry":{"type":"Polygon","coordinates":[[[-62.8319,17.8765],[-62.8754,17.9136],[-62.7997,17.9087],[-62.8319,17.8765]]]}},{"type":"Feature","properties":{"ISO_A2":"PF","NAME":"Fr. Polynesia","CONTINENT":"Oceania","REGION":"Oceania"},"geometry":{"type":"Polygon","coordinates":[[[-149.3215,-17.69],[-149.1777,-17.7366],[-149.1509,-17.8121],[-149.1818,-17.8623],[-149.2905,-17.8225],[-149.3411,-17.7324],[-149.5789,-17.735],[-149.635,-17.5643],[-149.5081,-17.4964],[-149.3792,-17.5224],[-149.3301,-17.589],[-149.3215,-17.69]]]}},{"type":"Feature","properties":{"ISO_A2":"NC","NAME":"New Caledonia","CONTINENT":"Oceania","REGION":"Oceania"},"geometry":{"type":"Polygon","coordinates":[[[164.2023,-20.2461],[164.3151,-20.3089],[164.4359,-20.2822],[164.9757,-20.6811],[165.1918,-20.7688],[165.3806,-20.9358],[165.4472,-21.0806],[165.6628,-21.2672],[166.3033,-21.6372],[166.6896,-21.953],[166.9424,-22.0901],[167.0043,-22.2615],[166.9703,-22.3229],[166.7741,-22.3762],[166.5706,-22.2655],[166.468,-22.2561],[166.4164,-22.1962],[166.1767,-22.0892],[166.0961,-21.9566],[165.933,-21.908],[165.7438,-21.7773],[165.3286,-21.5801],[164.9274,-21.2898],[164.3745,-20.7393],[164.1697,-20.4802],[164.1581,-20.3479],[164.065,-20.2786],[164.0405,-20.1729],[164.0597,-20.1415],[164.2023,-20.2461]]]}},{"type":"Feature","properties":{"ISO_A2":"TF","NAME":"Fr. S. Antarctic Lands","CONTINENT":"Seven seas (open ocean)","REGION":"Africa"},"geometry":{"type":"Polygon","coordinates":[[[69.1849,-49.1096],[69.3143,-49.1062],[69.535,-48.9743],[69.5928,-48.971],[69.5873,-49.072],[69.644,-49.1174],[69.4362,-49.124],[69.4051,-49.1817],[69.5424,-49.2557],[69.7707,-49.2481],[70.0613,-49.136],[70.2084,-49.135],[70.3202,-49.0586],[70.4843,-49.0839],[70.5555,-49.2015],[70.4851,-49.3276],[70.3898,-49.3656],[70.4114,-49.4109],[70.3861,-49.434],[70.2977,-49.4248],[70.1658,-49.343],[69.9156,-49.3485],[69.8611,-49.4205],[69.76,-49.4302],[69.7803,-49.4901],[69.856,-49.544],[69.9864,-49.5816],[70.0629,-49.5894],[70.0734,-49.5178],[70.1658,-49.5094],[70.3071,-49.5835],[70.1243,-49.7044],[69.9189,-49.6894],[69.7467,-49.6018],[69.6129,-49.651],[69.1531,-49.5297],[69.0859,-49.6529],[68.993,-49.705],[68.8147,-49.6996],[68.7828,-49.6513],[68.7912,-49.5996],[68.8721,-49.4443],[68.8185,-49.3539],[68.8414,-49.2854],[68.7988,-49.2316],[68.8136,-49.1921],[68.8834,-49.1649],[68.8167,-49.1351],[68.7695,-49.0659],[68.8369,-48.9262],[68.832,-48.8487],[69.0024,-48.6612],[69.0813,-48.6793],[69.0716,-48.7528],[69.1228,-48.766],[69.1361,-48.861],[69.0327,-49.0176],[69.0521,-49.0819],[69.1849,-49.1096]]]}},{"type":"Feature","properties":{"ISO_A2":"AX","NAME":"Åland","CONTINENT":"Europe","REGION":"Europe"},"geometry":{"type":"Polygon","coordinates":[[[19.9896,60.3512],[20.0874,60.3534],[20.2589,60.2613],[20.1947,60.1936],[20.0426,60.1807],[20.034,60.0936],[19.746,60.099],[19.6723,60.233],[19.6869,60.2676],[19.779,60.2855],[19.7853,60.2134],[19.8477,60.2206],[19.8716,60.3016],[19.7878,60.3541],[19.823,60.3902],[19.8883,60.4058],[19.9896,60.3512]]]}},{"type":"Feature","properties":{"ISO_A2":"FI","NAME":"Finland","CONTINENT":"Europe","REGION":"Europe"},"geometry":{"type":"Polygon","coordinates":[[[24.1555,65.8053],[24.049,65.9898],[23.9073,66.1482],[23.7515,66.1912],[23.7003,66.2526],[23.6738,66.3807],[23.7012,66.4808],[23.8655,66.5766],[23.8941,66.7069],[23.9886,66.8105],[23.9418,66.8778],[23.6773,67.0681],[23.6415,67.1294],[23.6261,67.2339],[23.7749,67.3286],[23.7336,67.4229],[23.4681,67.45],[23.4515,67.4792],[23.5413,67.6143],[23.5002,67.6962],[23.5019,67.8752],[23.6389,67.9544],[23.4742,68.0173],[23.3186,68.1303],[23.1825,68.1366],[23.0979,68.2576],[22.8541,68.3673],[21.9975,68.5206],[20.9186,68.9069],[20.907,68.9675],[20.6222,69.0369],[20.6759,69.0695],[21.0657,69.0417],[21.1278,69.0808],[21.0526,69.1866],[21.0661,69.2141],[21.2668,69.2737],[21.5938,69.2736],[22.3004,68.8559],[22.4109,68.7199],[23.0717,68.6744],[23.1443,68.6426],[23.324,68.649],[23.707,68.7139],[23.854,68.8059],[23.9974,68.7984],[24.9414,68.5933],[25.0869,68.6396],[25.2491,68.8213],[25.5753,68.8872],[25.7483,68.9901],[25.7672,69.2827],[25.8502,69.3665],[26.0115,69.6526],[26.5254,69.915],[26.7402,69.9331],[27.1087,69.9047],[27.5917,70.0422],[27.8899,70.0617],[28.4117,69.8228],[29.1416,69.6714],[29.3334,69.473],[28.8463,69.1769],[28.8326,69.119],[28.9658,69.022],[28.4141,68.9042],[28.4535,68.8723],[28.7448,68.8564],[28.7776,68.8138],[28.4793,68.5376],[28.4707,68.4884],[28.6852,68.1898],[29.3438,68.0619],[29.9881,67.6683],[29.9412,67.5475],[29.2434,67.0966],[29.087,66.9709],[29.0662,66.8917],[29.4644,66.5322],[29.6709,66.2761],[29.9034,66.0911],[30.0875,65.7865],[30.0953,65.6817],[29.7239,65.6344],[29.8194,65.5688],[29.728,65.4734],[29.7148,65.337],[29.6124,65.2348],[29.8105,65.2047],[29.827,65.1451],[29.8108,65.1079],[29.6225,65.0395],[29.6042,64.9684],[29.7017,64.8458],[29.7832,64.8043],[30.0729,64.765],[30.1103,64.7326],[30.1201,64.6446],[29.9855,64.5577],[29.9866,64.5243],[30.1081,64.3661],[30.4879,64.2365],[30.5261,64.0773],[30.5039,64.0206],[30.2103,63.8033],[30.0041,63.7473],[30.0554,63.689],[30.4186,63.5041],[31.1809,63.2083],[31.5093,62.9553],[31.534,62.8854],[31.1867,62.4814],[30.5656,62.1276],[29.2517,61.2878],[28.4074,60.8969],[27.7977,60.5361],[27.4624,60.4648],[27.2053,60.5435],[26.9512,60.4715],[26.5347,60.4129],[26.5197,60.4716],[26.6064,60.6279],[26.5693,60.6246],[26.4564,60.4668],[26.3777,60.4241],[26.2047,60.4066],[26.036,60.4749],[25.956,60.4742],[26.0358,60.3415],[25.9459,60.3468],[25.758,60.2675],[25.7154,60.2674],[25.6564,60.3332],[25.4558,60.2612],[25.2679,60.2483],[25.1559,60.1941],[24.6005,60.1143],[24.4456,60.0213],[24.3426,60.0423],[23.7218,59.9657],[23.4636,59.9862],[23.1814,59.8449],[22.9639,59.8264],[23.1885,59.9722],[23.1984,60.0218],[23.0802,60.0473],[22.9941,60.0985],[22.9117,60.2097],[22.8671,60.2158],[22.7935,60.0768],[22.6462,60.028],[22.4627,60.0292],[22.4386,60.0723],[22.4711,60.147],[22.4427,60.1569],[22.4697,60.2013],[22.5899,60.2284],[22.588,60.2557],[22.5167,60.2627],[22.585,60.3806],[22.2579,60.4009],[21.8543,60.5054],[21.8053,60.5941],[21.6133,60.531],[21.436,60.5964],[21.3605,60.9675],[21.3777,61.0592],[21.4791,61.1705],[21.5135,61.2812],[21.5066,61.4843],[21.565,61.4843],[21.4982,61.552],[21.606,61.5916],[21.3849,61.9149],[21.256,61.9896],[21.3537,62.2238],[21.3434,62.2774],[21.3234,62.3426],[21.1656,62.4141],[21.1036,62.6229],[21.1438,62.74],[21.4575,62.95],[21.4735,63.0333],[21.651,63.0393],[21.5687,63.1137],[21.5451,63.2043],[21.8004,63.2377],[21.8957,63.2103],[22.3197,63.3104],[22.2433,63.4379],[22.346,63.4424],[22.3187,63.5044],[22.398,63.4912],[22.5276,63.58],[22.5323,63.6479],[22.7563,63.6834],[23.4939,64.0345],[23.5989,64.0409],[23.6529,64.1342],[23.9248,64.2741],[24.0223,64.386],[24.2783,64.5153],[24.5302,64.7387],[24.5579,64.801],[24.9422,64.884],[25.2882,64.8604],[25.2808,64.9164],[25.228,64.951],[25.3727,65.0095],[25.3402,65.0986],[25.2559,65.1433],[25.3479,65.4792],[25.2418,65.5463],[24.8394,65.6604],[24.6749,65.6707],[24.5815,65.7571],[24.628,65.8592],[24.4043,65.7805],[24.1555,65.8053]]]}},{"type":"Feature","properties":{"ISO_A2":"FJ","NAME":"Fiji","CONTINENT":"Oceania","REGION":"Oceania"},"geometry":{"type":"MultiPolygon","coordinates":[[[[179.9992,-16.1686],[179.8482,-16.3017],[179.7481,-16.4463],[179.6191,-16.5277],[179.5642,-16.6369],[179.5682,-16.7475],[179.841,-16.5375],[179.9304,-16.5194],[179.89,-16.667],[179.9279,-16.7444],[179.7147,-16.7436],[179.4193,-16.8065],[179.346,-16.7697],[179.3233,-16.7181],[179.2023,-16.7127],[179.0555,-16.8136],[179.0068,-16.9002],[178.8837,-16.886],[178.8029,-16.9521],[178.7066,-16.9762],[178.6037,-16.8006],[178.4975,-16.7879],[178.5836,-16.6219],[178.6863,-16.6656],[178.8051,-16.6314],[178.8657,-16.54],[178.9605,-16.4828],[179.3592,-16.3799],[179.5518,-16.2499],[179.9992,-16.1686]]],[[[178.2802,-17.372],[178.2802,-17.4162],[178.5916,-17.6515],[178.5749,-17.7493],[178.6677,-18.0809],[178.4611,-18.139],[178.3315,-18.1353],[178.1602,-18.2502],[177.9555,-18.2641],[177.4573,-18.1482],[177.3214,-18.0775],[177.2635,-17.9687],[177.264,-17.8635],[177.3602,-17.82],[177.4232,-17.7373],[177.4007,-17.6316],[177.5045,-17.5396],[177.618,-17.461],[177.818,-17.3885],[177.9402,-17.3951],[178.1876,-17.313],[178.2802,-17.372]]]]}},{"type":"Feature","properties":{"ISO_A2":"ET","NAME":"Ethiopia","CONTINENT":"Africa","REGION":"Africa"},"geometry":{"type":"Polygon","coordinates":[[[35.2684,5.4923],[35.0819,5.6731],[34.9836,5.8583],[34.959,6.0451],[34.7106,6.6603],[34.5628,6.7798],[34.4844,6.8984],[34.2793,7.0028],[34.0643,7.2257],[34.0204,7.368],[33.9024,7.5095],[33.6661,7.671],[33.226,7.7606],[33.0808,7.8237],[33.0146,7.8686],[33.0126,7.9515],[33.2343,8.3964],[33.2811,8.4373],[33.9533,8.4435],[34.0945,8.5822],[34.0793,9.5135],[34.1591,9.8534],[34.3112,10.1909],[34.2757,10.5281],[34.4314,10.7878],[34.5719,10.8802],[34.7713,10.7462],[34.9314,10.8648],[34.9607,11.2768],[35.1123,11.8166],[35.2524,11.957],[35.6702,12.6237],[35.8206,12.6849],[36.1075,12.7265],[36.1602,13.0933],[36.2122,13.2711],[36.3906,13.6261],[36.4471,13.842],[36.4439,13.9884],[36.5243,14.2568],[36.8119,14.315],[37.0245,14.272],[37.1326,14.4061],[37.2572,14.4538],[37.3537,14.3725],[37.5072,14.1564],[37.5712,14.1491],[37.8842,14.8523],[38.0025,14.7371],[38.2215,14.6497],[38.4314,14.4286],[38.812,14.4823],[39.0238,14.6282],[39.0742,14.6282],[39.198,14.4794],[39.2701,14.4703],[39.5318,14.5367],[39.7562,14.499],[39.8951,14.4407],[40.1406,14.4561],[40.2215,14.4312],[40.5244,14.2252],[40.8201,14.1117],[41.1224,13.7361],[41.3629,13.4998],[41.765,13.1839],[41.9521,12.8823],[42.1343,12.7714],[42.3785,12.4664],[41.9959,11.9124],[41.7927,11.686],[41.7646,11.4129],[41.7982,10.9805],[41.9574,10.941],[42.5577,11.0808],[42.655,11.0783],[42.783,11.0093],[42.9228,10.9993],[42.6564,10.6],[42.8416,10.2031],[43.0689,9.9262],[43.1816,9.88],[43.3031,9.6091],[43.4825,9.3795],[43.6205,9.3374],[43.9838,9.0088],[46.9782,7.9971],[47.9782,7.9971],[46.4229,6.4973],[44.9405,4.912],[43.9889,4.9505],[43.5835,4.855],[43.1257,4.6445],[43.016,4.5633],[42.8566,4.3242],[42.0241,4.1379],[41.884,3.9777],[41.3189,3.9431],[41.1404,3.963],[40.7652,4.273],[39.8422,3.8515],[39.6575,3.5778],[39.4944,3.4561],[38.9678,3.5206],[38.608,3.6001],[38.0861,3.6488],[36.9056,4.4115],[36.022,4.4681],[35.7631,4.808],[35.7562,4.9505],[35.8003,5.1569],[35.7914,5.2786],[35.745,5.344],[35.4687,5.4191],[35.3253,5.3649],[35.2646,5.4121],[35.2684,5.4923]]]}},{"type":"Feature","properties":{"ISO_A2":"EE","NAME":"Estonia","CONTINENT":"Europe","REGION":"Europe"},"geometry":{"type":"Polygon","coordinates":[[[27.352,57.5281],[27.1871,57.5383],[26.966,57.6091],[26.5326,57.531],[26.4621,57.5445],[26.298,57.6011],[25.9911,57.8382],[25.7938,57.8686],[25.2826,58.0485],[25.2727,58.0094],[25.2287,57.9966],[25.111,58.0634],[24.3226,57.8706],[24.4639,58.106],[24.4875,58.2616],[24.5497,58.3046],[24.5291,58.3542],[24.3369,58.3814],[24.2356,58.2896],[24.1148,58.2661],[23.7676,58.3608],[23.7061,58.433],[23.6915,58.5056],[23.5628,58.5758],[23.5093,58.6585],[23.5307,58.7163],[23.6808,58.7872],[23.5036,58.7898],[23.432,58.9207],[23.515,58.9992],[23.4678,59.0322],[23.517,59.1076],[23.4944,59.1957],[23.7825,59.2751],[24.0834,59.2919],[24.0536,59.3723],[24.1754,59.3759],[24.3804,59.4727],[24.5836,59.4557],[24.8775,59.5221],[25.4438,59.5211],[25.5209,59.5595],[25.5093,59.639],[26.625,59.5539],[26.9747,59.4506],[27.8926,59.4142],[28.0019,59.4698],[28.0658,59.4532],[28.1511,59.3744],[27.8977,59.2776],[27.7576,59.052],[27.5131,58.8863],[27.4342,58.7873],[27.4271,58.7331],[27.5313,58.4353],[27.4878,58.2701],[27.5024,58.2213],[27.6734,57.9346],[27.777,57.8567],[27.5421,57.7994],[27.492,57.725],[27.4,57.6668],[27.352,57.5281]]]}},{"type":"Feature","properties":{"ISO_A2":"ER","NAME":"Eritrea","CONTINENT":"Africa","REGION":"Africa"},"geometry":{"type":"Polygon","coordinates":[[[36.5243,14.2568],[36.4268,15.1321],[36.5218,15.2501],[36.9138,16.2962],[36.8878,16.6247],[36.9787,16.8006],[37.009,17.0589],[37.411,17.0617],[37.5475,17.3241],[37.7824,17.458],[38.2535,17.5848],[38.3737,17.7173],[38.4225,17.8239],[38.6095,18.0051],[38.9117,17.4271],[39.0345,17.0855],[39.1426,16.7292],[39.2226,16.1937],[39.2989,15.9211],[39.4223,15.7867],[39.5065,15.5321],[39.5788,15.5225],[39.6313,15.4525],[39.7208,15.2137],[39.7855,15.1249],[39.8194,15.2013],[39.7903,15.3188],[39.8135,15.4136],[39.8638,15.4703],[40.041,15.3345],[40.0841,15.152],[40.2041,15.0141],[40.5463,14.9336],[40.7993,14.743],[41.1765,14.6203],[41.6582,13.9831],[42.2451,13.5876],[42.3465,13.3981],[42.3993,13.2126],[42.5229,13.2215],[42.7345,13.0186],[42.7962,12.8643],[42.9695,12.8084],[42.999,12.8995],[43.0829,12.8246],[43.1167,12.7086],[42.8833,12.6213],[42.8253,12.5693],[42.7675,12.4229],[42.7037,12.3803],[42.6701,12.3766],[42.4794,12.5136],[42.3785,12.4664],[42.1343,12.7714],[41.9521,12.8823],[41.765,13.1839],[41.3629,13.4998],[41.1224,13.7361],[40.8201,14.1117],[40.5244,14.2252],[40.2215,14.4312],[40.1406,14.4561],[39.8951,14.4407],[39.7562,14.499],[39.5318,14.5367],[39.2701,14.4703],[39.198,14.4794],[39.1354,14.5819],[39.0238,14.6282],[38.812,14.4823],[38.4314,14.4286],[38.2215,14.6497],[38.0025,14.7371],[37.8842,14.8523],[37.5712,14.1491],[37.5072,14.1564],[37.3537,14.3725],[37.2572,14.4538],[37.1326,14.4061],[37.0245,14.272],[36.8119,14.315],[36.5243,14.2568]]]}},{"type":"Feature","properties":{"ISO_A2":"GQ","NAME":"Eq. Guinea","CONTINENT":"Africa","REGION":"Africa"},"geometry":{"type":"Polygon","coordinates":[[[11.3287,2.1674],[11.3354,0.9997],[10.0285,1.004],[9.9067,0.9601],[9.8039,0.9987],[9.7605,1.0747],[9.6765,1.0747],[9.5908,1.032],[9.5994,1.0544],[9.5099,1.1148],[9.3859,1.1393],[9.4942,1.4353],[9.6321,1.5655],[9.807,1.9275],[9.7797,2.0682],[9.8008,2.3044],[9.8701,2.2133],[9.9799,2.1678],[11.3287,2.1674]]]}},{"type":"Feature","properties":{"ISO_A2":"SV","NAME":"El Salvador","CONTINENT":"North America","REGION":"Americas"},"geometry":{"type":"Polygon","coordinates":[[[-89.3626,14.416],[-89.1205,14.3702],[-88.7076,14.0321],[-88.5125,13.979],[-88.4827,13.8542],[-88.151,13.9874],[-87.991,13.8796],[-87.8022,13.89],[-87.7314,13.8411],[-87.7153,13.8127],[-87.7819,13.5214],[-87.7316,13.4831],[-87.8384,13.3858],[-87.8207,13.2852],[-87.9309,13.1807],[-88.1807,13.164],[-88.5916,13.2811],[-88.6856,13.2815],[-88.4839,13.1972],[-88.512,13.1839],[-88.867,13.2833],[-89.2776,13.4781],[-89.8042,13.5601],[-90.0952,13.7365],[-90.1047,13.8348],[-90.0481,13.9041],[-89.8727,14.0456],[-89.7494,14.077],[-89.6713,14.1827],[-89.5472,14.2413],[-89.5736,14.3901],[-89.4188,14.4311],[-89.3626,14.416]]]}},{"type":"Feature","properties":{"ISO_A2":"EG","NAME":"Egypt","CONTINENT":"Africa","REGION":"Africa"},"geometry":{"type":"Polygon","coordinates":[[[36.8714,21.9967],[31.4345,21.9959],[31.4861,22.1478],[31.4643,22.1915],[31.4003,22.2024],[31.3585,22.1886],[31.2606,22.0023],[31.2092,21.9949],[24.9803,21.9959],[24.9803,29.1819],[24.7032,30.2011],[24.8775,30.4575],[24.9614,30.6785],[24.9739,30.7766],[24.8775,31.0612],[24.8527,31.3348],[25.1505,31.655],[25.2255,31.5338],[25.3822,31.5128],[25.8933,31.6209],[27.248,31.3779],[27.54,31.2127],[27.83,31.195],[27.9676,31.0974],[28.5148,31.0504],[29.0721,30.8303],[29.4285,30.9274],[29.9298,31.2275],[30.0494,31.2654],[30.2227,31.2584],[30.3951,31.4576],[30.571,31.473],[30.9235,31.5668],[30.8842,31.5224],[30.563,31.417],[30.7005,31.4039],[31.0018,31.4628],[31.052,31.5916],[31.0829,31.6033],[31.5244,31.4583],[31.6065,31.4558],[31.889,31.5414],[32.136,31.3411],[32.0761,31.3445],[31.8922,31.4825],[31.8759,31.4137],[31.7711,31.2926],[32.0085,31.2205],[32.1018,31.0928],[32.2065,31.119],[32.2818,31.2009],[32.2162,31.2938],[32.3235,31.2561],[32.6033,31.0688],[33.1299,31.1682],[33.1943,31.0845],[33.3779,31.131],[33.6665,31.1304],[33.9025,31.181],[34.1981,31.3226],[34.5297,30.446],[34.6586,30.1915],[34.9043,29.4773],[34.7364,29.2706],[34.6172,28.7579],[34.4465,28.3573],[34.3997,28.016],[34.2201,27.7643],[34.0451,27.8289],[33.7603,28.0477],[33.5941,28.2556],[33.2478,28.5677],[33.1302,28.9783],[32.8706,29.2862],[32.7215,29.5218],[32.5657,29.974],[32.473,29.9254],[32.4895,29.8515],[32.3598,29.6307],[32.3973,29.5338],[32.599,29.3219],[32.6381,29.1822],[32.6318,28.9922],[32.7845,28.7866],[32.8982,28.5652],[33.2021,28.2083],[33.4949,27.9745],[33.5471,27.8981],[33.5498,27.6074],[33.6973,27.3411],[33.8017,27.2682],[33.8493,27.1849],[33.9591,26.649],[34.0495,26.5507],[34.3293,26.0244],[34.5651,25.6912],[35.1941,24.4751],[35.4778,24.1548],[35.7839,23.9378],[35.632,23.9503],[35.5408,23.9207],[35.5044,23.7793],[35.5228,23.4425],[35.6979,22.9462],[35.9134,22.7396],[36.2297,22.6288],[36.4146,22.3942],[36.8297,22.0977],[36.8714,21.9967]]]}},{"type":"Feature","properties":{"ISO_A2":"EC","NAME":"Ecuador","CONTINENT":"South America","REGION":"Americas"},"geometry":{"type":"Polygon","coordinates":[[[-75.2845,-0.1065],[-75.3405,-0.1422],[-75.476,-0.1571],[-75.6263,-0.1229],[-75.632,-0.1576],[-75.4911,-0.2483],[-75.4247,-0.4089],[-75.2632,-0.5554],[-75.2594,-0.5901],[-75.2836,-0.7071],[-75.2496,-0.9519],[-75.3482,-0.9668],[-75.4081,-0.9243],[-75.5706,-1.5312],[-76.0898,-2.1331],[-76.6791,-2.5626],[-77.8606,-2.9816],[-78.1833,-3.3502],[-78.1585,-3.4651],[-78.2263,-3.4892],[-78.2842,-3.399],[-78.3454,-3.3974],[-78.4198,-3.7769],[-78.5504,-3.9869],[-78.6794,-4.3259],[-78.6529,-4.4582],[-78.686,-4.5624],[-78.9076,-4.7145],[-78.9192,-4.8584],[-78.9754,-4.8732],[-79.0333,-4.9691],[-79.0763,-4.9906],[-79.331,-4.9278],[-79.5019,-4.6706],[-79.5162,-4.5392],[-79.6385,-4.4549],[-79.7973,-4.4764],[-80.1396,-4.2961],[-80.1975,-4.311],[-80.2934,-4.4168],[-80.3835,-4.4637],[-80.4786,-4.4301],[-80.4885,-4.3937],[-80.3529,-4.2085],[-80.4538,-4.2052],[-80.4885,-4.1655],[-80.51,-4.0695],[-80.4901,-4.0101],[-80.4372,-3.9786],[-80.3033,-4.0051],[-80.1792,-3.8777],[-80.2289,-3.7389],[-80.2206,-3.6132],[-80.2735,-3.4246],[-80.3247,-3.3879],[-80.1599,-3.3243],[-79.9633,-3.1577],[-79.7299,-2.5791],[-79.7455,-2.4847],[-79.8224,-2.3565],[-79.8421,-2.0674],[-79.8934,-2.1457],[-79.8803,-2.4236],[-79.9256,-2.5485],[-79.989,-2.5787],[-80.0302,-2.5567],[-80.0066,-2.3538],[-80.2847,-2.7067],[-80.4501,-2.626],[-80.6849,-2.3969],[-80.8391,-2.349],[-80.9322,-2.2691],[-80.9628,-2.1893],[-80.7704,-2.0767],[-80.7606,-1.9346],[-80.7631,-1.8229],[-80.835,-1.6324],[-80.8014,-1.3834],[-80.9024,-1.0789],[-80.8414,-0.9747],[-80.5539,-0.8479],[-80.4555,-0.5854],[-80.2824,-0.6205],[-80.3848,-0.584],[-80.4823,-0.3683],[-80.3213,-0.1658],[-80.1334,-0.0061],[-80.0461,0.1554],[-80.025,0.4102],[-80.0883,0.7848],[-80.0359,0.8346],[-79.9035,0.8602],[-79.7412,0.9798],[-79.6132,0.9711],[-79.4654,1.0601],[-78.8997,1.2063],[-78.8271,1.2959],[-78.8597,1.4554],[-78.6816,1.2834],[-78.1807,0.9686],[-77.8295,0.8254],[-77.7029,0.8378],[-77.6486,0.7236],[-77.4677,0.6365],[-77.3963,0.3939],[-77.1141,0.3551],[-76.8293,0.2478],[-76.7677,0.2417],[-76.729,0.2721],[-76.4946,0.2354],[-76.4273,0.2612],[-76.3882,0.405],[-76.311,0.4485],[-76.2706,0.4394],[-76.0679,0.3456],[-75.8798,0.151],[-75.7767,0.0893],[-75.6173,0.0629],[-75.464,-0.0384],[-75.2845,-0.1065]]]}},{"type":"Feature","properties":{"ISO_A2":"DO","NAME":"Dominican Rep.","CONTINENT":"North America","REGION":"Americas"},"geometry":{"type":"Polygon","coordinates":[[[-71.7683,18.0392],[-71.7373,18.2708],[-71.7619,18.3413],[-71.8726,18.4162],[-72.0004,18.5979],[-71.8665,18.6142],[-71.7432,18.7329],[-71.7336,18.8564],[-71.8071,18.987],[-71.6453,19.1635],[-71.7465,19.2858],[-71.7115,19.4866],[-71.7792,19.7182],[-71.7351,19.7351],[-71.6674,19.8486],[-71.5578,19.8954],[-71.2359,19.8481],[-70.9541,19.914],[-70.8339,19.8873],[-70.6362,19.7756],[-70.4364,19.7712],[-70.3047,19.6761],[-70.1938,19.638],[-69.9568,19.6719],[-69.8912,19.5897],[-69.8783,19.4733],[-69.8234,19.3671],[-69.7394,19.2992],[-69.325,19.3277],[-69.2325,19.2718],[-69.3228,19.2011],[-69.606,19.2065],[-69.6236,19.1178],[-68.9014,18.9885],[-68.6848,18.9048],[-68.3392,18.6115],[-68.4448,18.4177],[-68.5638,18.3555],[-68.6874,18.2149],[-68.935,18.408],[-69.0723,18.3992],[-69.2745,18.4398],[-69.5194,18.4157],[-69.7707,18.4436],[-70.0183,18.3736],[-70.1831,18.2518],[-70.4799,18.2173],[-70.6447,18.3362],[-70.7588,18.3456],[-71.0278,18.2732],[-71.0822,18.2244],[-71.106,18.07],[-71.3583,17.6941],[-71.439,17.6356],[-71.5184,17.725],[-71.6317,17.7736],[-71.6737,17.9541],[-71.7683,18.0392]]]}},{"type":"Feature","properties":{"ISO_A2":"DM","NAME":"Dominica","CONTINENT":"North America","REGION":"Americas"},"geometry":{"type":"Polygon","coordinates":[[[-61.2817,15.249],[-61.3754,15.2273],[-61.4812,15.5251],[-61.4581,15.6331],[-61.32,15.5851],[-61.2772,15.5267],[-61.2511,15.3731],[-61.2817,15.249]]]}},{"type":"Feature","properties":{"ISO_A2":"DJ","NAME":"Djibouti","CONTINENT":"Africa","REGION":"Africa"},"geometry":{"type":"Polygon","coordinates":[[[43.246,11.4998],[42.9228,10.9993],[42.783,11.0093],[42.655,11.0783],[42.5577,11.0808],[41.9574,10.941],[41.7982,10.9805],[41.7646,11.4129],[41.7927,11.686],[41.9959,11.9124],[42.3785,12.4664],[42.45,12.5213],[42.7037,12.3803],[42.7675,12.4229],[42.8659,12.6228],[43.1167,12.7086],[43.3535,12.367],[43.4098,12.1899],[43.3803,12.0913],[43.2721,11.9695],[43.048,11.8291],[42.799,11.7394],[42.64,11.5601],[42.5218,11.5722],[42.5397,11.5043],[42.5838,11.4968],[42.9115,11.5866],[43.0428,11.5885],[43.1617,11.566],[43.246,11.4998]]]}},{"type":"Feature","properties":{"ISO_A2":"GL","NAME":"Greenland","CONTINENT":"North America","REGION":"Americas"},"geometry":{"type":"Polygon","coordinates":[[[-29.9529,83.5648],[-28.992,83.5048],[-28.4838,83.4349],[-27.0344,83.3769],[-25.7951,83.261],[-26.1827,83.2214],[-30.092,83.1574],[-31.9927,83.0854],[-32.0327,82.9834],[-31.5156,82.9917],[-29.9636,83.1105],[-28.1515,83.0637],[-27.0021,83.0672],[-25.1234,83.1596],[-24.4703,82.8774],[-23.9195,82.8851],[-23.8335,82.8388],[-23.6946,82.8191],[-22.5249,82.7892],[-21.6918,82.6825],[-21.5207,82.5954],[-21.6158,82.5477],[-21.9939,82.4628],[-23.1181,82.3247],[-29.5794,82.1612],[-29.7728,82.1313],[-29.8874,82.0548],[-29.811,81.9555],[-29.5438,81.9399],[-27.8395,82.0489],[-25.1488,82.0011],[-24.5892,81.8828],[-24.2931,81.701],[-23.4961,81.773],[-23.1798,81.9895],[-22.9401,82.0305],[-21.338,82.0687],[-21.1674,81.9838],[-21.1303,81.9342],[-21.1466,81.6952],[-21.2305,81.6014],[-21.5039,81.4375],[-23.0725,80.9267],[-23.1964,80.8474],[-23.2037,80.7893],[-23.1177,80.7782],[-22.8257,80.9126],[-22.0894,81.0202],[-21.4498,81.1782],[-20.8897,81.2764],[-20.0157,81.5644],[-19.6299,81.6399],[-19.2248,81.64],[-19.153,81.5122],[-18.4565,81.4979],[-17.4561,81.3977],[-17.2262,81.4304],[-16.359,81.7291],[-16.1207,81.7766],[-15.4506,81.837],[-14.242,81.8139],[-12.4344,81.6825],[-11.4255,81.4806],[-11.5288,81.424],[-12.2313,81.3092],[-13.1262,81.0878],[-13.4512,81.0381],[-14.4523,80.9931],[-14.4901,80.9733],[-14.2286,80.8705],[-14.2402,80.8324],[-14.5036,80.7633],[-15.1942,80.7214],[-15.5427,80.6504],[-16.3189,80.6498],[-16.7606,80.5734],[-16.5878,80.5112],[-15.9373,80.4276],[-15.9326,80.3951],[-16.4888,80.252],[-17.0111,80.1902],[-18.0709,80.1721],[-19.4292,80.2577],[-19.8668,80.1447],[-20.1501,80.0112],[-20.1974,79.9376],[-20.1813,79.858],[-20.0688,79.7738],[-19.353,79.7342],[-19.2836,79.6832],[-19.3993,79.4884],[-19.4312,79.3981],[-19.414,79.3488],[-19.1522,79.3254],[-19.0113,79.2515],[-18.9708,79.2114],[-18.992,79.1784],[-19.723,79.065],[-19.8872,78.9109],[-20.0505,78.8418],[-20.6156,78.8039],[-21.1337,78.6586],[-20.9475,78.5959],[-20.9557,78.555],[-21.1948,78.3798],[-21.3973,78.0736],[-21.7476,77.7906],[-21.7296,77.7085],[-21.5789,77.6514],[-21.3797,77.6976],[-21.1319,77.8472],[-20.8626,77.9119],[-20.3186,77.862],[-19.4904,77.7189],[-19.2969,77.6213],[-19.2961,77.5853],[-19.5241,77.572],[-20.1621,77.6898],[-20.6808,77.619],[-20.4638,77.4473],[-20.2319,77.3684],[-19.8086,77.3324],[-19.3003,77.2224],[-18.9034,77.2805],[-18.4426,77.2594],[-18.339,77.2153],[-18.2924,77.1329],[-18.3373,76.9212],[-18.5103,76.7782],[-18.6058,76.7633],[-19.8649,76.9144],[-20.4867,76.9208],[-20.9421,76.887],[-20.9599,76.8427],[-21.6147,76.6879],[-21.749,76.69],[-22.1853,76.7941],[-22.3343,76.7937],[-22.5545,76.7292],[-22.6066,76.6808],[-22.3786,76.6122],[-21.8773,76.5735],[-21.7581,76.4005],[-21.4882,76.2719],[-21.1854,76.268],[-20.8874,76.304],[-20.5638,76.2398],[-20.1036,76.2191],[-19.8629,76.1207],[-19.9577,75.9967],[-19.509,75.7575],[-19.3995,75.4944],[-19.3753,75.2982],[-19.426,75.2298],[-19.5264,75.1802],[-19.7985,75.1575],[-20.1987,75.308],[-20.485,75.3143],[-20.9059,75.1569],[-21.2465,75.1334],[-21.4094,75.0648],[-21.6493,75.0234],[-22.2329,75.1197],[-21.9043,75.0039],[-21.6951,74.9645],[-20.9858,75.0744],[-20.8611,74.9926],[-20.7857,74.8917],[-20.7953,74.806],[-21.0383,74.6699],[-20.8616,74.6359],[-20.6111,74.7282],[-20.4171,74.9752],[-20.2143,75.0192],[-19.9849,74.9752],[-19.5378,74.6246],[-19.287,74.5464],[-19.2251,74.4795],[-19.2716,74.3426],[-19.3691,74.284],[-19.6462,74.258],[-20.2564,74.2828],[-20.2306,74.2046],[-20.6531,74.1374],[-21.1294,74.1109],[-21.5806,74.1635],[-21.9549,74.2443],[-21.832,74.3573],[-21.762,74.4828],[-21.9826,74.5675],[-21.9202,74.4392],[-21.9727,74.39],[-22.3343,74.2864],[-22.2635,74.2724],[-22.1957,74.2057],[-22.3353,74.0634],[-22.1348,73.9905],[-21.0222,73.9413],[-20.3673,73.8482],[-20.338,73.8197],[-20.4489,73.653],[-20.5097,73.4929],[-20.6367,73.4636],[-21.548,73.4317],[-22.1851,73.2699],[-22.3469,73.2692],[-23.2332,73.3977],[-23.7606,73.5431],[-24.1577,73.7645],[-24.4513,73.6285],[-24.6772,73.6022],[-25.5213,73.8516],[-24.7783,73.5399],[-24.7913,73.5113],[-25.3107,73.431],[-25.6654,73.2928],[-26.0623,73.253],[-27.2704,73.4363],[-27.1694,73.3742],[-26.5418,73.249],[-26.7286,73.1714],[-27.2649,73.1765],[-27.5616,73.1385],[-27.4832,73.0889],[-27.348,73.0678],[-27.1899,73.1324],[-26.7532,73.1211],[-25.399,73.2758],[-25.2683,73.362],[-25.057,73.3965],[-24.1327,73.4094],[-23.899,73.3983],[-23.7096,73.3168],[-23.2441,73.1933],[-22.996,73.1716],[-22.8523,73.084],[-22.0363,72.9185],[-22.0067,72.6354],[-22.0748,72.3992],[-22.2802,72.3448],[-22.2393,72.2203],[-22.2932,72.1195],[-23.208,72.3266],[-23.6744,72.3926],[-24.069,72.4987],[-24.3586,72.6873],[-24.63,73.0376],[-24.9925,73.0131],[-25.1706,72.9803],[-25.2559,72.9241],[-26.6576,72.7158],[-26.3921,72.6728],[-25.688,72.7974],[-25.3574,72.8103],[-24.8133,72.9015],[-24.771,72.8687],[-24.65,72.5825],[-24.7007,72.5063],[-25.2037,72.393],[-25.1179,72.347],[-24.6668,72.4374],[-24.5724,72.4202],[-24.4172,72.3482],[-23.5871,72.1398],[-22.4969,71.9138],[-22.3702,71.7698],[-21.9597,71.7447],[-22.0133,71.6888],[-22.5032,71.5004],[-22.4796,71.3834],[-22.4176,71.2487],[-22.299,71.4323],[-21.9614,71.5082],[-21.7522,71.4783],[-21.6712,71.206],[-21.6745,70.8563],[-21.6251,70.8046],[-21.5739,70.5905],[-21.5227,70.5262],[-21.6255,70.4686],[-21.9435,70.4435],[-22.0693,70.4719],[-22.3841,70.4624],[-22.437,70.86],[-22.5261,70.8078],[-22.6097,70.4933],[-22.6907,70.4373],[-23.3278,70.451],[-23.7918,70.5552],[-23.9714,70.6495],[-24.2285,70.9234],[-24.2657,71.0463],[-24.377,71.1464],[-24.5622,71.2235],[-25.8852,71.5719],[-26.6885,71.5834],[-27.0872,71.6266],[-27.1623,71.6022],[-27.107,71.5327],[-25.8427,71.4802],[-25.7578,71.4399],[-25.6994,71.3683],[-25.6676,71.2653],[-25.7422,71.1836],[-26.0141,71.0928],[-26.7179,70.9505],[-27.3357,70.9528],[-27.8889,71.0017],[-28.3984,70.9929],[-27.9922,70.8952],[-27.9793,70.8395],[-28.0699,70.699],[-28.1457,70.6557],[-28.5301,70.5476],[-29.0721,70.445],[-28.5409,70.4769],[-28.015,70.4022],[-27.5961,70.4067],[-26.7473,70.4755],[-26.6218,70.4634],[-26.5084,70.3966],[-26.5768,70.3571],[-27.3281,70.2171],[-27.5608,70.1245],[-27.6289,70.0282],[-27.3842,69.9916],[-27.0277,70.2012],[-26.7521,70.2422],[-26.4157,70.2213],[-26.1557,70.2456],[-25.5299,70.3532],[-24.7488,70.2951],[-23.6673,70.1393],[-22.2066,70.1079],[-22.2871,70.0334],[-22.4351,69.9857],[-23.0882,69.883],[-23.0146,69.8048],[-23.0496,69.7927],[-23.8657,69.7367],[-23.709,69.6272],[-23.7394,69.5886],[-23.9437,69.5581],[-24.2967,69.5855],[-24.2523,69.5624],[-24.2209,69.4793],[-24.2956,69.4393],[-24.8666,69.2931],[-25.1886,69.2605],[-25.0805,69.1925],[-25.0924,69.1652],[-25.2722,69.0916],[-25.544,69.0457],[-25.6261,68.928],[-25.698,68.8899],[-26.4829,68.6759],[-28.1265,68.479],[-29.2495,68.2988],[-29.8685,68.3116],[-30.0511,68.2719],[-30.1955,68.199],[-30.72,68.2512],[-30.6057,68.1624],[-30.6107,68.1179],[-30.9786,68.0613],[-31.4195,68.1285],[-32.3274,68.4373],[-32.3137,68.3876],[-32.1801,68.2573],[-32.3546,68.2251],[-32.156,68.0632],[-32.1646,67.9911],[-32.3695,67.8828],[-33.1082,67.6582],[-33.3489,67.4427],[-33.5044,67.377],[-33.528,67.2582],[-34.1017,66.7259],[-34.2689,66.625],[-34.4229,66.6302],[-34.6328,66.4348],[-35.1886,66.2503],[-35.4117,66.2615],[-35.8672,66.4414],[-35.6301,66.1399],[-36.3792,65.8308],[-36.389,65.9597],[-36.5272,66.0077],[-36.537,65.9409],[-36.6652,65.7901],[-36.9324,65.7826],[-37.0628,65.8714],[-37.2332,65.7881],[-37.316,65.7902],[-37.3298,65.7202],[-37.4101,65.6563],[-37.6638,65.6309],[-37.7542,65.5931],[-37.9548,65.6336],[-38.0013,65.7096],[-37.7974,65.8568],[-37.8265,65.9097],[-37.7878,65.978],[-37.2787,66.3044],[-37.8139,66.3855],[-38.1566,66.3856],[-37.7523,66.2615],[-37.9694,66.1411],[-38.1399,65.9035],[-38.5204,66.0097],[-38.4427,65.9217],[-38.2164,65.8383],[-38.2034,65.7117],[-38.6367,65.6244],[-40.1735,65.5562],[-40.1916,65.5225],[-39.5779,65.3408],[-39.9373,65.1416],[-40.2531,65.0489],[-40.6676,65.1087],[-40.8806,65.082],[-41.0844,65.1008],[-41.0887,65.0354],[-41.0277,64.9875],[-40.966,64.8688],[-40.6555,64.9153],[-40.5211,64.8255],[-40.4327,64.6732],[-40.2784,64.5959],[-40.1822,64.4799],[-40.4776,64.3444],[-40.6985,64.3297],[-40.6864,64.2669],[-40.7817,64.2218],[-41.1777,64.2814],[-41.581,64.2983],[-41.0306,64.121],[-40.8257,64.1625],[-40.6178,64.1317],[-40.6523,63.9277],[-40.5504,63.7252],[-40.7715,63.6262],[-40.7752,63.5336],[-41.0487,63.5138],[-41.0562,63.4123],[-41.1522,63.3489],[-41.1077,63.2738],[-41.3879,63.0619],[-41.8445,63.0703],[-42.1745,63.2088],[-42.094,63.1167],[-41.6345,62.9725],[-41.6436,62.9159],[-41.7232,62.8913],[-41.909,62.7371],[-42.0583,62.694],[-42.9416,62.7202],[-42.6737,62.6375],[-42.153,62.5685],[-42.1644,62.5122],[-42.2432,62.4661],[-42.1979,62.3971],[-42.3215,62.1527],[-42.2361,62.0592],[-42.1431,62.0135],[-42.1539,61.9534],[-42.1102,61.8572],[-42.2497,61.7714],[-42.5304,61.7553],[-42.5853,61.7175],[-42.3236,61.6817],[-42.646,61.0641],[-42.717,60.7675],[-43.0441,60.5237],[-43.3483,60.5198],[-43.5983,60.576],[-43.9227,60.5954],[-43.9396,60.5674],[-43.8312,60.522],[-43.2957,60.445],[-43.213,60.3907],[-43.1565,60.3329],[-43.1229,60.0612],[-43.3201,59.9281],[-43.6169,59.9369],[-43.955,60.0255],[-43.6579,59.8586],[-43.9065,59.8155],[-44.117,59.8319],[-44.0655,59.9248],[-44.2689,59.8929],[-44.4129,59.9226],[-44.4535,60.0146],[-44.2313,60.1803],[-44.1761,60.2444],[-44.2244,60.2735],[-44.3483,60.2048],[-44.5332,60.0295],[-44.6133,60.0167],[-45.3792,60.2029],[-45.3678,60.3729],[-45.2025,60.3827],[-44.9747,60.4572],[-44.8535,60.5319],[-44.7424,60.6553],[-45.0827,60.5072],[-45.3805,60.4449],[-46.0466,60.6157],[-46.1419,60.7765],[-46.0187,60.9718],[-45.8799,61.0941],[-45.8494,61.1812],[-45.8702,61.2183],[-45.9423,61.2056],[-46.0117,61.0968],[-46.5824,60.9621],[-46.8745,60.8164],[-47.2244,60.7829],[-47.5791,60.8475],[-47.7962,60.8289],[-47.7299,60.7295],[-48.014,60.722],[-48.2419,60.8068],[-48.2052,60.8559],[-47.7703,60.9978],[-48.3864,61.0047],[-48.3781,61.1385],[-48.4948,61.2247],[-48.9221,61.2774],[-49.0492,61.5239],[-49.2891,61.5899],[-49.1931,61.6856],[-49.3112,61.7478],[-49.3803,61.8902],[-49.0396,62.0394],[-48.8287,62.0797],[-49.1205,62.1126],[-49.2023,62.0993],[-49.3485,62.0102],[-49.6238,61.9986],[-49.6643,62.0169],[-49.6677,62.1509],[-49.5535,62.2327],[-49.9434,62.3245],[-50.3192,62.4732],[-50.2593,62.5781],[-50.256,62.6798],[-50.2987,62.722],[-50.076,62.9038],[-49.7931,63.0446],[-50.0922,62.9768],[-50.3901,62.822],[-50.5016,62.9449],[-50.7435,63.0513],[-51.0131,63.2576],[-51.1876,63.4364],[-51.4688,63.6423],[-51.5382,63.758],[-51.4511,63.9048],[-51.5475,64.0061],[-50.6994,64.1493],[-50.3419,64.1704],[-50.2607,64.2143],[-50.4866,64.2089],[-50.4371,64.3128],[-50.721,64.2233],[-51.4871,64.1033],[-51.5849,64.1032],[-51.682,64.1647],[-51.7079,64.2051],[-51.5338,64.3142],[-51.4038,64.4632],[-51.2315,64.5606],[-50.8349,64.559],[-50.8492,64.6447],[-50.4921,64.6932],[-50.3551,64.6826],[-50.1582,64.4896],[-50.009,64.4473],[-50.0155,64.5074],[-50.093,64.5849],[-50.1216,64.7038],[-50.2989,64.7786],[-50.517,64.7665],[-50.6481,64.8533],[-50.6813,64.9275],[-50.9237,65.1967],[-50.9606,65.2011],[-50.7216,64.7976],[-50.7802,64.7461],[-50.9891,64.6648],[-51.2206,64.6285],[-51.139,64.7857],[-51.2554,64.7581],[-51.3636,64.7016],[-51.4705,64.5518],[-51.835,64.232],[-51.9226,64.2188],[-51.9987,64.2568],[-52.0632,64.3461],[-52.0934,64.4159],[-52.0889,64.6815],[-52.259,65.1549],[-52.4476,65.2051],[-52.5377,65.3288],[-52.1796,65.4419],[-51.6191,65.7132],[-51.0904,65.751],[-51.0919,65.7758],[-51.3938,65.7792],[-51.7234,65.7235],[-52.0354,65.5695],[-52.3482,65.4613],[-52.5513,65.4614],[-52.7609,65.5908],[-52.9949,65.566],[-53.199,65.594],[-53.2337,65.7709],[-53.1063,65.9771],[-53.2722,65.9874],[-53.392,66.0483],[-53.3569,66.0733],[-52.0561,66.5073],[-51.8912,66.6231],[-51.5171,66.732],[-51.2586,66.8412],[-51.225,66.8815],[-51.2811,66.891],[-51.823,66.6979],[-53.0358,66.2014],[-53.5388,66.1394],[-53.6147,66.1545],[-53.6481,66.2735],[-53.6347,66.4137],[-53.5707,66.5133],[-53.4187,66.6485],[-53.1146,66.7538],[-53.0383,66.8268],[-52.4911,66.8501],[-52.3869,66.8812],[-52.5601,66.9091],[-53.4436,66.9247],[-53.6872,66.9865],[-53.8844,67.1355],[-53.7986,67.4182],[-52.9695,67.6873],[-52.512,67.7613],[-51.9091,67.6637],[-51.4506,67.6677],[-51.1814,67.6365],[-50.7054,67.5089],[-50.6135,67.5279],[-50.6401,67.5588],[-51.171,67.6936],[-51.168,67.7338],[-50.887,67.7835],[-50.9688,67.8066],[-51.7652,67.7378],[-52.3448,67.8369],[-52.9796,67.7578],[-53.4188,67.5746],[-53.6036,67.5365],[-53.7352,67.549],[-53.6162,67.7153],[-53.578,67.8368],[-53.3529,67.9705],[-53.1516,68.2078],[-52.8898,68.2045],[-52.0585,68.0755],[-51.5969,68.0548],[-51.4565,68.1161],[-51.4147,68.1982],[-51.2073,68.3255],[-51.1691,68.3852],[-51.2102,68.4199],[-51.4561,68.3935],[-51.6324,68.273],[-52.1985,68.2208],[-52.6984,68.2615],[-52.78,68.3099],[-53.3832,68.2974],[-53.2133,68.413],[-53.0395,68.6109],[-52.6046,68.7087],[-52.3028,68.7011],[-51.7807,68.5482],[-51.6231,68.5348],[-51.1333,68.5984],[-50.9457,68.6827],[-50.8006,68.7913],[-50.8077,68.817],[-51.0302,68.7563],[-51.2494,68.7399],[-51.0849,69.1283],[-50.3927,69.1374],[-50.2974,69.1706],[-50.5366,69.2479],[-51.077,69.2095],[-51.0578,69.2748],[-50.8922,69.4118],[-50.8041,69.663],[-50.7203,69.7253],[-50.3495,69.7962],[-50.3435,69.8252],[-50.5,69.9358],[-50.2917,70.0145],[-50.4361,70.0394],[-50.8023,70.0032],[-51.1057,70.0574],[-51.4991,69.9872],[-52.2546,70.0589],[-53.023,70.3019],[-54.0145,70.4217],[-54.5012,70.6569],[-54.5308,70.6993],[-54.438,70.7516],[-54.1658,70.8201],[-53.5131,70.7666],[-53.0913,70.7694],[-52.4052,70.6868],[-51.5245,70.4395],[-50.9469,70.3636],[-50.6633,70.4176],[-50.9327,70.4539],[-51.3229,70.5888],[-51.3399,70.6875],[-51.2566,70.8527],[-51.7743,71.0104],[-51.0304,70.9863],[-51.3767,71.119],[-52.0614,71.1216],[-52.5346,71.2004],[-53.0076,71.18],[-53.117,71.3129],[-52.8918,71.4577],[-52.7494,71.5015],[-51.9673,71.5991],[-51.7699,71.6717],[-52.1958,71.63],[-52.6563,71.6723],[-53.1675,71.5359],[-53.4401,71.579],[-53.476,71.6402],[-53.2497,71.7102],[-53.1389,71.7752],[-53.1445,71.8074],[-53.3337,71.7897],[-53.4201,71.9998],[-53.6929,72.1597],[-53.8099,72.2926],[-53.6521,72.3626],[-53.9277,72.3188],[-53.7929,72.1341],[-53.5137,71.9763],[-53.4625,71.8936],[-53.4776,71.85],[-53.7154,71.7577],[-53.7797,71.6785],[-53.8941,71.642],[-54.0199,71.6579],[-53.9121,71.5259],[-53.963,71.459],[-54.3177,71.3845],[-54.6891,71.3672],[-55.3364,71.4268],[-55.594,71.5535],[-55.6678,71.6268],[-55.6693,71.6915],[-55.5492,71.7683],[-55.4524,71.9577],[-55.3156,72.1107],[-54.8401,72.3561],[-54.8963,72.3942],[-55.3201,72.1996],[-55.5814,72.1789],[-55.6595,72.2226],[-55.6358,72.3004],[-55.3779,72.3111],[-55.2957,72.3544],[-55.428,72.4199],[-55.6017,72.4535],[-55.4568,72.5033],[-55.1219,72.4996],[-54.925,72.572],[-54.74,72.7002],[-54.7608,72.8317],[-54.7379,72.8725],[-54.8662,72.9668],[-55.0731,73.0151],[-55.134,72.9606],[-55.2889,72.9332],[-55.6686,73.0079],[-55.6928,73.1128],[-55.3587,73.2029],[-55.2972,73.2623],[-55.2883,73.3271],[-55.332,73.3974],[-55.4457,73.4605],[-55.7389,73.384],[-55.7871,73.4605],[-55.8755,73.5046],[-56.1041,73.5582],[-56.1092,73.5908],[-55.9684,73.7596],[-55.8383,73.7597],[-55.9295,73.8954],[-56.2254,74.1291],[-56.4932,74.1822],[-57.2306,74.1253],[-56.7063,74.2192],[-56.639,74.2784],[-56.6543,74.3781],[-56.7177,74.4292],[-56.2555,74.5268],[-56.8711,74.695],[-57.1909,74.8938],[-57.8132,75.04],[-58.2533,75.279],[-58.5655,75.3527],[-58.6035,75.3853],[-58.2812,75.4721],[-58.2497,75.5067],[-58.5162,75.6891],[-59.0816,75.7647],[-59.4453,75.8586],[-61.1882,76.1579],[-62.0967,76.2423],[-62.7429,76.2521],[-63.2913,76.3521],[-63.4389,76.3395],[-63.8431,76.2171],[-63.9604,76.2089],[-64.3073,76.3165],[-64.912,76.1725],[-65.3699,76.1306],[-65.5737,76.1442],[-65.9541,76.2417],[-66.4658,76.1392],[-66.874,76.2179],[-67.0787,76.1948],[-67.0548,76.1519],[-66.6748,75.9774],[-66.8262,75.9688],[-68.1487,76.067],[-68.7631,76.1866],[-69.3729,76.3319],[-69.4841,76.3992],[-68.865,76.5614],[-68.1143,76.6506],[-68.2234,76.6777],[-69.2521,76.6861],[-69.6738,76.7359],[-69.8881,76.8271],[-69.8722,76.8766],[-69.6942,76.9895],[-70.4413,76.8074],[-70.6131,76.8218],[-70.7928,76.8691],[-70.7347,76.929],[-71.015,76.9849],[-71.1415,77.0287],[-71.1549,77.0739],[-70.8628,77.1754],[-70.6037,77.1938],[-69.6565,77.229],[-68.9783,77.1953],[-68.7475,77.3069],[-68.5916,77.3425],[-68.1355,77.3796],[-66.938,77.3642],[-66.3895,77.2803],[-66.3713,77.2977],[-66.4477,77.3498],[-66.4531,77.3931],[-66.2665,77.5154],[-66.3064,77.5645],[-66.4454,77.6157],[-66.8235,77.6866],[-67.6881,77.5238],[-68.1373,77.5305],[-68.6215,77.6019],[-68.9746,77.4926],[-69.3514,77.4671],[-69.9768,77.5477],[-70.1182,77.5835],[-70.1264,77.6378],[-70.5619,77.7172],[-70.0815,77.8314],[-70.1145,77.8414],[-70.4124,77.8431],[-70.7287,77.7927],[-71.2716,77.8131],[-71.6499,77.8998],[-72.1585,77.9569],[-72.7915,78.1549],[-72.8181,78.1943],[-72.5813,78.2791],[-72.5709,78.2987],[-72.7148,78.3623],[-72.4725,78.482],[-71.6513,78.6231],[-70.9058,78.6385],[-69.9735,78.7777],[-68.9935,78.8574],[-68.9296,78.8668],[-69.0305,78.9429],[-68.3771,79.0378],[-67.3545,79.1233],[-66.0753,79.1182],[-65.8255,79.1737],[-65.4199,79.3402],[-65.2878,79.4373],[-65.1169,79.589],[-64.7923,80.0006],[-64.1792,80.0993],[-64.4399,80.1418],[-65.8104,80.0241],[-66.4477,80.0803],[-66.8437,80.0762],[-67.1413,80.1665],[-67.2015,80.2222],[-67.1932,80.2801],[-66.9959,80.413],[-66.6101,80.5296],[-65.6452,80.6851],[-64.5155,81],[-63.722,81.0573],[-63.4417,81.0139],[-63.0586,80.8856],[-63.0287,80.8896],[-63.2352,81.0834],[-63.2125,81.1431],[-62.9933,81.207],[-62.2989,81.1944],[-61.6356,81.1157],[-61.436,81.1336],[-61.1621,81.2815],[-61.1,81.3961],[-61.176,81.6319],[-61.2357,81.6946],[-61.2029,81.7469],[-60.8429,81.8554],[-60.4324,81.9202],[-59.9019,81.933],[-59.2819,81.884],[-58.0799,81.6222],[-57.5049,81.5399],[-56.8621,81.3827],[-56.6151,81.3629],[-56.8597,81.46],[-57.853,81.662],[-58.8167,81.9204],[-59.268,81.9821],[-59.2618,82.0066],[-58.7174,82.0931],[-56.5894,82.2271],[-55.5487,82.2458],[-55.4862,82.2829],[-55.3436,82.2996],[-54.5489,82.3506],[-53.9873,82.2792],[-53.6713,82.1641],[-53.582,82.0616],[-53.5955,81.738],[-53.5908,81.6769],[-53.5557,81.6533],[-53.145,81.7998],[-53.0412,81.871],[-52.9255,82.0384],[-53.102,82.1189],[-53.1107,82.2512],[-53.0226,82.3217],[-52.7756,82.3217],[-51.754,82.0782],[-51.3519,82.0256],[-50.8944,81.8952],[-49.5411,81.9181],[-50.3948,82.1207],[-50.7131,82.2374],[-50.9355,82.3828],[-50.9899,82.4602],[-50.0371,82.4724],[-48.8612,82.4054],[-47.3574,82.1736],[-46.6173,82.097],[-45.2911,81.8288],[-44.7295,81.7798],[-44.5324,81.8489],[-44.5269,81.8968],[-44.591,81.9567],[-44.6371,82.1044],[-44.5471,82.2601],[-44.3332,82.3108],[-44.2389,82.3682],[-44.3266,82.4717],[-45.5524,82.7252],[-45.5565,82.747],[-45.0674,82.785],[-42.6507,82.7415],[-41.8765,82.6803],[-41.3573,82.705],[-41.3696,82.75],[-41.4344,82.7786],[-44.762,82.8835],[-46.1368,82.8588],[-46.4782,82.9519],[-46.169,83.0639],[-45.4146,83.0177],[-44.6569,83.1291],[-43.0093,83.2646],[-42.2595,83.232],[-41.8198,83.1478],[-41.3001,83.1008],[-40.6895,83.2752],[-40.3568,83.3322],[-38.9311,83.1753],[-38.2784,82.9989],[-38.1562,82.9986],[-38.037,83.0463],[-37.9348,83.1607],[-38.5396,83.2582],[-38.7478,83.3326],[-38.7496,83.3709],[-38.5415,83.4148],[-38.0711,83.4121],[-37.7233,83.4978],[-36.8045,83.4658],[-36.6896,83.4799],[-36.6065,83.537],[-34.6678,83.5711],[-33.8374,83.53],[-32.9844,83.5996],[-29.9529,83.5648]]]}},{"type":"Feature","properties":{"ISO_A2":"FO","NAME":"Faeroe Is.","CONTINENT":"Europe","REGION":"Europe"},"geometry":{"type":"Polygon","coordinates":[[[-6.6311,62.2279],[-6.6558,62.0936],[-6.8234,62.1391],[-6.8405,62.1193],[-6.7144,61.9642],[-6.8097,61.9774],[-7.0136,62.094],[-7.1722,62.2856],[-6.9586,62.3163],[-6.6311,62.2279]]]}},{"type":"Feature","properties":{"ISO_A2":"DK","NAME":"Denmark","CONTINENT":"Europe","REGION":"Europe"},"geometry":{"type":"MultiPolygon","coordinates":[[[[12.5688,55.7851],[12.5712,55.685],[12.5452,55.6558],[12.3206,55.5878],[12.2435,55.5379],[12.215,55.4665],[12.2754,55.4143],[12.3852,55.3856],[12.4131,55.2862],[12.3225,55.2371],[12.0899,55.1881],[12.0504,54.8153],[11.8623,54.7726],[11.7409,54.9153],[11.6538,55.1869],[11.2863,55.2044],[11.1707,55.3286],[11.1897,55.4656],[11.128,55.5348],[11.121,55.6007],[11.0088,55.6444],[10.9789,55.7215],[11.3223,55.7525],[11.4637,55.8793],[11.4747,55.9435],[11.6277,55.9569],[11.6959,55.9079],[11.6909,55.729],[11.8197,55.6977],[11.9221,55.8281],[11.9346,55.8959],[11.8664,55.9682],[12.2189,56.1187],[12.5787,56.0641],[12.6084,56.033],[12.5248,55.9185],[12.5688,55.7851]]],[[[9.7397,54.8255],[9.6158,54.8554],[9.255,54.808],[8.9029,54.8969],[8.6707,54.9033],[8.6383,55.0456],[8.5729,55.1343],[8.6698,55.1557],[8.6159,55.4182],[8.1321,55.5998],[8.2023,55.9824],[8.1215,56.1399],[8.164,56.6069],[8.2814,56.6167],[8.5529,56.5603],[8.6717,56.4957],[8.7181,56.5443],[8.7361,56.6274],[8.8881,56.7351],[9.0671,56.7938],[9.1964,56.7017],[9.2549,57.0117],[9.1104,57.0437],[8.9928,57.0161],[8.772,56.7253],[8.4684,56.6646],[8.2683,56.754],[8.2663,56.8153],[8.4271,56.9844],[8.6186,57.1113],[9.4336,57.1743],[9.5543,57.2325],[9.9623,57.581],[10.2591,57.617],[10.5333,57.7354],[10.61,57.7369],[10.481,57.6487],[10.4446,57.5622],[10.5371,57.4485],[10.5241,57.2432],[10.2961,56.9991],[10.2827,56.6205],[10.4902,56.5205],[10.8459,56.5217],[10.9262,56.4433],[10.8564,56.2955],[10.7534,56.242],[10.539,56.2003],[10.427,56.2762],[10.3188,56.2129],[10.183,55.8652],[10.0174,55.8761],[9.9037,55.8428],[10.0236,55.7614],[9.5911,55.4932],[9.671,55.2664],[9.6433,55.2047],[9.5048,55.1163],[9.4537,55.0396],[9.6454,55.0228],[9.7323,54.968],[9.7053,54.9283],[9.7397,54.8255]]]]}},{"type":"Feature","properties":{"ISO_A2":"CZ","NAME":"Czechia","CONTINENT":"Europe","REGION":"Europe"},"geometry":{"type":"Polygon","coordinates":[[[18.8322,49.5108],[18.5965,49.4915],[18.3648,49.3362],[18.1609,49.2574],[18.0859,49.0651],[17.9133,48.9987],[17.7585,48.8881],[17.4826,48.8278],[17.1885,48.8609],[17.1356,48.8411],[17.0633,48.7808],[16.9531,48.5988],[16.8837,48.7037],[16.5436,48.7962],[16.4779,48.8001],[16.3673,48.739],[16.0572,48.7548],[15.8252,48.8645],[15.7008,48.8604],[15.3109,48.974],[15.1617,48.9463],[14.9935,49.0011],[14.9226,48.7714],[14.8219,48.774],[14.7859,48.7474],[14.7066,48.6719],[14.6913,48.5992],[14.4887,48.6255],[14.3676,48.5762],[14.1898,48.5786],[14.0491,48.6025],[13.9888,48.6924],[13.8147,48.7669],[13.5477,48.9597],[13.4407,48.9556],[13.2888,49.0975],[13.1405,49.1584],[12.9167,49.3305],[12.8134,49.3293],[12.6812,49.4145],[12.3905,49.7396],[12.5125,49.8774],[12.4576,49.9555],[12.2078,50.0975],[12.0898,50.3018],[12.1748,50.2884],[12.2773,50.1814],[12.4526,50.3498],[12.549,50.3934],[12.7654,50.431],[12.9427,50.4064],[13.0164,50.4904],[13.1812,50.5105],[13.2377,50.5768],[13.3746,50.6217],[13.4361,50.6011],[13.5567,50.7046],[13.8985,50.7613],[14.369,50.8987],[14.2559,51.0019],[14.2832,51.0295],[14.5457,50.9939],[14.6238,50.9147],[14.6136,50.8556],[14.7233,50.8147],[14.9829,50.8866],[14.9845,51.0034],[15.126,50.9929],[15.2586,50.9585],[15.2771,50.883],[15.3544,50.8118],[15.7306,50.7397],[15.9485,50.6703],[16.0072,50.6116],[16.2822,50.6556],[16.36,50.6214],[16.4125,50.5852],[16.3791,50.5169],[16.2104,50.4237],[16.3342,50.3669],[16.6392,50.1021],[16.9896,50.2369],[16.8691,50.4145],[17.152,50.3783],[17.4152,50.2548],[17.7022,50.3072],[17.7354,50.2308],[17.7093,50.1936],[17.5894,50.1575],[17.6271,50.1164],[17.8313,49.9833],[17.9838,49.9991],[18.0283,50.0353],[18.3053,49.9141],[18.3484,49.9298],[18.5624,49.8793],[18.5946,49.7578],[18.8069,49.6137],[18.8322,49.5108]]]}},{"type":"Feature","properties":{"ISO_A2":"CY","NAME":"Cyprus","CONTINENT":"Asia","REGION":"Asia"},"geometry":{"type":"Polygon","coordinates":[[[32.7127,35.171],[32.7841,35.1158],[32.9195,35.0878],[33.191,35.1731],[33.3838,35.1627],[33.456,35.1014],[33.4639,35.0049],[33.5257,35.0387],[33.6754,35.0179],[33.8664,35.0936],[34.0045,35.0652],[34.0502,34.9884],[33.6994,34.9699],[33.4149,34.7509],[33.1155,34.6956],[33.0249,34.6369],[33.0079,34.5696],[32.9418,34.5759],[32.8672,34.6611],[32.693,34.6494],[32.449,34.7294],[32.3172,34.9533],[32.301,35.083],[32.3909,35.0498],[32.556,35.1558],[32.7127,35.171]]]}},{"type":"Feature","properties":{"ISO_A2":"CU","NAME":"Cuba","CONTINENT":"North America","REGION":"Americas"},"geometry":{"type":"Polygon","coordinates":[[[-81.8375,23.163],[-81.5754,23.1165],[-81.2624,23.1568],[-81.2716,23.1286],[-81.1446,23.0549],[-81.0077,23.0898],[-80.6501,23.1031],[-80.5505,23.0166],[-80.3649,22.9434],[-80.0752,22.9423],[-79.9599,22.8769],[-79.8203,22.887],[-79.8507,22.8272],[-79.6767,22.7431],[-79.5492,22.5778],[-79.2757,22.4076],[-78.6865,22.3668],[-78.1431,22.1094],[-77.865,21.9006],[-77.6368,21.7974],[-77.4971,21.7883],[-77.5832,21.8893],[-77.4973,21.8716],[-77.2995,21.7123],[-77.1441,21.6436],[-77.1812,21.5977],[-77.3662,21.6126],[-77.2696,21.5379],[-77.2529,21.4835],[-77.2079,21.4789],[-77.0986,21.589],[-76.8363,21.3995],[-76.8674,21.3304],[-76.7261,21.3589],[-76.6474,21.2845],[-76.2592,21.2274],[-76.0736,21.1334],[-75.7229,21.111],[-75.6337,21.0613],[-75.5958,20.9947],[-75.6629,20.8981],[-75.5973,20.8376],[-75.7402,20.812],[-75.7604,20.7755],[-75.7246,20.7146],[-75.2133,20.7139],[-74.8826,20.6506],[-74.7321,20.5732],[-74.5131,20.3846],[-74.1675,20.2922],[-74.1368,20.2319],[-74.1537,20.1686],[-74.2528,20.0797],[-74.6348,20.0582],[-75.1164,19.9014],[-75.1516,20.0084],[-75.2194,19.9236],[-75.2905,19.8931],[-75.552,19.8911],[-75.7651,19.9604],[-76.1584,19.9897],[-76.7797,19.9402],[-76.9995,19.8928],[-77.7151,19.8555],[-77.5538,20.0821],[-77.2134,20.3004],[-77.1038,20.4075],[-77.1079,20.4917],[-77.189,20.56],[-77.2296,20.6438],[-77.467,20.6895],[-77.9973,20.7154],[-78.1164,20.7619],[-78.4908,21.0537],[-78.5766,21.4138],[-78.7277,21.5927],[-78.8229,21.6189],[-79.1892,21.5528],[-79.3574,21.5852],[-79.9103,21.7426],[-80.2313,21.8722],[-80.4854,22.1234],[-80.4991,22.0635],[-81.0356,22.0736],[-81.1167,22.1342],[-81.1855,22.268],[-81.2224,22.1429],[-81.2844,22.1094],[-81.3553,22.1041],[-81.4411,22.1838],[-81.8494,22.2137],[-82.0777,22.3877],[-81.7104,22.4967],[-81.6833,22.5348],[-81.7027,22.5919],[-81.8388,22.6725],[-82.738,22.6893],[-83.3796,22.223],[-83.4859,22.1871],[-83.6015,22.2087],[-83.9007,22.1701],[-84.031,21.9431],[-84.2407,21.8983],[-84.5026,21.7762],[-84.5014,21.9303],[-84.6269,21.9204],[-84.8382,21.8279],[-84.8872,21.857],[-84.8772,21.8941],[-84.5328,22.0312],[-84.3731,22.0359],[-84.3264,22.0743],[-84.383,22.2556],[-84.3613,22.3789],[-84.0449,22.666],[-83.2578,22.9676],[-82.6658,23.0436],[-82.3505,23.154],[-82.1014,23.1904],[-81.8375,23.163]]]}},{"type":"Feature","properties":{"ISO_A2":"HR","NAME":"Croatia","CONTINENT":"Europe","REGION":"Europe"},"geometry":{"type":"Polygon","coordinates":[[[13.5779,45.5169],[13.6152,45.4768],[13.8787,45.4284],[13.9928,45.5094],[14.0855,45.4778],[14.3699,45.4814],[14.5688,45.6572],[14.7931,45.4782],[14.9546,45.4999],[15.2421,45.4414],[15.3395,45.467],[15.2836,45.5797],[15.2901,45.6126],[15.3569,45.6455],[15.2729,45.7177],[15.6521,45.8622],[15.6756,45.9837],[15.6662,46.0485],[15.5969,46.1092],[15.609,46.1719],[16.0007,46.3054],[16.0665,46.3713],[16.2274,46.3729],[16.2533,46.3891],[16.2367,46.4838],[16.3212,46.5346],[16.748,46.4164],[17.0327,46.1873],[17.2422,46.0766],[17.3106,45.9961],[17.607,45.9138],[17.6396,45.8684],[17.8071,45.7904],[18.3583,45.753],[18.5336,45.7961],[18.666,45.9075],[18.9003,45.9317],[18.8936,45.8655],[18.8391,45.8357],[18.9473,45.6558],[18.9179,45.6008],[18.9537,45.558],[19.0551,45.5272],[19.0076,45.4658],[19.0047,45.3995],[19.0931,45.3369],[19.3303,45.2681],[19.401,45.1891],[19.206,45.1678],[19.1369,45.1962],[19.1297,45.1517],[19.0629,45.1372],[19.0853,44.9268],[19.0096,44.9194],[19.0071,44.8692],[18.9413,44.8652],[18.7884,44.9149],[18.7461,45.0265],[18.6626,45.0774],[18.285,45.1343],[17.9963,45.1418],[17.8744,45.0772],[17.8128,45.0781],[17.6535,45.1635],[17.5026,45.1204],[17.1254,45.1718],[16.9187,45.2766],[16.7908,45.1969],[16.5307,45.2167],[16.2934,45.0088],[16.1573,45.0722],[16.0283,45.1896],[15.8883,45.2157],[15.7881,45.179],[15.7366,44.7658],[16.1034,44.521],[16.2143,44.2151],[16.3001,44.1245],[16.5905,43.9132],[16.7135,43.7788],[17.0846,43.5166],[17.2738,43.4458],[17.2931,43.3056],[17.6505,43.0066],[17.6435,42.9598],[17.5852,42.9384],[17.3299,43.1149],[17.1294,43.2111],[16.9031,43.3924],[16.3939,43.5434],[16.1311,43.5063],[15.9855,43.5198],[15.9426,43.5689],[15.9415,43.6566],[15.4994,43.9088],[15.1858,44.1721],[15.1229,44.2568],[15.2843,44.2888],[15.471,44.272],[15.2698,44.3835],[14.9813,44.6029],[14.8952,44.7066],[14.9065,44.9714],[14.8546,45.081],[14.5505,45.2977],[14.3127,45.3378],[14.2363,45.1597],[13.9658,44.8356],[13.8607,44.8374],[13.6293,45.1082],[13.5172,45.4818],[13.5779,45.5169]]]}},{"type":"Feature","properties":{"ISO_A2":"CI","NAME":"Côte d'Ivoire","CONTINENT":"Africa","REGION":"Africa"},"geometry":{"type":"Polygon","coordinates":[[[-7.9906,10.1625],[-7.8142,10.2366],[-7.6611,10.4274],[-7.4979,10.4398],[-7.3851,10.3401],[-7.3632,10.2594],[-7.1049,10.2035],[-7.0171,10.1433],[-6.9682,10.1762],[-6.9917,10.2519],[-6.9503,10.3423],[-6.6933,10.3495],[-6.6693,10.3922],[-6.6861,10.578],[-6.6541,10.6564],[-6.5646,10.5864],[-6.4239,10.5591],[-6.4259,10.6718],[-6.2611,10.7241],[-6.1907,10.4003],[-6.2413,10.2792],[-6.1172,10.2019],[-6.0346,10.1948],[-5.8438,10.3896],[-5.5566,10.4399],[-5.3823,10.314],[-5.2623,10.3197],[-5.0999,10.2416],[-4.994,10.0465],[-4.9699,9.9301],[-4.6258,9.7136],[-4.5266,9.7235],[-4.4062,9.648],[-4.3322,9.6457],[-4.2672,9.7433],[-3.7906,9.9172],[-3.2235,9.8955],[-3.0958,9.7521],[-2.9883,9.6874],[-2.8167,9.4258],[-2.7666,9.4247],[-2.6958,9.4813],[-2.7018,9.3017],[-2.6742,9.2826],[-2.7469,9.0451],[-2.6899,9.0251],[-2.6004,8.8004],[-2.5059,8.2087],[-2.6117,8.1476],[-2.6134,8.0467],[-2.7897,7.9319],[-2.9591,7.4545],[-2.9858,7.2049],[-3.2358,6.8072],[-3.2439,6.6487],[-3.2006,6.3482],[-2.9983,5.7113],[-2.9623,5.643],[-2.7937,5.6001],[-2.755,5.4325],[-2.8157,5.153],[-2.9483,5.1188],[-3.1687,5.203],[-3.1514,5.3483],[-3.2,5.3545],[-3.2376,5.3354],[-3.3476,5.1307],[-3.8706,5.2207],[-3.9842,5.2932],[-4.1202,5.3097],[-4.5528,5.2799],[-4.6089,5.2359],[-4.1152,5.2616],[-4.0372,5.2301],[-4.8997,5.1383],[-4.9701,5.1478],[-5.0237,5.2036],[-5.2824,5.2103],[-5.3675,5.1508],[-5.1049,5.1622],[-5.0618,5.1307],[-5.5647,5.0895],[-5.9138,5.0109],[-6.8452,4.6715],[-7.4261,4.376],[-7.545,4.3513],[-7.5716,4.3864],[-7.5912,4.8215],[-7.5689,5.0807],[-7.5098,5.1085],[-7.4852,5.2364],[-7.4298,5.3245],[-7.3999,5.5506],[-7.4544,5.8413],[-7.7304,5.919],[-7.7965,5.9751],[-7.8886,6.2349],[-7.9816,6.2861],[-8.2871,6.319],[-8.4499,6.4625],[-8.5396,6.4681],[-8.6036,6.5078],[-8.3326,6.8016],[-8.3023,6.981],[-8.2966,7.074],[-8.4372,7.5164],[-8.4864,7.5585],[-8.43,7.6019],[-8.2319,7.5567],[-8.1154,7.7607],[-8.1269,7.8677],[-8.0099,8.0785],[-8.0486,8.1697],[-8.1406,8.1814],[-8.2561,8.2537],[-8.237,8.4557],[-8.21,8.4833],[-8.0491,8.4953],[-7.8236,8.4677],[-7.739,8.3752],[-7.6961,8.3756],[-7.6812,8.4104],[-7.7196,8.643],[-7.784,8.7206],[-7.951,8.7868],[-7.9382,8.9798],[-7.778,9.0809],[-7.9181,9.1885],[-7.8962,9.4159],[-8.031,9.3977],[-8.137,9.4957],[-8.1552,9.9732],[-7.9906,10.1625]]]}},{"type":"Feature","properties":{"ISO_A2":"CR","NAME":"Costa Rica","CONTINENT":"North America","REGION":"Americas"},"geometry":{"type":"Polygon","coordinates":[[[-82.5636,9.5767],[-82.6441,9.5059],[-82.801,9.5918],[-82.9398,9.4492],[-82.9403,9.0601],[-82.8813,9.0559],[-82.7831,8.9903],[-82.7278,8.9161],[-82.882,8.8053],[-82.917,8.7403],[-82.8557,8.6353],[-82.8616,8.4535],[-83.0273,8.3377],[-82.9129,8.1996],[-82.8793,8.0707],[-82.9473,8.1817],[-83.1233,8.3531],[-83.1624,8.5882],[-83.2858,8.6644],[-83.3914,8.7177],[-83.4697,8.7068],[-83.4218,8.6192],[-83.2978,8.5069],[-83.2915,8.406],[-83.6047,8.4803],[-83.7341,8.6145],[-83.6137,8.8041],[-83.6373,9.0354],[-83.7369,9.1503],[-83.8956,9.2764],[-84.1179,9.3794],[-84.2224,9.4625],[-84.5816,9.5684],[-84.6589,9.6467],[-84.6431,9.7894],[-84.7149,9.8994],[-85.025,10.1157],[-85.2632,10.2566],[-85.2365,10.1074],[-85.1607,10.0174],[-84.9628,9.9334],[-84.8864,9.8209],[-85.0597,9.6683],[-85.0771,9.602],[-85.1145,9.5818],[-85.3146,9.8109],[-85.6249,9.9024],[-85.7965,10.1329],[-85.8497,10.292],[-85.8306,10.3981],[-85.6633,10.6354],[-85.6672,10.745],[-85.908,10.8976],[-85.7522,10.9853],[-85.7437,11.043],[-85.6537,11.1531],[-85.5842,11.1895],[-84.9092,10.9453],[-84.7012,11.0522],[-84.3483,10.9799],[-84.1684,10.7804],[-83.9193,10.7354],[-83.7129,10.7859],[-83.6589,10.8369],[-83.642,10.9172],[-83.4482,10.4659],[-83.3468,10.3154],[-83.1246,10.0416],[-83.0285,9.9913],[-82.7784,9.6695],[-82.5636,9.5767]]]}},{"type":"Feature","properties":{"ISO_A2":"CD","NAME":"Dem. Rep. Congo","CONTINENT":"Africa","REGION":"Africa"},"geometry":{"type":"Polygon","coordinates":[[[30.7512,-8.1937],[28.8981,-8.4854],[28.9345,-8.5902],[28.8695,-8.7858],[28.6813,-9.0146],[28.4007,-9.2248],[28.4002,-9.275],[28.5405,-9.5101],[28.6301,-9.8312],[28.6074,-10.3974],[28.6455,-10.5502],[28.6389,-10.6692],[28.5442,-10.8023],[28.3572,-11.483],[28.4825,-11.8121],[28.85,-12.1205],[29.0644,-12.3488],[29.4275,-12.4312],[29.4855,-12.4185],[29.5082,-12.2282],[29.7951,-12.1555],[29.7965,-13.3697],[29.7752,-13.4381],[29.7227,-13.4538],[29.6518,-13.4144],[29.6303,-13.2985],[29.5542,-13.2489],[29.2019,-13.3983],[29.1116,-13.3951],[29.0143,-13.3688],[28.9423,-13.3071],[28.9217,-13.2146],[28.6729,-12.8613],[28.5509,-12.8361],[28.4129,-12.5181],[27.8574,-12.2849],[27.6443,-12.2668],[27.5334,-12.1953],[27.4236,-11.9445],[27.2381,-11.7835],[27.1964,-11.6051],[27.1592,-11.5792],[27.0461,-11.6159],[26.9496,-11.8988],[26.824,-11.9652],[26.5964,-11.9721],[26.026,-11.8901],[25.6188,-11.7441],[25.5119,-11.7534],[25.3494,-11.623],[25.2826,-11.405],[25.3193,-11.2369],[25.2888,-11.2124],[24.6683,-11.3529],[24.5186,-11.4385],[24.3779,-11.4171],[24.3352,-11.3713],[24.3963,-11.2552],[24.3657,-11.1299],[24.3199,-11.0718],[24.1365,-11.026],[24.0784,-10.8915],[23.9665,-10.8718],[23.9287,-10.8915],[23.9012,-10.9832],[23.8339,-11.0137],[23.464,-10.9693],[23.0763,-11.0879],[22.561,-11.0559],[22.2788,-11.1941],[22.2262,-11.122],[22.1779,-10.8923],[22.2035,-10.8295],[22.2805,-10.784],[22.307,-10.6913],[22.2745,-10.2591],[22.1978,-10.0406],[22.0892,-9.8628],[21.8566,-9.5942],[21.8132,-9.4687],[21.9054,-8.6934],[21.8959,-8.3411],[21.8009,-8.1119],[21.7801,-7.8654],[21.8416,-7.421],[21.7816,-7.3146],[20.6078,-7.2777],[20.5358,-7.1828],[20.5987,-6.9352],[20.4822,-6.9158],[19.8752,-6.9863],[19.6604,-7.0371],[19.5276,-7.1444],[19.4838,-7.2795],[19.4799,-7.4722],[19.3717,-7.6551],[19.3408,-7.9666],[18.9444,-8.0015],[18.5627,-7.9359],[18.1915,-8.0238],[18.0088,-8.1076],[17.9131,-8.0677],[17.5796,-8.099],[17.536,-8.0759],[17.1551,-7.4613],[16.9848,-7.2574],[16.9521,-7.157],[16.9658,-7.0621],[16.9194,-6.934],[16.743,-6.6185],[16.6973,-6.1643],[16.5371,-5.9658],[16.4314,-5.9002],[16.3152,-5.8656],[14.3986,-5.8927],[13.7646,-5.8552],[13.3026,-5.8818],[13.0033,-5.8361],[12.7916,-5.8777],[12.6807,-5.9608],[12.5146,-6.0042],[12.4117,-5.9863],[12.2137,-5.7587],[12.5037,-5.6958],[12.5224,-5.1489],[12.4532,-5.0906],[12.8297,-4.7366],[13.0573,-4.6511],[13.0874,-4.602],[13.1366,-4.6043],[13.2196,-4.7059],[13.4149,-4.8374],[13.6596,-4.7215],[13.7171,-4.4545],[13.778,-4.4339],[13.9409,-4.4847],[14.3583,-4.2994],[14.4498,-4.4495],[14.3654,-4.5855],[14.4107,-4.8312],[14.4616,-4.8649],[14.7079,-4.8817],[14.7793,-4.8457],[15.2672,-4.3076],[15.3946,-4.2449],[15.6001,-4.031],[15.8725,-3.9343],[15.99,-3.7662],[16.1468,-3.4642],[16.2174,-3.0303],[16.1916,-2.2791],[16.2153,-2.1778],[16.5407,-1.8401],[16.8799,-1.2259],[17.1076,-1.0645],[17.2788,-0.9996],[17.7528,-0.549],[17.7241,-0.2775],[17.7731,-0.0524],[17.8877,0.2341],[17.9252,0.5373],[17.8857,0.8569],[17.9024,1.1181],[18.0578,1.5349],[18.0722,2.0133],[18.2116,2.4149],[18.4909,2.9244],[18.6222,3.3041],[18.5967,3.6787],[18.6337,3.9543],[18.6199,4.1166],[18.5675,4.2576],[18.5941,4.3462],[18.6999,4.3826],[18.8317,4.5234],[19.0686,4.8914],[19.3234,5.0708],[19.501,5.1275],[19.686,5.1214],[19.8065,5.0893],[20.2264,4.8296],[20.3936,4.6862],[20.5581,4.4627],[20.9558,4.4131],[21.1256,4.3322],[21.2298,4.3022],[21.3502,4.3114],[21.5376,4.2448],[21.687,4.2814],[22.4222,4.135],[22.5057,4.2077],[22.7117,4.5917],[22.8646,4.7239],[23.1159,4.7369],[23.3129,4.6635],[23.4172,4.6631],[24.3198,4.9941],[24.4371,5.01],[24.7655,4.9301],[24.9784,4.983],[25.0652,4.9674],[25.2493,5.0246],[25.4002,5.2559],[25.5251,5.3121],[26.8221,5.0624],[27.0206,5.1844],[27.1149,5.1979],[27.4033,5.1092],[27.491,4.9676],[27.6642,4.846],[27.7881,4.6447],[27.9807,4.5321],[28.1921,4.3502],[28.4275,4.3242],[28.7271,4.505],[28.9394,4.4871],[29.1515,4.3882],[29.2249,4.3919],[29.3849,4.4984],[29.4696,4.6118],[29.5521,4.636],[29.6769,4.5869],[29.8702,4.3271],[30.1949,3.9819],[30.5083,3.8357],[30.5867,3.6242],[30.7572,3.6242],[30.8386,3.4907],[30.8953,3.4637],[30.9064,3.4089],[30.8278,3.2826],[30.754,3.0418],[30.8508,2.8937],[30.7695,2.678],[30.7286,2.4554],[30.8301,2.4004],[30.9619,2.4033],[31.0821,2.2881],[31.1764,2.2701],[31.274,2.1463],[31.2527,2.0446],[30.9426,1.6828],[30.4781,1.2391],[30.3211,1.1853],[30.2401,1.1028],[30.1829,0.9735],[29.9429,0.8192],[29.9345,0.499],[29.7778,0.1664],[29.7177,0.0983],[29.6332,-0.4417],[29.6479,-0.5353],[29.5619,-0.9773],[29.577,-1.3879],[29.3517,-1.5176],[29.1966,-1.7199],[29.1294,-1.8603],[29.1315,-2.1951],[28.8764,-2.4003],[28.8576,-2.4467],[28.9218,-2.682],[29.0144,-2.7202],[29.0166,-2.7996],[29.2244,-3.0535],[29.2118,-3.8338],[29.2232,-3.9108],[29.3313,-4.0954],[29.4032,-4.4493],[29.3234,-4.8988],[29.607,-5.7227],[29.4801,-6.025],[29.5408,-6.3139],[29.7097,-6.6169],[30.1063,-6.915],[30.2127,-7.0379],[30.3132,-7.2037],[30.7512,-8.1937]]]}},{"type":"Feature","properties":{"ISO_A2":"CG","NAME":"Congo","CONTINENT":"Africa","REGION":"Africa"},"geometry":{"type":"Polygon","coordinates":[[[11.1302,-3.9163],[11.2345,-3.6908],[11.5043,-3.5203],[11.6857,-3.682],[11.8491,-3.6967],[11.8799,-3.6659],[11.8329,-3.5314],[11.9342,-3.3186],[11.7154,-3.177],[11.6891,-3.127],[11.7602,-2.9831],[11.6391,-2.8554],[11.5378,-2.8367],[11.5945,-2.671],[11.5752,-2.3971],[11.6055,-2.3426],[11.7268,-2.3947],[11.9503,-2.3448],[12.0645,-2.4126],[12.4464,-2.33],[12.4785,-2.112],[12.4321,-1.9289],[12.5904,-1.8269],[12.7936,-1.9318],[12.992,-2.3134],[13.3573,-2.4048],[13.4649,-2.3954],[13.6186,-2.2786],[13.7338,-2.1385],[13.7844,-2.1638],[13.8785,-2.3302],[13.8618,-2.4299],[13.8869,-2.4654],[13.9938,-2.4906],[14.0874,-2.4669],[14.1998,-2.3542],[14.1629,-2.2176],[14.2018,-2.1799],[14.2515,-2.0015],[14.384,-1.89],[14.4232,-1.7115],[14.4029,-1.5934],[14.4473,-1.5251],[14.4556,-1.4132],[14.4106,-0.9721],[14.4741,-0.5734],[14.3638,-0.4686],[14.2067,-0.4273],[14.0694,-0.2701],[13.898,-0.2426],[13.8601,-0.2033],[13.8846,0.1908],[13.9496,0.3538],[14.0875,0.5366],[14.231,0.5511],[14.3242,0.6242],[14.4345,0.8115],[14.4299,0.9015],[14.303,1.1208],[14.2397,1.3226],[14.1809,1.3702],[13.8514,1.4188],[13.2741,1.241],[13.2163,1.2484],[13.1901,1.2792],[13.2474,1.3667],[13.1627,1.6481],[13.1722,1.7886],[13.2936,2.1616],[14.4841,2.1547],[14.5789,2.1991],[14.7629,2.0752],[14.875,2.0805],[14.9024,2.0123],[15.0996,2.0023],[15.1601,2.0356],[15.3388,1.9447],[15.6003,1.9504],[15.7416,1.915],[16.0594,1.6762],[16.1195,1.7141],[16.135,1.7959],[16.0879,1.9181],[16.0801,2.1068],[16.1766,2.2048],[16.4686,2.8317],[16.4768,3.1651],[16.5704,3.4631],[16.6107,3.5054],[16.6733,3.5352],[17.2247,3.5984],[17.438,3.6846],[17.8804,3.5539],[18.1113,3.5511],[18.1609,3.4998],[18.3182,3.5808],[18.4744,3.623],[18.4998,3.6041],[18.5538,3.5102],[18.6104,3.4784],[18.6222,3.3041],[18.4909,2.9244],[18.2116,2.4149],[18.0722,2.0133],[18.0578,1.5349],[17.9024,1.1181],[17.8857,0.8569],[17.9252,0.5373],[17.8877,0.2341],[17.7731,-0.0524],[17.7241,-0.2775],[17.7528,-0.549],[17.2788,-0.9996],[17.1076,-1.0645],[16.8799,-1.2259],[16.5407,-1.8401],[16.2153,-2.1778],[16.1916,-2.2791],[16.2174,-3.0303],[16.1468,-3.4642],[15.8725,-3.9343],[15.6001,-4.031],[15.526,-4.088],[15.481,-4.1718],[15.2672,-4.3076],[14.7793,-4.8457],[14.7079,-4.8817],[14.4616,-4.8649],[14.4107,-4.8312],[14.3654,-4.5855],[14.4498,-4.4495],[14.3583,-4.2994],[13.9409,-4.4847],[13.778,-4.4339],[13.7171,-4.4545],[13.6596,-4.7215],[13.4149,-4.8374],[13.2196,-4.7059],[13.1366,-4.6043],[13.0874,-4.602],[13.0728,-4.6348],[12.8811,-4.4451],[12.7982,-4.4306],[12.6417,-4.5312],[12.3846,-4.6191],[12.3079,-4.7655],[12.2043,-4.7786],[12.0184,-5.0043],[11.8207,-4.7555],[11.7809,-4.6766],[11.7775,-4.5658],[11.1302,-3.9163]]]}},{"type":"Feature","properties":{"ISO_A2":"KM","NAME":"Comoros","CONTINENT":"Africa","REGION":"Africa"},"geometry":{"type":"Polygon","coordinates":[[[43.4658,-11.9013],[43.3033,-11.844],[43.2267,-11.7519],[43.2561,-11.4321],[43.299,-11.3745],[43.3415,-11.3685],[43.393,-11.4086],[43.3794,-11.6142],[43.4915,-11.8621],[43.4658,-11.9013]]]}},{"type":"Feature","properties":{"ISO_A2":"CO","NAME":"Colombia","CONTINENT":"South America","REGION":"Americas"},"geometry":{"type":"Polygon","coordinates":[[[-71.3197,11.8619],[-71.5361,11.7741],[-71.9581,11.6664],[-72.2485,11.1964],[-72.4461,11.1143],[-72.6901,10.8358],[-72.8693,10.4913],[-73.0065,9.7892],[-73.3662,9.1941],[-73.3367,9.1679],[-73.1932,9.1941],[-73.0584,9.2596],[-73.0093,9.2399],[-72.9602,9.1352],[-72.7964,9.109],[-72.6654,8.6276],[-72.4166,8.382],[-72.3903,8.2871],[-72.3576,8.0873],[-72.446,7.9661],[-72.472,7.5243],[-72.3946,7.4151],[-72.2077,7.3703],[-72.0843,7.0969],[-72.0066,7.0326],[-71.8927,6.9903],[-71.6209,7.0329],[-71.1286,6.9867],[-71.0133,6.9944],[-70.7372,7.09],[-70.3875,6.9726],[-70.1292,6.9536],[-69.4393,6.1349],[-69.3571,6.148],[-69.2682,6.0997],[-69.0899,6.1844],[-68.9372,6.1982],[-68.7365,6.1568],[-68.4718,6.1565],[-67.9389,6.2419],[-67.8592,6.2899],[-67.5681,6.2418],[-67.482,6.1803],[-67.4394,6.0255],[-67.4739,5.93],[-67.5752,5.8331],[-67.6313,5.7094],[-67.6423,5.5588],[-67.6946,5.4475],[-67.7884,5.3755],[-67.8249,5.2705],[-67.8042,5.1325],[-67.8553,4.5069],[-67.8143,4.4551],[-67.7832,4.1982],[-67.6616,3.8643],[-67.6025,3.7688],[-67.4987,3.6911],[-67.3111,3.4159],[-67.3536,3.3227],[-67.8348,2.8928],[-67.8591,2.7936],[-67.7665,2.8333],[-67.6187,2.7936],[-67.568,2.6899],[-67.2108,2.3901],[-67.2152,2.2755],[-67.1138,2.0506],[-67.1314,1.9999],[-66.8845,1.3583],[-66.876,1.223],[-67.0652,1.1784],[-67.0937,1.21],[-67.0901,1.6156],[-67.1192,1.7036],[-67.352,2.0858],[-67.4004,2.1167],[-67.5561,2.073],[-67.8151,1.7901],[-67.9362,1.7485],[-68.0329,1.788],[-68.1303,1.9558],[-68.1938,1.987],[-68.256,1.8455],[-68.1766,1.7198],[-69.3197,1.7212],[-69.5429,1.7732],[-69.8486,1.7087],[-69.8521,1.0595],[-69.3118,1.0505],[-69.1632,0.8641],[-69.1768,0.7128],[-69.1533,0.6588],[-69.283,0.6272],[-69.4721,0.7299],[-69.8071,0.6075],[-70.0539,0.5786],[-70.0705,-0.1389],[-69.9228,-0.3175],[-69.634,-0.5093],[-69.592,-0.6394],[-69.6119,-0.7628],[-69.5436,-0.9172],[-69.4487,-0.9987],[-69.4491,-1.0916],[-69.4002,-1.1949],[-69.9659,-4.2359],[-70.1675,-4.0502],[-70.2403,-3.8827],[-70.3395,-3.8144],[-70.5297,-3.8664],[-70.7351,-3.7815],[-70.074,-2.7502],[-70.0647,-2.7017],[-70.0958,-2.6582],[-70.648,-2.4058],[-70.7054,-2.342],[-70.9686,-2.2068],[-71.1134,-2.2454],[-71.1964,-2.3131],[-71.397,-2.3341],[-71.5595,-2.2242],[-71.7525,-2.1527],[-71.9843,-2.3266],[-72.0538,-2.3246],[-72.2185,-2.4005],[-72.3956,-2.4289],[-72.6253,-2.3517],[-72.8112,-2.4055],[-72.9411,-2.394],[-72.9896,-2.3397],[-73.1545,-2.2782],[-73.1727,-2.2084],[-73.1265,-2.0811],[-73.197,-1.8303],[-73.224,-1.7877],[-73.3495,-1.7839],[-73.4963,-1.6931],[-73.5252,-1.6389],[-73.4943,-1.5366],[-73.5214,-1.4497],[-73.6643,-1.2488],[-73.8632,-1.1967],[-74.0544,-1.0286],[-74.2464,-0.9706],[-74.3344,-0.8509],[-74.4179,-0.5807],[-74.6164,-0.37],[-74.7554,-0.2986],[-74.8018,-0.2001],[-74.9453,-0.1882],[-75.1384,-0.0505],[-75.2246,-0.0417],[-75.2845,-0.1065],[-75.464,-0.0384],[-75.6173,0.0629],[-75.7767,0.0893],[-75.8798,0.151],[-76.0679,0.3456],[-76.2706,0.4394],[-76.311,0.4485],[-76.3882,0.405],[-76.4273,0.2612],[-76.4946,0.2354],[-76.729,0.2721],[-76.7677,0.2417],[-76.8293,0.2478],[-77.1141,0.3551],[-77.3963,0.3939],[-77.4677,0.6365],[-77.6486,0.7236],[-77.7029,0.8378],[-77.8295,0.8254],[-78.3121,1.0461],[-78.5115,1.1988],[-78.6816,1.2834],[-78.8597,1.4554],[-78.8885,1.5241],[-79.0254,1.6237],[-78.9577,1.7522],[-78.793,1.8487],[-78.5769,1.7738],[-78.5504,1.9236],[-78.6286,2.0563],[-78.5917,2.3566],[-78.5347,2.4237],[-78.4169,2.4835],[-78.3429,2.4605],[-78.2961,2.5105],[-78.12,2.4882],[-78.0666,2.5091],[-77.9323,2.6292],[-77.8745,2.7259],[-77.8136,2.7164],[-77.67,2.8789],[-77.6937,3.0399],[-77.5591,3.076],[-77.4171,3.3418],[-77.3565,3.3486],[-77.3244,3.4748],[-77.0768,3.9133],[-77.1666,3.8623],[-77.2635,3.8932],[-77.2484,4.041],[-77.278,4.0585],[-77.3582,3.9447],[-77.4273,4.0604],[-77.4087,4.2478],[-77.5207,4.2128],[-77.5155,4.2563],[-77.3535,4.3983],[-77.2863,4.7217],[-77.3395,4.8385],[-77.3733,5.324],[-77.4018,5.4162],[-77.5344,5.5371],[-77.3246,5.6756],[-77.2493,5.7802],[-77.3447,5.9954],[-77.4694,6.1768],[-77.473,6.2856],[-77.3982,6.275],[-77.3688,6.5756],[-77.4389,6.6903],[-77.526,6.6931],[-77.8037,7.1373],[-77.9012,7.2293],[-77.8283,7.4428],[-77.7647,7.4837],[-77.7439,7.537],[-77.7619,7.6988],[-77.7063,7.6912],[-77.5866,7.5431],[-77.5383,7.5663],[-77.3508,7.7059],[-77.3456,7.8365],[-77.196,7.9725],[-77.4073,8.4272],[-77.4785,8.4984],[-77.3931,8.6447],[-77.3441,8.6367],[-77.2616,8.4937],[-77.1301,8.4006],[-76.9358,8.1468],[-76.8519,8.0905],[-76.9122,8.0334],[-76.9247,7.9732],[-76.8966,7.9395],[-76.7866,7.9316],[-76.7423,8.0021],[-76.7721,8.3105],[-76.8186,8.4647],[-76.9205,8.5737],[-76.888,8.6199],[-76.6894,8.6947],[-76.2769,8.9891],[-76.1355,9.2656],[-76.0272,9.3658],[-75.905,9.4309],[-75.7556,9.4156],[-75.6394,9.4504],[-75.6036,9.5385],[-75.68,9.7298],[-75.5927,9.9927],[-75.5959,10.1258],[-75.5386,10.2052],[-75.5584,10.2364],[-75.7083,10.1434],[-75.5537,10.3277],[-75.446,10.6109],[-74.8446,11.1097],[-74.4542,10.9891],[-74.3302,10.9967],[-74.4923,10.9345],[-74.5163,10.8625],[-74.4603,10.7871],[-74.4009,10.7652],[-74.3502,10.8137],[-74.2191,11.1053],[-74.2002,11.2657],[-74.1429,11.3209],[-74.0591,11.3406],[-73.6769,11.2715],[-73.3134,11.2958],[-72.7218,11.7122],[-72.275,11.8893],[-72.1652,12.0602],[-72.1357,12.1886],[-72.0551,12.2384],[-71.9701,12.2383],[-71.9191,12.3091],[-71.7146,12.42],[-71.494,12.4323],[-71.2621,12.3353],[-71.155,12.1642],[-71.1373,12.0463],[-71.3197,11.8619]]]}},{"type":"Feature","properties":{"ISO_A2":"CN","NAME":"China","CONTINENT":"Asia","REGION":"Asia"},"geometry":{"type":"Polygon","coordinates":[[[73.6073,39.2292],[73.6231,39.2979],[73.6363,39.3967],[73.6316,39.4489],[73.7157,39.4623],[73.8229,39.489],[73.8728,39.5333],[73.9071,39.5785],[73.9146,39.6065],[73.8825,39.7146],[73.8397,39.7628],[73.8354,39.8001],[73.8563,39.8287],[73.9388,39.9788],[73.9916,40.0431],[74.0205,40.0594],[74.0852,40.0743],[74.2427,40.092],[74.4119,40.1372],[74.6131,40.2722],[74.6799,40.3106],[74.7678,40.3299],[74.8305,40.3285],[74.8418,40.345],[74.8013,40.4285],[74.8111,40.4588],[74.8352,40.4826],[74.8656,40.4935],[75.0045,40.4495],[75.1113,40.4541],[75.241,40.4803],[75.5208,40.6275],[75.5556,40.6252],[75.5835,40.6053],[75.6174,40.5166],[75.656,40.3292],[75.6771,40.3058],[75.872,40.3032],[76.0043,40.3714],[76.0623,40.3875],[76.1566,40.3765],[76.2061,40.4084],[76.2583,40.4308],[76.3186,40.3522],[76.3964,40.3898],[76.4802,40.4495],[76.5209,40.5112],[76.5779,40.5779],[76.6222,40.6624],[76.6398,40.7422],[76.6611,40.7796],[76.7084,40.8181],[76.824,40.9823],[76.9077,41.0242],[76.9866,41.0392],[77.182,41.0107],[77.284,41.0144],[77.5817,40.9928],[77.7193,41.0243],[77.8152,41.0556],[77.9564,41.0507],[78.1234,41.0756],[78.3463,41.2814],[78.3488,41.3252],[78.3624,41.3716],[78.4429,41.4175],[78.5432,41.4596],[78.7426,41.5601],[79.1484,41.7191],[79.2936,41.7828],[79.3544,41.7811],[79.5039,41.821],[79.7661,41.8989],[79.8404,41.9958],[79.9097,42.015],[80.2162,42.0324],[80.2352,42.0435],[80.2462,42.0598],[80.2292,42.1298],[80.2094,42.19],[80.233,42.2078],[80.2591,42.2354],[80.2551,42.2742],[80.2058,42.3994],[80.1793,42.5184],[80.1619,42.6255],[80.165,42.6655],[80.2022,42.7345],[80.2503,42.7973],[80.424,42.8558],[80.539,42.8735],[80.5438,42.9117],[80.4507,42.9355],[80.3834,42.9738],[80.3713,42.9956],[80.3745,43.0204],[80.3902,43.0431],[80.617,43.1283],[80.7512,43.1025],[80.7777,43.1189],[80.7857,43.1616],[80.757,43.2043],[80.7298,43.2743],[80.6678,43.3101],[80.6654,43.353],[80.7038,43.4271],[80.6508,43.5642],[80.496,43.8921],[80.4315,43.9518],[80.3958,44.0472],[80.3553,44.0973],[80.359,44.1713],[80.3653,44.2233],[80.3549,44.3265],[80.3363,44.4384],[80.3551,44.552],[80.391,44.6268],[80.3814,44.6554],[80.4006,44.6769],[80.4555,44.6841],[80.4815,44.7146],[80.4555,44.7461],[80.3608,44.7703],[80.2551,44.8081],[79.9972,44.7972],[79.9321,44.8252],[79.8753,44.8608],[79.8719,44.8838],[79.9502,44.9441],[80.0592,45.0064],[80.2282,45.034],[80.4149,45.0751],[80.5092,45.105],[80.6348,45.1265],[80.7801,45.1355],[80.8533,45.1293],[81.0403,45.1691],[81.3348,45.2462],[81.6021,45.3108],[81.692,45.3494],[81.7589,45.3108],[81.7896,45.226],[81.8675,45.1821],[81.9449,45.1608],[81.9893,45.1619],[82.1228,45.1949],[82.2666,45.2191],[82.3234,45.2059],[82.3967,45.1625],[82.4787,45.1236],[82.5215,45.1255],[82.559,45.1554],[82.597,45.216],[82.6211,45.2931],[82.6258,45.3744],[82.6116,45.4243],[82.5825,45.4426],[82.4517,45.472],[82.3267,45.5199],[82.3122,45.5637],[82.3152,45.5949],[82.3481,45.6715],[82.4297,45.8119],[82.5117,46.0058],[82.5551,46.1587],[82.6922,46.3867],[82.8,46.6245],[82.9749,46.966],[83.0041,47.0335],[83.0295,47.1859],[83.0903,47.2094],[83.1931,47.1866],[83.4436,47.1086],[83.6341,47.0432],[83.714,47.021],[83.8326,46.9979],[84.016,46.9705],[84.1221,46.9786],[84.2151,46.9947],[84.3389,46.9961],[84.5324,46.9758],[84.6666,46.9724],[84.7195,46.9394],[84.746,46.8644],[84.7861,46.8307],[84.8582,46.8432],[85.0122,46.9092],[85.1105,46.9612],[85.2335,47.0364],[85.3554,47.0467],[85.4848,47.0635],[85.5297,47.1008],[85.5772,47.1885],[85.6566,47.2546],[85.6698,47.3384],[85.6418,47.3974],[85.5866,47.4937],[85.5883,47.5585],[85.5616,47.7465],[85.526,47.9156],[85.5623,48.0519],[85.6264,48.204],[85.6516,48.2505],[85.6922,48.3118],[85.7494,48.3851],[85.8299,48.4081],[86.0562,48.4237],[86.2656,48.4545],[86.3726,48.4862],[86.4833,48.5054],[86.5494,48.5286],[86.6638,48.6355],[86.718,48.6972],[86.7578,48.8607],[86.7286,48.9394],[86.7531,49.0088],[86.8083,49.0497],[86.8859,49.0906],[87.0485,49.1099],[87.23,49.1059],[87.3229,49.0858],[87.4167,49.0766],[87.4762,49.0915],[87.5158,49.1224],[87.6684,49.1472],[87.7625,49.1658],[87.8143,49.1623],[87.8252,49.1163],[87.8163,49.0803],[87.8347,49.0319],[87.8722,49.0001],[87.8599,48.9655],[87.8068,48.9455],[87.7547,48.9186],[87.7432,48.8816],[87.8092,48.8357],[87.8318,48.7916],[87.9422,48.7653],[88.0279,48.7356],[88.0601,48.7072],[88.0502,48.675],[87.9723,48.6033],[87.9674,48.5811],[87.9797,48.5551],[88.0626,48.5378],[88.1582,48.5091],[88.31,48.4721],[88.414,48.4034],[88.5171,48.3845],[88.5668,48.3174],[88.576,48.2202],[88.8383,48.1017],[88.9178,48.089],[88.9711,48.05],[89.0477,48.0025],[89.1156,47.9877],[89.1963,47.9809],[89.3299,48.0249],[89.4792,48.0291],[89.5609,48.004],[89.6385,47.9091],[89.6932,47.8792],[89.7256,47.8525],[89.7781,47.827],[89.8313,47.8233],[89.9104,47.8443],[89.9587,47.8863],[90.0279,47.8777],[90.0539,47.8505],[90.0666,47.8036],[90.1032,47.7454],[90.191,47.7021],[90.3133,47.6762],[90.3307,47.6552],[90.3475,47.597],[90.4252,47.5041],[90.4675,47.4082],[90.4765,47.3288],[90.4962,47.2852],[90.6434,47.1003],[90.7155,47.0039],[90.799,46.9852],[90.8699,46.9545],[90.9857,46.749],[91.0043,46.5958],[91.0289,46.5661],[91.0339,46.529],[90.9715,46.388],[90.9183,46.3243],[90.9115,46.2707],[90.9476,46.1773],[90.9968,46.105],[91.0018,46.0358],[90.9598,45.9851],[90.8871,45.9216],[90.8524,45.8854],[90.7959,45.8535],[90.7097,45.7308],[90.6707,45.5952],[90.6618,45.5252],[90.6944,45.4747],[90.7496,45.4189],[90.7632,45.3707],[90.8532,45.2629],[90.8772,45.1961],[90.914,45.1939],[90.9536,45.2159],[91.05,45.2174],[91.1377,45.1939],[91.2218,45.1445],[91.3121,45.1181],[91.441,45.1248],[91.5101,45.0982],[91.5844,45.0765],[91.7378,45.0689],[92.0298,45.0685],[92.1727,45.0353],[92.4238,45.0089],[92.5789,45.011],[92.7879,45.0357],[92.916,45.0202],[93.2943,44.9832],[93.5162,44.9445],[93.6564,44.901],[93.7553,44.8319],[93.8682,44.7242],[93.9579,44.675],[94.1993,44.6452],[94.3647,44.5195],[94.4943,44.4725],[94.712,44.3508],[94.866,44.3033],[95.0498,44.2594],[95.3503,44.2781],[95.3668,44.2615],[95.3437,44.1954],[95.3256,44.1049],[95.3256,44.0394],[95.3564,44.006],[95.4713,43.9862],[95.5256,43.954],[95.5912,43.8536],[95.6873,43.6641],[95.842,43.3837],[95.8596,43.276],[95.9125,43.2065],[96.0803,43.0961],[96.1685,43.0145],[96.2995,42.9287],[96.3425,42.8493],[96.3523,42.7468],[96.3854,42.7204],[96.6253,42.7438],[97.2057,42.7898],[97.7189,42.7363],[98.9469,42.6162],[99.4679,42.5682],[99.9838,42.6773],[100.0863,42.6708],[100.519,42.6168],[101.092,42.5513],[101.3138,42.5379],[101.4953,42.5388],[101.5791,42.5235],[101.66,42.5],[101.7139,42.4658],[101.8799,42.2923],[101.9729,42.2159],[102.1566,42.1581],[102.5752,42.0921],[103.0729,42.006],[103.7111,41.7513],[104.4982,41.877],[104.4982,41.6587],[104.7736,41.6412],[104.8604,41.6438],[104.982,41.5955],[105.0506,41.6159],[105.1154,41.6633],[105.1971,41.738],[105.3144,41.7709],[105.5664,41.8751],[105.8676,41.994],[106.3172,42.1406],[106.5188,42.2116],[106.5791,42.2273],[106.77,42.2887],[106.9061,42.3089],[107.0907,42.3215],[107.2924,42.3493],[107.7487,42.401],[108.0623,42.4272],[108.1712,42.4473],[108.334,42.4368],[108.5465,42.4293],[108.6873,42.4161],[109.1316,42.4406],[109.3398,42.4384],[109.4432,42.456],[109.5955,42.5105],[109.698,42.5538],[109.8588,42.6063],[110.058,42.6606],[110.2889,42.7427],[110.4004,42.7737],[110.4296,42.8136],[110.4617,42.8441],[110.6275,42.9905],[110.7086,43.0739],[110.8396,43.1941],[111.0072,43.3414],[111.0865,43.3688],[111.1868,43.392],[111.5035,43.4928],[111.5474,43.4963],[111.7197,43.6211],[111.7711,43.6646],[111.8781,43.6802],[111.9332,43.7114],[111.9429,43.7524],[111.9317,43.8149],[111.8369,43.9347],[111.6838,44.0411],[111.6026,44.1071],[111.5197,44.1919],[111.4862,44.2716],[111.4296,44.3224],[111.4022,44.3673],[111.4109,44.4192],[111.4895,44.5116],[111.5147,44.5698],[111.5475,44.6729],[111.6213,44.8271],[111.6814,44.8992],[111.7511,44.9695],[111.898,45.0641],[112.0326,45.0816],[112.1129,45.0629],[112.2921,45.063],[112.4113,45.0582],[112.4993,45.0109],[112.5968,44.9177],[112.7067,44.8834],[113.0494,44.8104],[113.1961,44.7948],[113.301,44.7916],[113.4557,44.7674],[113.5079,44.7624],[113.587,44.7457],[113.6526,44.7635],[113.7521,44.8259],[113.8771,44.8962],[114.0303,44.9426],[114.0803,44.9711],[114.1674,45.0499],[114.2811,45.1109],[114.4191,45.2026],[114.4873,45.2717],[114.5172,45.3646],[114.5602,45.39],[114.6443,45.4133],[114.7388,45.4196],[114.9192,45.3783],[115.1626,45.3902],[115.4395,45.42],[115.5395,45.4395],[115.6811,45.4583],[115.7892,45.5348],[115.9342,45.6262],[116.0396,45.677],[116.1099,45.6867],[116.1977,45.7394],[116.2406,45.796],[116.2291,45.8458],[116.213,45.8869],[116.3576,46.0966],[116.5167,46.2091],[116.5626,46.2898],[116.6193,46.3131],[116.6889,46.322],[116.787,46.3767],[116.8591,46.3879],[116.9788,46.3618],[117.269,46.3522],[117.3334,46.362],[117.3569,46.3913],[117.3563,46.4367],[117.4056,46.5709],[117.4381,46.5862],[117.5469,46.5883],[117.6205,46.552],[117.6711,46.5221],[117.7412,46.5182],[117.8135,46.5377],[117.9104,46.6193],[118.0713,46.6666],[118.1568,46.6786],[118.3087,46.717],[118.4044,46.7032],[118.5805,46.6919],[118.6487,46.7017],[118.7229,46.6919],[118.7903,46.7471],[118.8439,46.7602],[118.9571,46.7349],[119.0285,46.6922],[119.1621,46.6387],[119.3318,46.6138],[119.474,46.6267],[119.6202,46.604],[119.7066,46.606],[119.7475,46.6272],[119.8672,46.6722],[119.8959,46.7329],[119.8842,46.7915],[119.8979,46.8578],[119.8627,46.9066],[119.7885,46.9788],[119.7599,47.027],[119.7572,47.09],[119.7111,47.15],[119.6002,47.2225],[119.527,47.2559],[119.3767,47.3809],[119.326,47.4102],[119.3086,47.4307],[119.2908,47.4727],[119.2353,47.4926],[119.1624,47.5252],[119.1229,47.5585],[119.0819,47.6542],[119.0176,47.6854],[118.76,47.7576],[118.5678,47.9433],[118.4984,47.984],[118.2396,47.9995],[118.1471,48.0289],[118.0419,48.0189],[117.9792,47.9996],[117.8404,47.9999],[117.7684,47.9879],[117.5554,47.8047],[117.4551,47.7414],[117.384,47.6757],[117.3508,47.6522],[117.2859,47.6664],[117.1971,47.7403],[117.0697,47.8064],[116.9517,47.8366],[116.9012,47.8531],[116.7605,47.8698],[116.652,47.8645],[116.5135,47.8396],[116.3782,47.844],[116.3172,47.8599],[116.2312,47.8582],[116.0748,47.7896],[115.9938,47.7113],[115.8982,47.6869],[115.7117,47.7989],[115.6164,47.8748],[115.5576,47.945],[115.5251,48.1309],[115.6395,48.1862],[115.7855,48.2482],[115.7966,48.3463],[115.7917,48.4557],[115.8205,48.5772],[115.9538,48.6894],[116.0255,48.7823],[116.0344,48.84],[116.0982,48.9361],[116.2434,49.1704],[116.6833,49.8238],[116.889,49.7378],[117.0217,49.693],[117.2456,49.6249],[117.4771,49.6094],[117.6984,49.5358],[117.8126,49.5135],[117.8734,49.5135],[118.4516,49.8445],[118.756,49.9628],[118.9795,49.9789],[119.1475,50.0134],[119.2599,50.0664],[119.3261,50.1549],[119.3463,50.279],[119.3016,50.3539],[119.1919,50.3798],[119.1637,50.406],[119.2167,50.4325],[119.2559,50.4842],[119.2807,50.561],[119.344,50.6339],[119.4457,50.7028],[119.5018,50.7792],[119.5123,50.8631],[119.5734,50.9468],[119.685,51.0301],[119.746,51.1077],[119.7566,51.1795],[119.8132,51.267],[119.967,51.4221],[120.0669,51.6007],[120.237,51.723],[120.5105,51.8485],[120.6814,51.973],[120.7498,52.0965],[120.7445,52.2055],[120.6654,52.2999],[120.6504,52.3959],[120.6992,52.4936],[120.6562,52.5667],[120.5211,52.615],[120.3601,52.627],[120.1728,52.6025],[120.0676,52.6329],[120.0443,52.7182],[120.0945,52.7872],[120.2182,52.8399],[120.4213,52.9681],[120.7041,53.1718],[120.9854,53.2846],[121.4055,53.317],[122.0889,53.4515],[122.3378,53.485],[122.3802,53.4625],[122.5158,53.457],[122.7447,53.4685],[122.9576,53.4977],[123.1541,53.5446],[123.3096,53.5556],[123.424,53.5308],[123.5348,53.5265],[123.5598,53.5267],[123.6078,53.5465],[123.7409,53.511],[123.9947,53.4056],[124.1543,53.3587],[124.2199,53.3701],[124.2914,53.3409],[124.3691,53.2709],[124.4659,53.2296],[124.6398,53.2106],[124.8123,53.1338],[124.8821,53.1297],[124.9066,53.1727],[124.9709,53.1973],[125.075,53.2037],[125.2256,53.1658],[125.4225,53.0837],[125.546,53.0476],[125.596,53.0575],[125.649,53.0423],[125.6917,53.0037],[125.6953,52.9563],[125.6808,52.9308],[125.7281,52.8907],[125.7828,52.8907],[125.8719,52.8715],[125.9416,52.8007],[126.0043,52.7679],[126.0481,52.7395],[126.0602,52.692],[126.0232,52.643],[126.016,52.6102],[126.0459,52.5733],[126.1566,52.5466],[126.1944,52.5191],[126.2029,52.4838],[126.2376,52.4448],[126.3129,52.3998],[126.3417,52.362],[126.3242,52.3316],[126.3463,52.3063],[126.3835,52.2865],[126.3948,52.173],[126.4556,52.1265],[126.4681,52.0313],[126.5105,51.9258],[126.6537,51.7813],[126.7008,51.703],[126.6887,51.6099],[126.7092,51.5663],[126.7745,51.5451],[126.8055,51.5057],[126.8018,51.448],[126.8273,51.4123],[126.8478,51.3742],[126.8338,51.3149],[126.8544,51.2614],[126.8877,51.2301],[126.9115,51.1723],[126.9248,51.1001],[127.0204,50.9859],[127.1982,50.8294],[127.307,50.708],[127.3469,50.6213],[127.3472,50.5501],[127.3082,50.4942],[127.3061,50.4535],[127.3408,50.4281],[127.3512,50.3936],[127.3372,50.3501],[127.3953,50.2986],[127.5902,50.209],[127.5123,50.0717],[127.4918,49.975],[127.5024,49.8734],[127.5508,49.8018],[127.6367,49.7602],[127.6901,49.7167],[127.7111,49.6715],[127.8143,49.6221],[127.9996,49.5686],[128.2371,49.5593],[128.5268,49.5942],[128.704,49.6001],[128.769,49.577],[128.791,49.5418],[128.7703,49.4947],[128.8193,49.4638],[128.9383,49.4489],[129.0203,49.4192],[129.0651,49.3747],[129.1201,49.3621],[129.1852,49.3814],[129.2484,49.3787],[129.3099,49.3539],[129.3501,49.3624],[129.3847,49.3895],[129.4981,49.3888],[129.5337,49.3234],[129.5914,49.2867],[129.6711,49.2785],[129.7926,49.1989],[130.0371,48.9723],[130.196,48.8917],[130.3553,48.8664],[130.5531,48.8612],[130.6172,48.7732],[130.5656,48.6801],[130.5521,48.6025],[130.5973,48.5747],[130.6592,48.4834],[130.7469,48.4304],[130.7635,48.3884],[130.8043,48.3415],[130.7872,48.2546],[130.7121,48.1276],[130.7326,48.0192],[130.8486,47.9294],[130.9154,47.8429],[130.9328,47.7598],[130.9619,47.7093],[131.0027,47.6915],[131.1219,47.6977],[131.3193,47.7278],[131.4643,47.7226],[131.5567,47.682],[131.7853,47.6805],[132.1498,47.718],[132.3802,47.7295],[132.4763,47.715],[132.5619,47.7685],[132.6369,47.8901],[132.7072,47.9473],[132.7729,47.9401],[132.8771,47.9791],[133.0201,48.0644],[133.144,48.1057],[133.4684,48.0972],[133.5732,48.133],[133.6718,48.2077],[133.8422,48.2737],[134.2059,48.3599],[134.2934,48.3734],[134.4562,48.3553],[134.5636,48.3217],[134.6652,48.2539],[134.6809,48.2104],[134.6693,48.1533],[134.6473,48.1202],[134.6054,48.0829],[134.566,48.0225],[134.6503,47.8743],[134.7523,47.7154],[134.7281,47.6845],[134.6958,47.6249],[134.5962,47.5239],[134.5419,47.4852],[134.4835,47.4474],[134.3825,47.4382],[134.3395,47.4295],[134.2908,47.4136],[134.2601,47.3777],[134.2252,47.3526],[134.1677,47.3022],[134.163,47.2587],[134.1893,47.1942],[134.2021,47.1281],[134.1369,47.069],[134.0714,46.9508],[134.0386,46.8582],[134.0227,46.7132],[133.9575,46.6143],[133.8666,46.4991],[133.9027,46.3669],[133.8803,46.336],[133.8613,46.2478],[133.8328,46.2243],[133.7502,46.1859],[133.7007,46.1397],[133.7111,46.0696],[133.6857,46.0089],[133.6479,45.9552],[133.608,45.9203],[133.5512,45.8978],[133.5131,45.8788],[133.4847,45.8104],[133.4758,45.7577],[133.4491,45.7051],[133.4656,45.6512],[133.4364,45.6047],[133.3096,45.5531],[133.267,45.5453],[133.186,45.4948],[133.1134,45.3214],[133.0969,45.2205],[133.1135,45.1307],[132.936,45.0299],[132.8387,45.0611],[132.7231,45.0806],[132.549,45.1228],[132.363,45.16],[132.1813,45.2033],[131.9775,45.244],[131.9093,45.2737],[131.8519,45.3269],[131.7949,45.3053],[131.7421,45.2426],[131.654,45.2054],[131.614,45.1366],[131.5787,45.0836],[131.4469,44.984],[131.2683,44.9361],[131.2279,44.9202],[131.0823,44.91],[131.033,44.8889],[130.9816,44.8443],[130.9678,44.8],[131.0039,44.7532],[131.0606,44.6597],[131.0869,44.5957],[131.2553,44.0716],[131.2133,44.0029],[131.1742,43.7047],[131.1836,43.6509],[131.1801,43.5671],[131.1824,43.5056],[131.2439,43.469],[131.2618,43.4331],[131.2573,43.3781],[131.2394,43.3376],[131.1756,43.1422],[131.0861,43.0381],[131.0835,42.9563],[131.0686,42.9022],[131.0056,42.8831],[130.9429,42.8518],[130.8686,42.8633],[130.8033,42.8568],[130.7225,42.8358],[130.5772,42.8116],[130.493,42.7791],[130.4527,42.7554],[130.4248,42.7271],[130.4199,42.6999],[130.4393,42.6855],[130.5206,42.6743],[130.5766,42.6232],[130.5845,42.5673],[130.527,42.5354],[130.4982,42.5705],[130.4503,42.5817],[130.3607,42.6309],[130.2956,42.685],[130.2467,42.7448],[130.2488,42.8726],[130.2403,42.8918],[130.1513,42.918],[130.1248,42.956],[130.0826,42.9742],[130.0223,42.9626],[129.977,42.9749],[129.9412,42.9957],[129.8982,42.9981],[129.861,42.9651],[129.8415,42.8942],[129.7792,42.7766],[129.7734,42.7055],[129.7465,42.6038],[129.7197,42.475],[129.6979,42.4481],[129.6279,42.4443],[129.6039,42.4359],[129.5676,42.3921],[129.5237,42.3847],[129.4849,42.4103],[129.4236,42.4359],[129.3658,42.4392],[129.3137,42.4136],[129.2525,42.3579],[129.2178,42.3127],[129.2054,42.2706],[129.1955,42.2185],[129.1337,42.1685],[129.0772,42.1424],[128.9606,42.0688],[128.9234,42.0382],[128.749,42.0407],[128.6268,42.0209],[128.4272,42.0107],[128.3078,42.0256],[128.1602,42.0116],[128.0452,41.9875],[128.0287,41.9516],[128.0329,41.8985],[128.0561,41.8638],[128.0842,41.8406],[128.1817,41.7],[128.2578,41.6554],[128.2893,41.6074],[128.2909,41.5628],[128.2549,41.5065],[128.2003,41.433],[128.1494,41.3877],[128.1112,41.3893],[128.0527,41.4156],[128.0131,41.4487],[127.9187,41.4611],[127.6877,41.44],[127.5722,41.4547],[127.517,41.4817],[127.4203,41.4838],[127.2708,41.5198],[127.1797,41.5313],[127.1367,41.5545],[127.1284,41.6074],[127.0854,41.6438],[127.0613,41.6874],[127.0069,41.742],[126.9548,41.7695],[126.9035,41.7811],[126.8473,41.748],[126.7877,41.7182],[126.7431,41.7249],[126.7216,41.7166],[126.697,41.6919],[126.6013,41.641],[126.5783,41.5943],[126.5401,41.4956],[126.5136,41.394],[126.4904,41.3581],[126.4515,41.3519],[126.4118,41.3213],[126.2536,41.1378],[126.1445,41.0783],[126.0932,41.0237],[126.0668,40.9741],[125.9891,40.9046],[125.8749,40.8922],[125.784,40.872],[125.7283,40.8667],[125.6883,40.8387],[125.6451,40.779],[125.5938,40.779],[125.4169,40.6599],[125.3145,40.6446],[125.1859,40.5894],[125.0729,40.5475],[125.026,40.5239],[124.9969,40.4647],[124.9423,40.4582],[124.8894,40.4598],[124.772,40.3837],[124.7124,40.3192],[124.4811,40.1816],[124.3866,40.1042],[124.3621,40.0041],[124.35,40.0116],[124.2675,39.9242],[124.1058,39.841],[123.7602,39.8224],[123.6509,39.8816],[123.6112,39.8408],[123.5807,39.7861],[123.49,39.7679],[123.3481,39.7629],[123.2689,39.7269],[123.2266,39.6866],[123.0322,39.6735],[122.9609,39.6199],[122.84,39.6008],[122.3349,39.3661],[122.225,39.2673],[122.1209,39.1519],[122.0477,39.0938],[121.9823,39.0532],[121.9227,39.0365],[121.8644,38.9965],[121.8052,38.9914],[121.7448,39.0097],[121.6772,39.0034],[121.6328,38.9548],[121.6704,38.8918],[121.6499,38.8651],[121.5172,38.8308],[121.3201,38.8082],[121.2363,38.7669],[121.2074,38.7435],[121.1636,38.7316],[121.1217,38.8133],[121.1067,38.9208],[121.1883,38.9467],[121.2633,38.9603],[121.6799,39.1087],[121.6276,39.2202],[121.6646,39.2688],[121.7578,39.3476],[121.8185,39.3865],[121.7854,39.4008],[121.5125,39.3749],[121.3557,39.3768],[121.2755,39.3848],[121.2998,39.4522],[121.2863,39.5194],[121.2675,39.5447],[121.4064,39.6212],[121.4695,39.6401],[121.5176,39.639],[121.5143,39.6853],[121.4742,39.7549],[121.5174,39.8448],[121.801,39.9505],[121.8689,40.0464],[121.9828,40.1358],[122.1909,40.3583],[122.2033,40.396],[122.2639,40.5002],[122.275,40.5418],[122.1787,40.6027],[122.1404,40.6882],[121.8588,40.8421],[121.8349,40.9743],[121.8086,40.9685],[121.7656,40.8759],[121.7293,40.8461],[121.5989,40.8434],[121.5371,40.8784],[121.1745,40.9013],[121.0859,40.8416],[121.0029,40.7491],[120.9223,40.6831],[120.8413,40.6492],[120.7707,40.5891],[120.4791,40.231],[120.3689,40.2039],[119.8504,39.9875],[119.5911,39.9026],[119.3911,39.7525],[119.3224,39.6616],[119.2613,39.5609],[119.2246,39.4081],[119.0401,39.2224],[118.977,39.1826],[118.9123,39.1664],[118.8265,39.1721],[118.7524,39.1605],[118.6264,39.1769],[118.472,39.118],[118.2979,39.0671],[118.1479,39.1951],[118.0409,39.2268],[117.8657,39.1913],[117.7847,39.1345],[117.6167,38.8529],[117.5538,38.6915],[117.5578,38.6251],[117.6561,38.4242],[117.7667,38.3117],[118.0149,38.1834],[118.5433,38.0949],[118.6671,38.1264],[118.8,38.1267],[118.94,38.0428],[119.0275,37.904],[119.0385,37.7765],[119.0703,37.7486],[119.0892,37.7007],[119.0335,37.661],[118.9908,37.6414],[118.9549,37.4941],[118.9526,37.3312],[118.9981,37.2771],[119.1118,37.2012],[119.2874,37.1383],[119.4499,37.1248],[119.7605,37.1551],[119.8875,37.2534],[119.88,37.2958],[119.8829,37.3508],[120.1559,37.495],[120.3115,37.6227],[120.2871,37.6565],[120.2572,37.679],[120.2847,37.6921],[120.3701,37.701],[120.75,37.8339],[121.049,37.7252],[121.2195,37.6001],[121.3881,37.579],[121.5053,37.515],[121.6402,37.4604],[121.8164,37.4566],[121.9648,37.4453],[122.0102,37.4958],[122.0566,37.5289],[122.1096,37.5223],[122.1691,37.4562],[122.3377,37.4053],[122.4933,37.408],[122.6023,37.4264],[122.667,37.4028],[122.5733,37.3179],[122.5873,37.1811],[122.5155,37.1378],[122.4467,37.0681],[122.4874,37.0223],[122.5234,37.0026],[122.5197,36.9468],[122.457,36.9151],[122.3409,36.8322],[122.2742,36.8338],[122.2423,36.8499],[122.2197,36.8795],[122.2032,36.9272],[122.1624,36.9586],[122.0495,36.9708],[121.9327,36.9595],[121.6696,36.8364],[121.4131,36.7384],[121.144,36.6604],[121.0538,36.6114],[120.9899,36.5979],[120.8785,36.6352],[120.8108,36.6328],[120.7967,36.6072],[120.8826,36.5389],[120.905,36.4853],[120.8958,36.4441],[120.8471,36.4261],[120.7762,36.4563],[120.7115,36.4133],[120.6822,36.3407],[120.681,36.1684],[120.6379,36.1299],[120.5193,36.1087],[120.3931,36.0539],[120.3482,36.0792],[120.3303,36.1101],[120.3435,36.1895],[120.3277,36.2282],[120.2701,36.2262],[120.1833,36.2024],[120.117,36.1503],[120.0941,36.1189],[120.1814,36.0175],[120.2647,36.0072],[120.2848,35.9844],[120.219,35.9349],[120.0547,35.8611],[120.0274,35.7994],[119.9787,35.7402],[119.9117,35.6932],[119.8662,35.6437],[119.8105,35.6177],[119.7197,35.5887],[119.6084,35.4699],[119.5265,35.3586],[119.4297,35.3014],[119.3528,35.1138],[119.2158,35.0118],[119.1653,34.8488],[119.201,34.7484],[119.3514,34.7494],[119.4268,34.7142],[119.5829,34.5822],[119.7697,34.4962],[119.9637,34.4478],[120.2015,34.3257],[120.2667,34.274],[120.3227,34.169],[120.4257,33.8663],[120.4998,33.7165],[120.5048,33.6382],[120.6156,33.4905],[120.7345,33.2366],[120.8711,33.0165],[120.8974,32.8432],[120.853,32.7641],[120.8532,32.6614],[120.9899,32.567],[121.2934,32.4573],[121.3417,32.425],[121.401,32.3719],[121.4039,32.2063],[121.4508,32.1533],[121.4905,32.1211],[121.6742,32.051],[121.7511,31.9929],[121.8324,31.8998],[121.8563,31.8165],[121.8663,31.7036],[121.7636,31.6995],[121.6809,31.7122],[121.352,31.8588],[121.2664,31.8627],[121.1458,31.8423],[120.9735,31.8694],[120.7917,32.0317],[120.6605,32.0811],[120.5201,32.1059],[120.1841,31.9662],[120.0987,31.976],[120.0359,31.9363],[120.1916,31.9063],[120.3475,31.9521],[120.4972,32.0198],[120.7155,31.9837],[120.7522,31.9229],[120.7878,31.8198],[120.9375,31.7502],[121.0554,31.7194],[121.2049,31.6281],[121.351,31.4854],[121.6606,31.3197],[121.7859,31.1629],[121.8345,31.0616],[121.8779,30.917],[121.7694,30.8704],[121.6752,30.8638],[121.5275,30.841],[121.4189,30.7898],[121.31,30.6997],[120.9977,30.5583],[120.9383,30.4697],[120.8975,30.3926],[120.8215,30.3546],[120.63,30.3909],[120.4498,30.3878],[120.2455,30.2835],[120.1946,30.2413],[120.2285,30.2496],[120.2605,30.263],[120.3525,30.2474],[120.4945,30.3031],[120.6334,30.1332],[120.9045,30.1606],[121.1594,30.3018],[121.258,30.3041],[121.3406,30.2824],[121.4327,30.2267],[121.6779,29.9791],[121.8123,29.9521],[121.9443,29.8941],[122.0173,29.8877],[122.0829,29.8704],[121.9058,29.7797],[121.6766,29.5838],[121.5746,29.537],[121.5063,29.4846],[121.6904,29.511],[121.8219,29.6046],[121.888,29.6278],[121.9412,29.6059],[121.9684,29.4906],[121.9178,29.135],[121.8535,29.1289],[121.7908,29.2257],[121.7175,29.2563],[121.656,29.2361],[121.5337,29.2367],[121.4871,29.1932],[121.4477,29.1313],[121.5209,29.1185],[121.6649,29.0106],[121.6797,28.9531],[121.641,28.9159],[121.54,28.9319],[121.6625,28.8514],[121.6301,28.7679],[121.5903,28.7348],[121.5191,28.7137],[121.4752,28.6414],[121.5381,28.5211],[121.6021,28.3666],[121.61,28.2921],[121.51,28.3243],[121.3546,28.2299],[121.2723,28.2221],[121.2168,28.3462],[121.1457,28.3267],[121.0984,28.2905],[121.0354,28.1573],[120.9586,28.037],[120.8925,28.0039],[120.813,28.0134],[120.7477,28.01],[120.7635,27.9774],[120.833,27.9378],[120.833,27.8915],[120.6852,27.7446],[120.6613,27.6879],[120.6648,27.6395],[120.5875,27.5808],[120.6291,27.4821],[120.6075,27.4124],[120.5398,27.3184],[120.4687,27.2563],[120.3846,27.1555],[120.2787,27.0971],[120.1386,26.8861],[120.0975,26.7807],[120.0867,26.6716],[120.043,26.6338],[119.9678,26.5864],[119.8822,26.6104],[119.8795,26.683],[119.8424,26.6893],[119.8213,26.7369],[119.8151,26.7976],[119.8242,26.8464],[119.7887,26.8315],[119.7667,26.7747],[119.7104,26.7287],[119.6516,26.7473],[119.5882,26.785],[119.5899,26.7305],[119.6236,26.6759],[119.6382,26.6212],[119.726,26.6094],[119.7848,26.5466],[119.8312,26.4502],[119.8403,26.4142],[119.8765,26.3709],[119.8811,26.3342],[119.7973,26.3001],[119.6927,26.2364],[119.5671,26.1273],[119.4631,26.0547],[119.3697,26.0541],[119.3131,26.0625],[119.2321,26.1044],[119.1395,26.1218],[119.2638,25.9748],[119.332,25.9487],[119.4178,25.9543],[119.5009,26.0092],[119.6188,26.0036],[119.6482,25.9187],[119.6169,25.8229],[119.5528,25.6987],[119.5395,25.5913],[119.6191,25.4375],[119.6225,25.3912],[119.5928,25.368],[119.4992,25.4086],[119.4218,25.4596],[119.3438,25.4463],[119.2631,25.468],[119.1801,25.4498],[119.1463,25.4143],[119.1693,25.3557],[119.2436,25.307],[119.2855,25.2322],[119.2355,25.206],[119.0246,25.2234],[118.9775,25.2093],[118.9145,25.1268],[118.9557,25.0048],[118.9091,24.9289],[118.8221,24.9111],[118.7075,24.8498],[118.6369,24.8355],[118.6402,24.8091],[118.6918,24.7823],[118.7191,24.7461],[118.657,24.6214],[118.5604,24.5804],[118.412,24.6007],[118.2953,24.5728],[118.1945,24.6258],[118.0871,24.627],[118.0139,24.5599],[118.006,24.482],[117.9351,24.4742],[117.8969,24.4798],[117.8427,24.4743],[117.8482,24.4325],[117.879,24.3959],[118.0242,24.3796],[118.0506,24.3271],[118.0561,24.2461],[117.9041,24.1064],[117.8395,24.0123],[117.7417,24.0148],[117.6679,23.9393],[117.6282,23.8367],[117.5792,23.857],[117.4664,23.8406],[117.4331,23.7917],[117.4596,23.7715],[117.4622,23.7362],[117.417,23.621],[117.3677,23.5886],[117.3467,23.6357],[117.3308,23.7088],[117.2908,23.7144],[117.225,23.647],[117.1481,23.5988],[117.0825,23.5788],[117.0328,23.6234],[116.9106,23.6467],[116.8609,23.4531],[116.7596,23.3825],[116.7121,23.3605],[116.6294,23.3539],[116.6823,23.3274],[116.6988,23.2778],[116.6691,23.2282],[116.5864,23.2183],[116.5383,23.1797],[116.5198,23.0066],[116.4707,22.9459],[116.3455,22.9411],[116.2519,22.9813],[116.2221,22.9496],[116.2063,22.9187],[116.1574,22.8875],[116.0626,22.8791],[115.8521,22.8016],[115.6404,22.8534],[115.5611,22.8247],[115.5347,22.7652],[115.4983,22.7188],[115.3825,22.7188],[115.2899,22.776],[115.1958,22.8173],[115.0915,22.7817],[115.0121,22.7089],[114.9145,22.6846],[114.8964,22.6395],[114.8538,22.6168],[114.7504,22.6263],[114.7111,22.7387],[114.6517,22.7553],[114.5928,22.6984],[114.572,22.6541],[114.5444,22.6206],[114.5542,22.5289],[114.4962,22.5271],[114.4201,22.5833],[114.3406,22.5932],[114.266,22.541],[114.1882,22.565],[114.1229,22.565],[114.0979,22.5513],[114.0504,22.543],[114.0154,22.5119],[113.9312,22.5311],[113.8283,22.6072],[113.7545,22.7336],[113.6611,22.8017],[113.6196,22.8614],[113.6034,22.9689],[113.5863,23.02],[113.5922,23.077],[113.6205,23.1275],[113.5197,23.1021],[113.4453,23.0551],[113.4604,22.9957],[113.4419,22.9406],[113.3311,22.912],[113.3448,22.8646],[113.432,22.7894],[113.4498,22.7261],[113.4848,22.6924],[113.553,22.594],[113.5515,22.4042],[113.5889,22.3505],[113.5765,22.2973],[113.5491,22.2252],[113.5468,22.2241],[113.5271,22.2459],[113.4941,22.2416],[113.4811,22.2175],[113.4789,22.1956],[113.3674,22.1648],[113.3277,22.1454],[113.2664,22.0888],[113.149,22.075],[113.0888,22.208],[113.0082,22.1193],[112.9838,21.9382],[112.9539,21.9073],[112.9038,21.8814],[112.8086,21.9446],[112.7254,21.9023],[112.6607,21.8595],[112.6341,21.8199],[112.5863,21.7769],[112.4947,21.8183],[112.4213,21.8806],[112.4395,21.9273],[112.4293,21.9581],[112.3961,21.9813],[112.3597,21.978],[112.3774,21.9175],[112.3897,21.8012],[112.3564,21.7676],[112.305,21.7417],[112.1934,21.7631],[112.1172,21.8065],[112.0252,21.843],[111.9439,21.8497],[111.9265,21.7763],[111.8734,21.7171],[111.8246,21.7098],[111.776,21.7192],[111.7119,21.6552],[111.6816,21.6085],[111.6027,21.5591],[111.3924,21.5351],[111.3191,21.4861],[111.2206,21.4939],[111.1442,21.4822],[111.1006,21.4847],[111.0611,21.511],[111.0169,21.5117],[110.9968,21.4303],[110.878,21.3959],[110.7711,21.3865],[110.6521,21.2791],[110.5672,21.2141],[110.5043,21.2074],[110.458,21.2306],[110.4346,21.3269],[110.4109,21.3381],[110.3975,21.2477],[110.3746,21.1724],[110.3312,21.1313],[110.1936,21.0376],[110.154,20.9446],[110.1804,20.8586],[110.3654,20.8376],[110.3885,20.7905],[110.3705,20.7521],[110.3262,20.7199],[110.3131,20.6717],[110.5115,20.5183],[110.5176,20.46],[110.4869,20.4269],[110.4495,20.3554],[110.3447,20.2948],[110.1231,20.2637],[109.9385,20.2951],[109.8825,20.3641],[109.8858,20.4131],[109.9316,20.3989],[109.9839,20.4033],[109.9684,20.4481],[109.9464,20.4744],[109.861,20.5143],[109.792,20.6219],[109.8053,20.7115],[109.7674,20.7807],[109.7263,20.8388],[109.6848,20.8736],[109.6626,20.9169],[109.7045,21.0527],[109.6813,21.1316],[109.7602,21.2284],[109.7796,21.3375],[109.9211,21.3765],[109.9308,21.4806],[109.8296,21.4836],[109.7594,21.5601],[109.7434,21.528],[109.6869,21.5246],[109.5943,21.672],[109.5664,21.6906],[109.5215,21.6934],[109.544,21.5379],[109.4355,21.4795],[109.3467,21.454],[109.2204,21.4434],[109.1486,21.4255],[109.0815,21.4403],[109.0981,21.4874],[109.1335,21.5436],[109.1018,21.5905],[109.0306,21.6265],[108.9218,21.6244],[108.8464,21.6345],[108.7717,21.6305],[108.7439,21.6513],[108.6745,21.7247],[108.6158,21.7705],[108.5894,21.816],[108.6158,21.8689],[108.5938,21.901],[108.4799,21.9046],[108.4809,21.8288],[108.4926,21.7394],[108.5257,21.6714],[108.5021,21.6334],[108.4443,21.6073],[108.3828,21.6792],[108.3546,21.6969],[108.3248,21.6935],[108.3021,21.6219],[108.2463,21.5584],[108.1456,21.5652],[108.0674,21.526],[107.9727,21.508],[107.8021,21.6452],[107.7593,21.655],[107.641,21.6139],[107.4714,21.5983],[107.4335,21.6423],[107.3512,21.6089],[107.2721,21.7106],[107.1785,21.7171],[107.0616,21.7942],[107.0198,21.8349],[107.0064,21.8934],[106.971,21.9239],[106.9252,21.9201],[106.8745,21.9513],[106.7941,21.982],[106.7295,22.0003],[106.6977,21.9862],[106.6636,21.9789],[106.6577,22.0182],[106.6601,22.1365],[106.6542,22.2415],[106.6365,22.2886],[106.5932,22.3245],[106.5536,22.3417],[106.5363,22.3954],[106.5504,22.5014],[106.5824,22.5732],[106.6331,22.586],[106.7016,22.6377],[106.7363,22.7109],[106.7803,22.7789],[106.624,22.8743],[106.5418,22.9084],[106.4509,22.8939],[106.3381,22.8635],[106.279,22.8575],[106.2494,22.8694],[106.184,22.9551],[106.1484,22.9701],[106.0685,22.9755],[106.001,22.9748],[105.9623,22.9375],[105.9026,22.925],[105.843,22.9228],[105.7823,22.9693],[105.6912,23.0299],[105.5481,23.0727],[105.5309,23.122],[105.4945,23.1809],[105.4401,23.2354],[105.3505,23.3077],[105.2754,23.3452],[105.2388,23.3221],[105.1891,23.2811],[104.9957,23.1943],[104.9102,23.1605],[104.8647,23.1364],[104.8266,23.1002],[104.8147,23.0108],[104.7957,22.9111],[104.74,22.8605],[104.6873,22.8222],[104.6317,22.8182],[104.5775,22.82],[104.5269,22.8041],[104.3718,22.7041],[104.2983,22.712],[104.2383,22.7685],[104.2125,22.8094],[104.1431,22.8001],[104.0539,22.7523],[104.0127,22.6664],[103.9908,22.5861],[103.9714,22.5505],[103.9415,22.5401],[103.915,22.5382],[103.6202,22.782],[103.5707,22.7344],[103.5254,22.6116],[103.493,22.588],[103.471,22.5974],[103.3561,22.7547],[103.3267,22.7698],[103.3006,22.7644],[103.2663,22.7135],[103.1934,22.6385],[103.1376,22.593],[103.1363,22.5422],[103.0759,22.4975],[103.0054,22.453],[102.9819,22.4482],[102.9352,22.4662],[102.8742,22.5254],[102.8301,22.5872],[102.721,22.6485],[102.5985,22.7004],[102.5172,22.741],[102.4709,22.7509],[102.4279,22.7328],[102.4064,22.708],[102.3758,22.6466],[102.3022,22.546],[102.237,22.466],[102.176,22.4146],[102.1274,22.3792],[102.0915,22.4123],[102.0244,22.4392],[101.9454,22.4394],[101.8418,22.3885],[101.76,22.4903],[101.7388,22.4953],[101.7075,22.4866],[101.6715,22.4623],[101.6462,22.4054],[101.6199,22.3274],[101.5679,22.2764],[101.5245,22.2537],[101.5373,22.2099],[101.5618,22.1624],[101.5603,22.1209],[101.5758,22.0553],[101.6029,21.9897],[101.6996,21.8825],[101.7365,21.8265],[101.7439,21.778],[101.7473,21.6058],[101.7435,21.5338],[101.7242,21.395],[101.7229,21.3149],[101.7631,21.2789],[101.8021,21.236],[101.8006,21.2126],[101.7835,21.2041],[101.7281,21.1564],[101.7048,21.1501],[101.6686,21.1696],[101.6217,21.1844],[101.5839,21.2036],[101.5424,21.2343],[101.4436,21.2308],[101.2814,21.1841],[101.2479,21.1973],[101.2244,21.2237],[101.2118,21.2782],[101.2199,21.3424],[101.2056,21.3833],[101.1754,21.4075],[101.1967,21.5221],[101.1389,21.5675],[101.1473,21.5816],[101.1281,21.7051],[101.1309,21.7355],[101.1207,21.7461],[101.0798,21.7559],[101.0193,21.7364],[100.8352,21.6552],[100.6771,21.5049],[100.6046,21.4718],[100.5313,21.4581],[100.4457,21.4841],[100.3506,21.501],[100.2147,21.463],[100.1477,21.4805],[100.1168,21.5112],[100.0893,21.5579],[100.1058,21.617],[100.0955,21.6606],[100.0412,21.6828],[99.9782,21.7016],[99.9407,21.7587],[99.9256,21.8208],[99.9404,21.9016],[99.9479,21.9883],[99.9177,22.028],[99.8254,22.0497],[99.5927,22.0892],[99.3887,22.1108],[99.3031,22.1006],[99.2334,22.1102],[99.193,22.126],[99.1734,22.1533],[99.1724,22.1925],[99.2054,22.2826],[99.2431,22.3704],[99.3377,22.498],[99.3432,22.5865],[99.3383,22.6887],[99.3852,22.8251],[99.4668,22.9273],[99.5071,22.9591],[99.4973,23.0046],[99.4646,23.0462],[99.4181,23.0692],[99.3408,23.0959],[99.2203,23.1033],[99.0551,23.1306],[98.8638,23.1913],[98.8855,23.3075],[98.8826,23.3803],[98.8589,23.4401],[98.8197,23.4825],[98.7979,23.5204],[98.8322,23.6244],[98.7877,23.7378],[98.7351,23.7831],[98.6809,23.8418],[98.6768,23.9051],[98.7016,23.9641],[98.834,24.0906],[98.8351,24.1212],[98.7644,24.1161],[98.5834,24.0698],[98.5642,24.0988],[98.4994,24.1157],[98.3673,24.119],[98.2125,24.1106],[98.0169,24.0654],[97.8377,23.9863],[97.7557,23.9319],[97.686,23.8981],[97.6297,23.8872],[97.5646,23.911],[97.5683,23.9885],[97.6906,24.1308],[97.7082,24.2288],[97.6707,24.3127],[97.6666,24.38],[97.6236,24.4229],[97.5633,24.4438],[97.5314,24.4917],[97.5294,24.6312],[97.5833,24.7748],[97.6707,24.8201],[97.7238,24.842],[97.7379,24.8699],[97.7107,24.9704],[97.7149,25.0343],[97.7674,25.1581],[97.8195,25.2519],[97.918,25.2361],[97.962,25.2593],[98.0107,25.2925],[98.0641,25.349],[98.0996,25.4157],[98.1429,25.5711],[98.1726,25.5945],[98.2966,25.5688],[98.3338,25.5868],[98.4017,25.678],[98.4655,25.7889],[98.5584,25.8232],[98.6254,25.8267],[98.6563,25.8636],[98.6547,25.9178],[98.591,26.0037],[98.5641,26.0724],[98.572,26.1141],[98.6632,26.1395],[98.6855,26.1894],[98.6719,26.2985],[98.7095,26.4297],[98.7318,26.5834],[98.7394,26.6981],[98.7385,26.7857],[98.7165,27.0449],[98.6748,27.1906],[98.6824,27.2453],[98.6768,27.4219],[98.6512,27.5725],[98.5045,27.6477],[98.4525,27.6572],[98.4089,27.6395],[98.3924,27.5871],[98.3505,27.5381],[98.2988,27.5501],[98.241,27.6632],[98.1305,27.9676],[98.1184,28.0552],[98.0989,28.1423],[98.0616,28.1859],[98.0223,28.2115],[97.9341,28.3138],[97.8876,28.3565],[97.8649,28.3636],[97.8165,28.3563],[97.769,28.3562],[97.7301,28.4071],[97.6946,28.4693],[97.6589,28.5],[97.5992,28.517],[97.5379,28.5102],[97.5021,28.4563],[97.4777,28.4256],[97.4314,28.3539],[97.3564,28.2545],[97.3225,28.218],[97.2895,28.2368],[97.1451,28.3403],[97.0754,28.3689],[96.9809,28.3377],[96.833,28.3624],[96.9616,28.3409],[96.9544,28.3463],[96.9251,28.3526],[96.9218,28.3646],[96.9136,28.3671],[96.9077,28.3766],[96.8878,28.3876],[96.8835,28.4027],[96.8908,28.4106],[96.8931,28.4187],[96.8865,28.429],[96.8622,28.4528],[96.8642,28.4575],[96.8602,28.4701],[96.8607,28.4828],[96.827,28.4981],[96.8217,28.5034],[96.8065,28.5061],[96.7997,28.5042],[96.7876,28.5109],[96.7608,28.5188],[96.7524,28.5308],[96.7511,28.5414],[96.7608,28.5503],[96.7608,28.554],[96.7524,28.5596],[96.7502,28.5681],[96.7233,28.5784],[96.7175,28.5922],[96.7188,28.6052],[96.7125,28.6111],[96.7039,28.5984],[96.6879,28.5901],[96.6666,28.6],[96.6464,28.6191],[96.6341,28.6228],[96.6156,28.6207],[96.5991,28.6099],[96.6001,28.6053],[96.5913,28.5978],[96.5739,28.5903],[96.5703,28.5843],[96.5609,28.5826],[96.5509,28.5617],[96.5185,28.5562],[96.4938,28.5424],[96.496,28.531],[96.5072,28.5211],[96.5057,28.5028],[96.4978,28.4938],[96.5059,28.4869],[96.5035,28.4777],[96.5096,28.4674],[96.5119,28.4535],[96.5117,28.4482],[96.5008,28.4306],[96.4921,28.4306],[96.49,28.4602],[96.4751,28.4948],[96.4617,28.4934],[96.4587,28.4875],[96.4542,28.4864],[96.4306,28.5107],[96.4223,28.5108],[96.4108,28.5028],[96.4062,28.5075],[96.4097,28.5105],[96.4092,28.5245],[96.4386,28.5177],[96.453,28.5233],[96.4656,28.5229],[96.4669,28.5356],[96.4623,28.5455],[96.4785,28.5536],[96.482,28.5606],[96.4753,28.5726],[96.4833,28.5756],[96.4897,28.5838],[96.5071,28.5811],[96.5129,28.5823],[96.5166,28.5879],[96.5172,28.5967],[96.5111,28.611],[96.5282,28.6206],[96.5268,28.6442],[96.5335,28.6493],[96.5435,28.651],[96.5422,28.6593],[96.5455,28.6636],[96.5375,28.6776],[96.5457,28.6874],[96.5557,28.6858],[96.563,28.6977],[96.5761,28.6903],[96.5767,28.6835],[96.5935,28.6821],[96.6026,28.6737],[96.6245,28.6736],[96.6325,28.6799],[96.6407,28.6796],[96.6461,28.6904],[96.6301,28.7003],[96.629,28.7043],[96.6319,28.7334],[96.6154,28.7406],[96.6035,28.7583],[96.6023,28.7811],[96.581,28.7791],[96.5732,28.7838],[96.577,28.8028],[96.5894,28.8188],[96.5718,28.8226],[96.5566,28.8352],[96.5496,28.8497],[96.5394,28.8492],[96.55,28.8296],[96.4771,28.9593],[96.4671,29.0223],[96.4357,29.0507],[96.3743,29.0357],[96.3625,29.0455],[96.3676,29.0731],[96.366,29.0815],[96.3509,29.0814],[96.3445,29.0942],[96.3373,29.103],[96.3333,29.1038],[96.3312,29.1121],[96.318,29.1172],[96.3074,29.1139],[96.3005,29.1008],[96.2948,29.097],[96.2743,29.0981],[96.2573,29.0833],[96.244,29.087],[96.2376,29.0758],[96.2373,29.0676],[96.2294,29.0614],[96.2269,29.0551],[96.2124,29.048],[96.2076,29.0336],[96.1868,29.0373],[96.1848,29.0456],[96.1934,29.0495],[96.1967,29.0569],[96.2064,29.0595],[96.2141,29.0684],[96.2152,29.0742],[96.2008,29.0996],[96.2145,29.1139],[96.2493,29.1118],[96.2878,29.1321],[96.2985,29.1519],[96.2979,29.1649],[96.3051,29.1847],[96.2705,29.1612],[96.3397,29.2098],[96.3559,29.2491],[96.3372,29.261],[96.2474,29.2487],[96.2245,29.2565],[96.2194,29.2641],[96.2075,29.265],[96.1947,29.2725],[96.1285,29.3814],[96.0796,29.4241],[96.0354,29.4472],[95.8851,29.3909],[95.7104,29.3138],[95.5158,29.2063],[95.517,29.1512],[95.4911,29.1346],[95.4805,29.1411],[95.4741,29.1414],[95.4678,29.1349],[95.4579,29.1368],[95.4511,29.1469],[95.4539,29.1525],[95.4488,29.1608],[95.4547,29.1647],[95.4539,29.1764],[95.4466,29.1795],[95.4454,29.1858],[95.4357,29.1927],[95.419,29.1807],[95.4206,29.1704],[95.4184,29.1653],[95.414,29.164],[95.415,29.148],[95.4094,29.1443],[95.4127,29.1259],[95.3973,29.1249],[95.3916,29.1345],[95.3789,29.1368],[95.3448,29.135],[95.3118,29.1388],[95.2993,29.1365],[95.289,29.1227],[95.2785,29.1174],[95.283,29.1099],[95.2719,29.1032],[95.2714,29.0732],[95.2626,29.0683],[95.2588,29.0803],[95.2365,29.0858],[95.2304,29.1036],[95.2115,29.1076],[95.1928,29.1016],[95.179,29.1044],[95.1666,29.0981],[95.1592,29.0988],[95.119,29.112],[95.1019,29.1276],[95.0972,29.142],[95.0657,29.147],[95.0548,29.1534],[95.0421,29.1507],[95.0063,29.1655],[94.9947,29.1736],[94.9874,29.1735],[94.9955,29.1694],[95.0145,29.1461],[94.9988,29.1492],[94.9675,29.144],[94.9892,29.1476],[94.9611,29.1599],[94.9403,29.1612],[94.9176,29.1575],[94.9102,29.1605],[94.9053,29.1697],[94.8978,29.1748],[94.8775,29.18],[94.8493,29.1826],[94.8156,29.1685],[94.8026,29.1706],[94.7974,29.1861],[94.8005,29.2057],[94.8037,29.2084],[94.7943,29.2177],[94.7708,29.2183],[94.7517,29.2297],[94.7448,29.2433],[94.7492,29.2508],[94.7477,29.2562],[94.7357,29.2759],[94.7349,29.2869],[94.7155,29.2915],[94.71,29.3022],[94.6936,29.3179],[94.6657,29.3047],[94.6595,29.3063],[94.6534,29.3038],[94.623,29.3124],[94.4681,29.2162],[94.3194,29.1553],[94.2932,29.1523],[94.2941,29.145],[94.1935,29.0599],[94.1115,28.9759],[94.0177,28.9595],[94.0133,28.9075],[93.9736,28.8608],[93.9022,28.8032],[93.7607,28.7298],[93.6649,28.6902],[93.4957,28.6701],[93.4821,28.6739],[93.4726,28.6702],[93.4678,28.6721],[93.4334,28.6627],[93.3605,28.6541],[93.252,28.6295],[93.2065,28.5908],[93.1578,28.4927],[93.1192,28.4023],[93.035,28.3276],[92.8818,28.2281],[92.7921,28.1878],[92.7776,28.1842],[92.7707,28.1784],[92.7898,28.1867],[92.7295,28.1596],[92.7235,28.1605],[92.7172,28.1677],[92.6917,28.1502],[92.6773,28.151],[92.6673,28.1247],[92.6654,28.1085],[92.6525,28.0934],[92.6435,28.0615],[92.6656,28.0499],[92.6875,28.0257],[92.6878,27.989],[92.6644,27.9489],[92.6093,27.9163],[92.5976,27.9128],[92.5933,27.9068],[92.5467,27.8792],[92.4807,27.8459],[92.4148,27.8246],[92.341,27.8208],[92.306,27.8254],[92.2974,27.8335],[92.303,27.8529],[92.2944,27.8652],[92.2934,27.8725],[92.2656,27.8869],[92.2568,27.881],[92.2449,27.888],[92.2385,27.8867],[92.2215,27.8742],[92.2132,27.8732],[92.2135,27.8633],[92.1933,27.8566],[92.1867,27.847],[92.1732,27.8459],[92.1644,27.8311],[92.1492,27.8316],[92.1438,27.8349],[92.1168,27.8089],[92.1013,27.8076],[91.9776,27.7304],[91.9094,27.7297],[91.8247,27.7464],[91.8611,27.7392],[91.8523,27.7579],[91.8414,27.7611],[91.6319,27.76],[91.6294,27.8009],[91.6419,27.9232],[91.6056,27.9517],[91.4934,27.9818],[91.3676,28.0216],[91.3068,28.064],[91.273,28.0784],[91.2259,28.0712],[91.1499,28.0268],[91.0777,27.9745],[91.0208,27.9701],[90.9625,27.9946],[90.9066,28.0265],[90.7157,28.0717],[90.6301,28.0786],[90.4773,28.0709],[90.3527,28.0802],[90.3331,28.094],[90.3338,28.1191],[90.3521,28.1682],[90.363,28.2165],[90.3482,28.2439],[90.2208,28.2777],[90.1045,28.3021],[89.9811,28.3112],[89.8979,28.2941],[89.8169,28.2563],[89.7498,28.1882],[89.6527,28.1583],[89.5369,28.1074],[89.4807,28.06],[89.3959,27.9582],[89.2727,27.8332],[89.1604,27.7113],[89.1023,27.5926],[89.0255,27.5179],[88.9476,27.464],[88.8914,27.3161],[88.8979,27.3333],[88.8828,27.346],[88.8847,27.3501],[88.8812,27.3531],[88.8814,27.3605],[88.8629,27.3701],[88.8645,27.3798],[88.8613,27.3852],[88.8467,27.3852],[88.8386,27.3799],[88.8313,27.3857],[88.8308,27.3901],[88.8216,27.3938],[88.8193,27.4048],[88.8077,27.4045],[88.8057,27.407],[88.8076,27.422],[88.8012,27.4228],[88.7997,27.4278],[88.7952,27.4288],[88.7915,27.4372],[88.7935,27.4472],[88.7887,27.4475],[88.7837,27.4534],[88.7772,27.4684],[88.7824,27.4747],[88.7829,27.5005],[88.7905,27.5157],[88.7882,27.522],[88.7933,27.5262],[88.7918,27.5311],[88.7838,27.5295],[88.7776,27.532],[88.7733,27.5409],[88.7723,27.5562],[88.7636,27.5661],[88.749,27.5219],[88.7638,27.5669],[88.7712,27.5714],[88.7802,27.5696],[88.7918,27.5742],[88.7893,27.5867],[88.8067,27.5967],[88.8063,27.609],[88.8111,27.6189],[88.8043,27.6243],[88.8143,27.6456],[88.8163,27.6484],[88.8238,27.644],[88.8322,27.6479],[88.8482,27.6682],[88.8484,27.675],[88.8424,27.6826],[88.848,27.695],[88.8389,27.7068],[88.8406,27.7115],[88.8567,27.7182],[88.8589,27.7377],[88.867,27.7427],[88.8619,27.7537],[88.8573,27.7536],[88.8545,27.7639],[88.8608,27.8024],[88.858,27.8142],[88.8592,27.8176],[88.8811,27.832],[88.882,27.8516],[88.888,27.8568],[88.8787,27.874],[88.8814,27.8915],[88.8708,27.9024],[88.8658,27.9214],[88.8595,27.9272],[88.8373,27.9273],[88.8423,27.9535],[88.8395,27.9696],[88.844,27.9909],[88.8372,28.0049],[88.8368,28.0138],[88.8133,28.023],[88.8049,28.0299],[88.7926,28.0486],[88.7772,28.0545],[88.7559,28.0789],[88.7304,28.0726],[88.7144,28.078],[88.6986,28.0765],[88.6896,28.0793],[88.6809,28.0762],[88.6795,28.0719],[88.6706,28.0741],[88.667,28.0766],[88.665,28.088],[88.6475,28.0998],[88.6404,28.1153],[88.635,28.118],[88.627,28.1124],[88.6125,28.1107],[88.6026,28.0925],[88.6211,28.0918],[88.5779,28.0934],[88.5725,28.0892],[88.5654,28.0901],[88.5556,28.0829],[88.5559,28.0777],[88.5316,28.0574],[88.5073,28.0451],[88.4949,28.0551],[88.4922,28.0483],[88.4755,28.0363],[88.4745,28.0305],[88.426,28.0117],[88.2752,27.9688],[88.1411,27.9489],[88.109,27.933],[88.0989,27.9045],[88.1098,27.8706],[88.0233,27.8834],[87.9334,27.8908],[87.8607,27.8861],[87.6827,27.8214],[87.6226,27.8152],[87.5553,27.8218],[87.4642,27.8238],[87.2907,27.8219],[87.1414,27.8383],[87.0201,27.9287],[86.9338,27.9685],[86.8424,27.9992],[86.7504,28.0221],[86.7196,28.0707],[86.6905,28.0949],[86.6145,28.103],[86.5545,28.0852],[86.5169,27.9635],[86.485,27.9396],[86.4087,27.9287],[86.3286,27.9595],[86.218,28.0221],[86.1742,28.0917],[86.137,28.1144],[86.0787,28.0836],[86.0755,27.9946],[86.0642,27.9347],[85.9945,27.9104],[85.9541,27.9282],[85.8402,28.1354],[85.7595,28.2207],[85.6783,28.2774],[85.4106,28.276],[85.2121,28.2926],[85.1225,28.316],[85.0886,28.3723],[85.1215,28.4843],[85.1602,28.5719],[85.1591,28.5922],[85.1264,28.6026],[85.0691,28.6097],[84.8551,28.5536],[84.7969,28.5602],[84.7594,28.5792],[84.7143,28.5956],[84.6768,28.6215],[84.6506,28.6596],[84.4654,28.7529],[84.4107,28.8039],[84.3121,28.8681],[84.2287,28.9118],[84.1014,29.22],[84.022,29.2539],[83.9359,29.2795],[83.6711,29.1876],[83.5835,29.1836],[83.4566,29.3063],[83.3552,29.4392],[83.2352,29.5546],[83.1555,29.6126],[83.014,29.6181],[82.8543,29.6834],[82.4865,29.9415],[82.2207,30.0639],[82.159,30.1152],[82.1354,30.159],[82.0989,30.2451],[82.0434,30.3268],[81.8549,30.3624],[81.6419,30.3875],[81.4172,30.3376],[81.2551,30.0933],[81.1771,30.0399],[81.1104,30.0368],[81.0556,30.099],[81.0103,30.1645],[81.0013,30.1906],[81.0347,30.1972],[81.0342,30.2015],[81.0438,30.2052],[81.0449,30.2091],[81.0287,30.2203],[81.03,30.2242],[81.0261,30.2283],[81.0295,30.248],[81.0124,30.2537],[81.0059,30.2625],[80.9815,30.271],[80.951,30.2701],[80.9359,30.2634],[80.9262,30.2683],[80.9255,30.2727],[80.9304,30.2776],[80.9251,30.2836],[80.914,30.2881],[80.9071,30.2969],[80.9086,30.3025],[80.9064,30.3037],[80.8854,30.2999],[80.8751,30.3011],[80.8609,30.3143],[80.8453,30.3171],[80.8334,30.3134],[80.8291,30.3152],[80.7874,30.3405],[80.7842,30.3538],[80.7779,30.3553],[80.7641,30.3732],[80.7504,30.3799],[80.7497,30.3867],[80.7341,30.4006],[80.7062,30.4176],[80.6968,30.4133],[80.6877,30.4154],[80.6863,30.4203],[80.6781,30.423],[80.6767,30.4297],[80.6572,30.4424],[80.6359,30.4513],[80.6239,30.4629],[80.6123,30.4606],[80.6066,30.4715],[80.5669,30.4641],[80.5637,30.4586],[80.6089,30.4489],[80.541,30.4635],[80.4096,30.5095],[80.5122,30.4736],[80.5072,30.4757],[80.4984,30.4879],[80.4896,30.4847],[80.4838,30.4901],[80.4659,30.4906],[80.445,30.4973],[80.4427,30.5024],[80.4307,30.5084],[80.4286,30.5129],[80.4161,30.5173],[80.4183,30.5236],[80.4104,30.5247],[80.3979,30.5183],[80.3861,30.5177],[80.3737,30.5251],[80.3348,30.5356],[80.3191,30.5454],[80.3154,30.5645],[80.2833,30.5698],[80.2607,30.5678],[80.2545,30.5646],[80.2366,30.5786],[80.2213,30.5787],[80.2114,30.5845],[80.209,30.5906],[80.2163,30.6099],[80.2121,30.6257],[80.2192,30.6337],[80.2194,30.6428],[80.2005,30.6558],[80.1862,30.6053],[80.2065,30.6875],[80.233,30.6905],[80.234,30.7094],[80.2488,30.7204],[80.2485,30.7395],[80.2406,30.7493],[80.2386,30.7623],[80.2169,30.7518],[80.1986,30.7644],[80.1973,30.7717],[80.2003,30.7752],[80.1916,30.7879],[80.1855,30.7912],[80.1794,30.806],[80.1728,30.809],[80.1667,30.8063],[80.1599,30.8079],[80.1532,30.795],[80.1549,30.7904],[80.1428,30.7921],[80.1396,30.7892],[80.0814,30.7819],[80.1055,30.7847],[80.1005,30.7905],[80.0875,30.7956],[80.074,30.8206],[80.054,30.8388],[80.0493,30.8412],[80.043,30.8369],[80.0307,30.8416],[80.0087,30.8651],[79.9953,30.867],[79.9898,30.8761],[79.9707,30.8801],[79.9624,30.8875],[79.9488,30.8828],[79.9398,30.884],[79.9363,30.8807],[79.9273,30.8869],[79.9097,30.9132],[79.8903,30.9169],[79.8868,30.9283],[79.8884,30.9366],[79.8847,30.9396],[79.8821,30.9551],[79.8784,30.9579],[79.8773,30.9643],[79.8563,30.9758],[79.8371,30.9714],[79.8156,30.9721],[79.8082,30.9803],[79.7999,30.9777],[79.7921,30.9862],[79.775,30.9871],[79.7523,31.0058],[79.7349,30.9795],[79.7166,30.9747],[79.7076,30.976],[79.7008,30.9708],[79.6746,30.9824],[79.6656,30.9829],[79.6631,30.9765],[79.6644,30.9657],[79.5654,30.9491],[79.5677,30.9494],[79.5657,30.9545],[79.5542,30.9564],[79.5371,30.9812],[79.5277,30.9851],[79.5275,30.9897],[79.516,30.9975],[79.5195,31.0044],[79.5164,31.0125],[79.5091,31.0151],[79.5099,31.0255],[79.5069,31.0324],[79.4707,31.0345],[79.4449,31.0269],[79.4932,30.9937],[79.3885,31.0642],[79.4195,31.0433],[79.4191,31.0684],[79.4131,31.073],[79.4173,31.0878],[79.4139,31.1066],[79.4034,31.1151],[79.39,31.1174],[79.3767,31.1135],[79.3629,31.1234],[79.3521,31.1225],[79.3421,31.127],[79.3392,31.1316],[79.3257,31.1354],[79.3124,31.1483],[79.3086,31.1645],[79.3052,31.1681],[79.3088,31.1741],[79.3008,31.2181],[79.2901,31.2258],[79.2827,31.2389],[79.2606,31.2398],[79.2399,31.2548],[79.2275,31.2599],[79.2299,31.267],[79.2466,31.2769],[79.2502,31.2933],[79.2285,31.3044],[79.221,31.315],[79.2236,31.3253],[79.2365,31.335],[79.2159,31.3488],[79.2134,31.354],[79.1923,31.3549],[79.1706,31.3631],[79.1687,31.3744],[79.1768,31.3862],[79.1709,31.3991],[79.1654,31.3974],[79.1537,31.4105],[79.1505,31.4186],[79.1437,31.4243],[79.1423,31.4321],[79.1097,31.4447],[79.0994,31.4545],[79.0842,31.451],[79.0752,31.459],[79.0685,31.4487],[79.0689,31.4408],[79.0608,31.4296],[79.0506,31.4267],[79.0448,31.4333],[79.0371,31.4332],[79.027,31.4302],[79.0242,31.4264],[79.0193,31.4269],[79.0163,31.4164],[79.0438,31.4262],[79.0111,31.4141],[78.9866,31.3577],[78.9794,31.3639],[78.9697,31.3569],[78.9448,31.3663],[78.9413,31.3502],[78.9298,31.3369],[78.946,31.3372],[78.8995,31.3313],[78.8601,31.31],[78.8644,31.3123],[78.8616,31.3153],[78.8539,31.3124],[78.8521,31.306],[78.8445,31.3015],[78.8207,31.298],[78.8122,31.3068],[78.7936,31.304],[78.7797,31.3111],[78.7778,31.3202],[78.7691,31.3252],[78.7738,31.3333],[78.7645,31.3401],[78.7692,31.3496],[78.7507,31.3634],[78.7495,31.3678],[78.7571,31.3728],[78.7532,31.3846],[78.7615,31.4007],[78.7679,31.4051],[78.7888,31.435],[78.7958,31.4373],[78.7967,31.4433],[78.7761,31.4534],[78.7678,31.4731],[78.7577,31.4827],[78.7493,31.485],[78.7384,31.4814],[78.7314,31.4838],[78.7551,31.5503],[78.7517,31.5409],[78.7581,31.5425],[78.7616,31.5486],[78.7752,31.5436],[78.7794,31.5547],[78.8019,31.565],[78.8072,31.5774],[78.8215,31.5785],[78.8328,31.5974],[78.8403,31.5974],[78.8466,31.608],[78.8405,31.6224],[78.8296,31.6245],[78.8179,31.638],[78.8084,31.6391],[78.8017,31.6481],[78.7984,31.6594],[78.7988,31.6815],[78.7671,31.6747],[78.7509,31.6808],[78.7489,31.6848],[78.7525,31.6876],[78.7536,31.6953],[78.7451,31.7062],[78.7431,31.7182],[78.733,31.7274],[78.7251,31.7501],[78.7257,31.7571],[78.715,31.7686],[78.706,31.7734],[78.7023,31.8076],[78.7181,31.8234],[78.733,31.8311],[78.7395,31.8414],[78.7441,31.8537],[78.7409,31.8589],[78.7491,31.8759],[78.7417,31.8836],[78.7477,31.8914],[78.7428,31.9001],[78.76,31.9256],[78.7663,31.9264],[78.7689,31.9308],[78.7684,31.9437],[78.7634,31.9477],[78.7648,31.9587],[78.7791,31.9666],[78.7743,31.9727],[78.774,31.9844],[78.7796,31.9936],[78.7697,31.9969],[78.7656,32.0039],[78.7398,32.0014],[78.7355,32.004],[78.7343,32.0132],[78.7276,32.0169],[78.7217,32.029],[78.7214,32.0404],[78.7125,32.0475],[78.7064,32.0629],[78.6915,32.0705],[78.6835,32.0797],[78.694,32.0944],[78.6825,32.1146],[78.6724,32.1173],[78.657,32.116],[78.6431,32.1236],[78.6319,32.1257],[78.6268,32.1379],[78.5961,32.1591],[78.5916,32.1672],[78.6001,32.1763],[78.5988,32.1927],[78.5947,32.199],[78.5809,32.2037],[78.5592,32.2039],[78.5546,32.2131],[78.5433,32.2219],[78.5372,32.2374],[78.5254,32.2463],[78.5207,32.2604],[78.4985,32.2753],[78.4895,32.2749],[78.4996,32.2954],[78.5099,32.3027],[78.4979,32.3236],[78.4788,32.3251],[78.4759,32.3323],[78.482,32.3475],[78.4802,32.3512],[78.4857,32.3578],[78.481,32.3665],[78.4694,32.3649],[78.4543,32.3873],[78.4575,32.3917],[78.4684,32.3939],[78.471,32.3976],[78.4722,32.4419],[78.4635,32.4471],[78.4628,32.4543],[78.4514,32.4597],[78.455,32.4713],[78.4404,32.4798],[78.4393,32.4848],[78.4274,32.4972],[78.4267,32.5058],[78.4077,32.5255],[78.3951,32.5303],[78.3935,32.5392],[78.405,32.5475],[78.4054,32.5526],[78.3917,32.5447],[78.4125,32.5577],[78.5264,32.5708],[78.6315,32.579],[78.7009,32.597],[78.7367,32.5584],[78.7535,32.4993],[78.7713,32.4681],[78.8379,32.412],[78.9189,32.3582],[78.9977,32.3651],[79.067,32.3882],[79.0624,32.3867],[79.0797,32.38],[79.0868,32.3724],[79.0989,32.37],[79.1046,32.3768],[79.1016,32.3866],[79.1044,32.3894],[79.1001,32.3949],[79.1054,32.4072],[79.113,32.4123],[79.1143,32.4183],[79.1259,32.4207],[79.1222,32.4348],[79.118,32.4371],[79.1211,32.447],[79.1175,32.4545],[79.1268,32.4611],[79.132,32.4695],[79.1293,32.4766],[79.1361,32.4802],[79.1492,32.4769],[79.1508,32.4865],[79.1699,32.4972],[79.2193,32.5011],[79.2221,32.5241],[79.2474,32.5167],[79.2513,32.5207],[79.2543,32.5333],[79.257,32.5369],[79.2659,32.5376],[79.276,32.556],[79.2925,32.5394],[79.3077,32.551],[79.31,32.5591],[79.3216,32.559],[79.3309,32.5653],[79.34,32.5536],[79.3349,32.5499],[79.335,32.541],[79.351,32.5285],[79.356,32.5266],[79.3621,32.532],[79.3673,32.5324],[79.3849,32.5261],[79.3996,32.5258],[79.4047,32.52],[79.4127,32.5198],[79.4183,32.53],[79.4137,32.5405],[79.4269,32.5398],[79.4328,32.5437],[79.4353,32.5511],[79.4279,32.5562],[79.4276,32.561],[79.4363,32.5684],[79.4398,32.5794],[79.4451,32.5822],[79.446,32.5887],[79.4533,32.5976],[79.4523,32.6019],[79.4618,32.6053],[79.4698,32.6171],[79.4774,32.6185],[79.4888,32.6302],[79.4929,32.6309],[79.5029,32.6437],[79.5246,32.6515],[79.5374,32.6656],[79.5386,32.6712],[79.5484,32.6766],[79.5396,32.6821],[79.5407,32.7024],[79.5464,32.7071],[79.5507,32.7049],[79.5613,32.7144],[79.5584,32.7186],[79.5477,32.7226],[79.543,32.7295],[79.5469,32.7487],[79.5532,32.7516],[79.5573,32.7592],[79.55,32.7646],[79.5429,32.7639],[79.5447,32.773],[79.5053,32.7835],[79.4817,32.7999],[79.4803,32.8115],[79.4693,32.8212],[79.4664,32.8303],[79.4609,32.8334],[79.4626,32.8385],[79.4712,32.8436],[79.4728,32.8495],[79.4694,32.8687],[79.4718,32.8776],[79.4627,32.8815],[79.4553,32.8802],[79.4521,32.8888],[79.4464,32.891],[79.4321,32.8909],[79.4215,32.895],[79.4124,32.9043],[79.3905,32.917],[79.3983,32.9317],[79.4008,32.9406],[79.3982,32.9422],[79.3796,32.9457],[79.3751,32.9413],[79.3636,32.939],[79.3537,32.9507],[79.3532,32.9556],[79.3613,32.9589],[79.3617,32.964],[79.3544,32.9766],[79.3439,32.98],[79.3325,32.9992],[79.3385,33.0023],[79.3414,33.0197],[79.3377,33.0285],[79.3284,33.0345],[79.3406,33.0574],[79.3585,33.0611],[79.3583,33.0689],[79.3682,33.0853],[79.3647,33.1049],[79.3904,33.1389],[79.399,33.14],[79.4005,33.148],[79.3929,33.1553],[79.3939,33.1606],[79.3959,33.1688],[79.411,33.1712],[79.4125,33.1761],[79.4083,33.1888],[79.3865,33.2014],[79.378,33.1979],[79.3623,33.1973],[79.3376,33.2043],[79.3244,33.1952],[79.3239,33.1903],[79.3025,33.1907],[79.2959,33.2027],[79.2881,33.2031],[79.2742,33.2119],[79.2737,33.2198],[79.2534,33.2162],[79.2384,33.2331],[79.217,33.2379],[79.2085,33.2119],[79.2011,33.2096],[79.1923,33.2189],[79.1829,33.22],[79.1823,33.2122],[79.1752,33.2105],[79.1718,33.2007],[79.152,33.182],[79.1297,33.2002],[79.1229,33.2019],[79.1125,33.2263],[79.0788,33.2439],[79.0699,33.2523],[79.0596,33.2556],[79.0126,33.2915],[79.0353,33.2742],[79.0336,33.2784],[79.0389,33.2887],[79.0322,33.2944],[79.0378,33.3054],[79.0291,33.3078],[79.0251,33.3139],[79.0269,33.3201],[79.0212,33.3242],[79.01,33.3236],[79.0036,33.3273],[78.9818,33.3267],[78.9757,33.3347],[78.9625,33.3395],[78.9541,33.3545],[78.9563,33.3577],[78.9505,33.3652],[78.9529,33.3725],[78.9463,33.379],[78.9401,33.38],[78.9366,33.3869],[78.9401,33.3959],[78.9377,33.4029],[78.9319,33.4069],[78.9305,33.4123],[78.934,33.417],[78.9274,33.4406],[78.9314,33.4868],[78.9143,33.541],[78.9135,33.5546],[78.9098,33.5654],[78.8884,33.5727],[78.8857,33.5762],[78.9053,33.6055],[78.9074,33.6205],[78.9288,33.62],[78.9381,33.6143],[78.95,33.6176],[78.9774,33.61],[79.0035,33.6074],[79.0119,33.6131],[79.0188,33.6131],[79.0252,33.6191],[79.0625,33.6217],[79.0851,33.6195],[79.0909,33.6293],[79.0904,33.6372],[79.0825,33.6493],[79.0696,33.6575],[79.064,33.6664],[79.0557,33.6654],[79.0221,33.6743],[79.0218,33.6781],[79.0119,33.6852],[79.0076,33.6933],[79.0102,33.7144],[79.0272,33.746],[79.0283,33.7537],[79.0131,33.7641],[79.0111,33.7691],[79.0004,33.7734],[78.9933,33.7946],[78.9652,33.8213],[78.9562,33.8524],[78.95,33.8634],[78.9483,33.8843],[78.9421,33.8931],[78.9371,33.9126],[78.9231,33.9255],[78.9091,33.9474],[78.8919,33.9624],[78.8872,33.9726],[78.8969,33.985],[78.9026,34.0016],[78.9117,34.0097],[78.9355,34.0204],[78.9952,34.0368],[78.9995,34.0302],[79.0295,34.0104],[79.0994,33.99],[79.1285,33.9957],[79.1389,33.9945],[79.1473,33.999],[79.1508,34.0092],[79.1615,34.0123],[79.171,34.0218],[79.1896,34.0252],[79.2253,34.0107],[79.2341,34.0121],[79.2489,34.024],[79.2546,34.0204],[79.2681,34.019],[79.2788,34.0123],[79.2893,34.0154],[79.3005,34.0085],[79.3162,34.0149],[79.3317,34.0045],[79.3388,34.0052],[79.3665,33.9943],[79.3771,34.0007],[79.3907,33.9971],[79.4033,34.0023],[79.4102,34.0102],[79.4083,34.0226],[79.4045,34.0273],[79.4102,34.0364],[79.4221,34.0447],[79.418,34.0525],[79.4295,34.0597],[79.4304,34.064],[79.4261,34.0682],[79.4273,34.0759],[79.4195,34.0799],[79.4161,34.1001],[79.4276,34.1135],[79.4383,34.1165],[79.4701,34.1161],[79.4856,34.1256],[79.4913,34.1342],[79.4904,34.1451],[79.4958,34.1496],[79.498,34.1684],[79.4906,34.1909],[79.5078,34.1984],[79.5251,34.1982],[79.5368,34.2036],[79.5449,34.2029],[79.5587,34.2093],[79.576,34.2303],[79.5898,34.241],[79.6074,34.2382],[79.611,34.2542],[79.6075,34.2719],[79.6101,34.2842],[79.6028,34.3066],[79.5859,34.3114],[79.584,34.3157],[79.5747,34.319],[79.5731,34.3309],[79.5676,34.3331],[79.5631,34.3469],[79.559,34.3716],[79.5464,34.3824],[79.5417,34.3937],[79.5348,34.4008],[79.5341,34.4088],[79.5376,34.4121],[79.5292,34.4232],[79.5306,34.4426],[79.5092,34.4512],[79.5089,34.4537],[79.5255,34.4607],[79.5382,34.4789],[79.5479,34.4749],[79.5611,34.4584],[79.5758,34.4586],[79.5929,34.4665],[79.6005,34.4663],[79.6234,34.4498],[79.6455,34.4563],[79.6562,34.4515],[79.6736,34.4546],[79.6809,34.4617],[79.685,34.4767],[79.694,34.4782],[79.7019,34.486],[79.7216,34.4717],[79.7403,34.4777],[79.7527,34.4777],[79.7555,34.4722],[79.7655,34.4705],[79.7786,34.4791],[79.7943,34.4801],[79.8088,34.5172],[79.8115,34.5341],[79.8088,34.5445],[79.7883,34.564],[79.7888,34.5743],[79.8006,34.5837],[79.8018,34.5893],[79.7858,34.6086],[79.7882,34.616],[79.7865,34.6274],[79.8005,34.6291],[79.8159,34.6417],[79.8297,34.6461],[79.8352,34.656],[79.8427,34.6605],[79.8486,34.6722],[79.8985,34.6962],[79.906,34.6956],[79.9178,34.6882],[79.9252,34.6927],[79.9324,34.6919],[79.9438,34.6761],[79.9515,34.6737],[79.9722,34.6997],[79.9948,34.692],[80.0415,34.6976],[80.0741,34.7058],[80.0794,34.7172],[80.0792,34.7334],[80.0669,34.7623],[80.0722,34.7686],[80.078,34.7708],[80.0911,34.7685],[80.099,34.7745],[80.0995,34.7819],[80.1104,34.8044],[80.1135,34.8201],[80.1118,34.8263],[80.1201,34.8311],[80.123,34.8358],[80.1205,34.8377],[80.1361,34.8551],[80.1369,34.8689],[80.1571,34.8685],[80.1682,34.8729],[80.1675,34.8801],[80.2051,34.8912],[80.2022,34.8986],[80.206,34.9114],[80.2035,34.9206],[80.1863,34.9465],[80.1922,34.9524],[80.1934,34.9587],[80.2116,34.9613],[80.2249,34.9704],[80.2249,34.9804],[80.2319,34.9846],[80.2336,34.9896],[80.2161,34.9927],[80.2174,35.0026],[80.1948,35.118],[80.1967,35.122],[80.2079,35.1239],[80.2162,35.1392],[80.2272,35.148],[80.2331,35.148],[80.2355,35.1539],[80.2243,35.163],[80.2227,35.1713],[80.2448,35.1853],[80.2526,35.1956],[80.2553,35.2056],[80.2826,35.2039],[80.2852,35.2113],[80.2745,35.2167],[80.2774,35.227],[80.2855,35.2329],[80.2943,35.2679],[80.2662,35.2964],[80.2736,35.3005],[80.2764,35.3283],[80.2859,35.3543],[80.2988,35.3685],[80.3109,35.37],[80.3468,35.391],[80.3607,35.3867],[80.3769,35.3923],[80.395,35.4147],[80.4119,35.426],[80.4208,35.4431],[80.4217,35.4517],[80.4116,35.4771],[80.3895,35.4877],[80.3895,35.4937],[80.3846,35.5009],[80.3712,35.5066],[80.365,35.5157],[80.3665,35.5251],[80.3584,35.5291],[80.3466,35.5246],[80.3396,35.5313],[80.3295,35.5349],[80.3238,35.534],[80.3158,35.5238],[80.3022,35.534],[80.304,35.5451],[80.2975,35.5561],[80.2768,35.5529],[80.2708,35.5634],[80.2638,35.5683],[80.25,35.5569],[80.2417,35.5549],[80.2327,35.56],[80.2249,35.5547],[80.2065,35.5752],[80.1927,35.5695],[80.1892,35.5627],[80.1713,35.5572],[80.1662,35.5528],[80.166,35.5466],[80.1715,35.5372],[80.1715,35.5271],[80.1826,35.5088],[80.1681,35.507],[80.168,35.5026],[80.1419,35.498],[80.1387,35.4876],[80.1271,35.4784],[80.11,35.4784],[80.0958,35.4584],[80.0853,35.4551],[80.081,35.4504],[80.0885,35.4382],[80.088,35.4325],[80.0797,35.4317],[80.0723,35.4232],[80.0647,35.4253],[80.0549,35.4234],[80.0349,35.4386],[80.034,35.447],[80.0168,35.4658],[80.0069,35.4962],[79.994,35.5098],[79.9947,35.5231],[79.9823,35.5331],[79.9783,35.5488],[79.9663,35.5536],[79.9653,35.5747],[79.971,35.5804],[79.9848,35.5794],[79.9953,35.5841],[80.0011,35.5925],[79.9989,35.6024],[79.9817,35.6075],[79.9759,35.6053],[79.9638,35.6144],[79.9546,35.6162],[79.9585,35.6295],[79.9542,35.6339],[79.938,35.621],[79.9262,35.6214],[79.921,35.6047],[79.9091,35.6006],[79.8944,35.6036],[79.8766,35.5977],[79.869,35.5983],[79.8657,35.5923],[79.8669,35.5843],[79.8608,35.5767],[79.8457,35.5746],[79.8372,35.5849],[79.8393,35.6016],[79.8168,35.627],[79.8042,35.6236],[79.7963,35.6294],[79.7891,35.6242],[79.7715,35.6257],[79.734,35.6428],[79.7228,35.6368],[79.7059,35.6383],[79.6982,35.6635],[79.6931,35.6666],[79.6865,35.6636],[79.6794,35.6707],[79.6768,35.6778],[79.6786,35.7002],[79.6692,35.7053],[79.6646,35.7185],[79.6451,35.7239],[79.6341,35.7416],[79.6425,35.7502],[79.6294,35.7671],[79.6354,35.7708],[79.6386,35.7777],[79.6296,35.7782],[79.6098,35.7872],[79.5925,35.7889],[79.5845,35.7997],[79.5884,35.815],[79.5776,35.8103],[79.5719,35.8127],[79.57,35.8236],[79.5643,35.8298],[79.5749,35.8487],[79.584,35.8539],[79.5816,35.8653],[79.5884,35.877],[79.5721,35.8965],[79.5632,35.8968],[79.5578,35.8804],[79.5462,35.8811],[79.5381,35.8679],[79.5253,35.8658],[79.5173,35.8503],[79.5013,35.8465],[79.4889,35.8492],[79.4829,35.8556],[79.4717,35.8586],[79.4565,35.872],[79.4523,35.8828],[79.4644,35.8886],[79.4684,35.9003],[79.4643,35.9052],[79.4638,35.9141],[79.4563,35.9241],[79.4396,35.9342],[79.4396,35.9545],[79.4446,35.9653],[79.4417,35.9683],[79.4369,35.9722],[79.4147,35.9751],[79.407,35.9734],[79.3667,35.9857],[79.3434,35.9879],[79.3362,35.9767],[79.3384,35.9635],[79.308,35.9545],[79.2944,35.9386],[79.2696,35.9274],[79.1913,35.9323],[79.1645,35.9448],[79.1306,35.9424],[79.1126,35.9468],[79.0913,35.9474],[79.0838,35.9446],[79.0777,35.947],[79.0572,35.9415],[79.0425,35.9279],[79.0401,35.9184],[79.0284,35.9142],[79.0115,35.9312],[79.0051,35.9281],[78.997,35.9336],[78.9884,35.9292],[78.9765,35.9398],[78.9724,35.9341],[78.966,35.9353],[78.9548,35.9485],[78.948,35.9448],[78.9407,35.9494],[78.9264,35.9452],[78.9141,35.9527],[78.8965,35.954],[78.8756,35.9692],[78.8559,35.9742],[78.8451,35.9481],[78.8361,35.9419],[78.8273,35.9195],[78.8277,35.9085],[78.811,35.8804],[78.8035,35.8771],[78.8002,35.8698],[78.7503,35.8597],[78.7218,35.863],[78.7169,35.8582],[78.7016,35.8566],[78.6947,35.8497],[78.6735,35.8521],[78.6566,35.8221],[78.6314,35.814],[78.6076,35.8152],[78.5767,35.7972],[78.5741,35.7872],[78.5682,35.7849],[78.5617,35.7754],[78.5434,35.7702],[78.5356,35.7635],[78.5226,35.7627],[78.5152,35.7695],[78.5054,35.7712],[78.4627,35.7644],[78.4603,35.775],[78.4405,35.7807],[78.4172,35.7624],[78.4183,35.7466],[78.4088,35.7307],[78.3947,35.7315],[78.3885,35.7274],[78.3708,35.7289],[78.3654,35.7246],[78.3403,35.7198],[78.325,35.7239],[78.3138,35.7217],[78.3019,35.727],[78.2947,35.7241],[78.2886,35.7269],[78.2825,35.7239],[78.2511,35.7283],[78.2436,35.7253],[78.2401,35.7062],[78.2286,35.698],[78.2195,35.6847],[78.2196,35.6804],[78.2094,35.674],[78.2085,35.6696],[78.1859,35.6752],[78.1817,35.6674],[78.1944,35.6581],[78.1961,35.6497],[78.1924,35.6457],[78.1974,35.6398],[78.1874,35.6385],[78.1784,35.6299],[78.1799,35.6271],[78.1741,35.6178],[78.1746,35.6117],[78.1812,35.6023],[78.1617,35.5929],[78.158,35.5818],[78.1621,35.5634],[78.1572,35.5509],[78.1297,35.5455],[78.1187,35.5518],[78.1099,35.5512],[78.1031,35.5561],[78.0918,35.542],[78.0942,35.5396],[78.0905,35.5334],[78.0861,35.5389],[78.0725,35.5445],[78.0775,35.5545],[78.0766,35.56],[78.0681,35.5703],[78.0483,35.5782],[78.0418,35.586],[78.0279,35.5827],[78.0323,35.5737],[78.0224,35.5642],[78.0129,35.5709],[78.0055,35.5695],[77.996,35.5592],[77.9907,35.5602],[77.9776,35.5722],[77.9684,35.5683],[77.9512,35.5524],[77.9379,35.5593],[77.9283,35.5413],[77.9325,35.5385],[77.9308,35.5282],[77.9367,35.5248],[77.9279,35.5038],[77.9182,35.4905],[77.9215,35.4836],[77.911,35.4621],[77.903,35.4653],[77.8889,35.4797],[77.8822,35.4797],[77.876,35.4869],[77.8766,35.4908],[77.8669,35.4982],[77.8601,35.5002],[77.8518,35.4916],[77.8392,35.5035],[77.8277,35.5043],[77.821,35.5168],[77.8128,35.5218],[77.8038,35.52],[77.7984,35.5096],[77.7841,35.5043],[77.7808,35.4992],[77.759,35.5025],[77.7417,35.4945],[77.7338,35.4829],[77.7994,35.4959],[77.724,35.4806],[77.5726,35.4718],[77.5851,35.4725],[77.5863,35.478],[77.5588,35.488],[77.5506,35.4837],[77.5429,35.4839],[77.535,35.4885],[77.5263,35.4847],[77.5187,35.4857],[77.5087,35.5802],[77.4689,35.6519],[77.4214,35.6402],[77.3486,35.7198],[77.3089,35.7198],[77.209,35.7097],[77.0896,35.7402],[77.0686,35.7799],[77.0086,35.8197],[76.939,35.84],[76.8391,35.8595],[76.7789,35.9103],[76.7789,36.0398],[76.7587,36.11],[76.7188,36.1599],[76.6689,36.1904],[76.5683,36.1904],[76.4693,36.22],[76.4286,36.2395],[76.3889,36.3098],[76.3186,36.3301],[76.239,36.3199],[76.1493,36.4245],[76.0279,36.4396],[76.014,36.4549],[76.0142,36.466],[76.0078,36.4803],[75.9977,36.4888],[75.9983,36.5015],[75.969,36.5215],[75.9511,36.5571],[75.9358,36.5756],[75.9337,36.5899],[75.9411,36.6064],[75.9098,36.6328],[75.8977,36.6392],[75.8675,36.6704],[75.8468,36.6863],[75.7356,36.7531],[75.7037,36.7555],[75.6769,36.7711],[75.6334,36.7801],[75.5858,36.7721],[75.5709,36.7796],[75.5397,36.7801],[75.5355,36.7743],[75.536,36.749],[75.5104,36.7402],[75.5037,36.7488],[75.491,36.7462],[75.479,36.7307],[75.4606,36.7298],[75.4264,36.7843],[75.4237,36.8007],[75.4258,36.8283],[75.4322,36.85],[75.4333,36.8765],[75.4232,36.8956],[75.3978,36.9093],[75.3941,36.9284],[75.401,36.9379],[75.419,36.9448],[75.4179,36.9591],[75.4063,36.9655],[75.3782,36.9649],[75.3395,36.9718],[75.3125,36.9803],[75.2818,36.983],[75.2596,36.9745],[75.241,36.9718],[75.2193,36.9814],[75.2008,36.9845],[75.1687,36.9993],[75.1706,37.0227],[75.1457,37.0343],[75.1309,37.0206],[75.0636,37.0131],[75.0514,37.0227],[75.0334,37.0259],[75.0165,37.011],[74.9969,37.0006],[74.9789,37.0036],[74.9604,36.9962],[74.9371,36.9925],[74.9233,36.9835],[74.9355,36.9647],[74.8925,36.9533],[74.8703,36.9983],[74.8428,37.0237],[74.8465,37.0534],[74.8407,37.0656],[74.8121,37.0651],[74.7935,37.0571],[74.7914,37.0375],[74.7808,37.0343],[74.7348,37.0375],[74.7205,37.0518],[74.7166,37.0748],[74.7042,37.0976],[74.689,37.0958],[74.6722,37.086],[74.6312,37.0754],[74.6232,37.0593],[74.5734,37.0389],[74.5741,37.0302],[74.5414,37.0222],[74.5265,37.0307],[74.4979,37.0572],[74.3762,37.1374],[74.3722,37.1577],[74.559,37.2366],[74.6689,37.2667],[74.7267,37.2907],[74.739,37.2856],[74.7674,37.2492],[74.8402,37.225],[74.8913,37.2316],[74.9182,37.25],[75.0084,37.2936],[75.079,37.344],[75.1188,37.3857],[75.0975,37.4513],[74.9864,37.5304],[74.9158,37.5728],[74.8942,37.6014],[74.9123,37.6873],[74.9383,37.7725],[74.9213,37.805],[74.9003,37.8327],[74.8908,37.9258],[74.8425,38.0381],[74.7896,38.1036],[74.7751,38.1919],[74.7721,38.2748],[74.8359,38.4043],[74.8123,38.4603],[74.745,38.51],[74.5141,38.6],[74.2774,38.6598],[74.1873,38.6575],[74.1313,38.6612],[74.0653,38.6085],[74.0256,38.5398],[73.97,38.5337],[73.8691,38.5629],[73.8017,38.6069],[73.7541,38.6989],[73.7168,38.8172],[73.6961,38.8543],[73.7068,38.8862],[73.73,38.9147],[73.7945,38.9413],[73.8053,38.9687],[73.7956,39.0021],[73.7438,39.0445],[73.6904,39.1045],[73.6073,39.2292]],[[79.1699,32.4972],[79.1641,32.4943],[79.1823,32.4973],[79.1699,32.4972]],[[88.1411,27.9489],[88.17,27.9532],[88.1631,27.9586],[88.1535,27.9586],[88.1441,27.9648],[88.1301,27.9502],[88.1341,27.9466],[88.1411,27.9489]],[[91.9776,27.7304],[92.0784,27.7933],[92.0628,27.7894],[92.057,27.7801],[92.0446,27.7801],[92.0377,27.7759],[92.0324,27.7786],[92.0186,27.7769],[92.0042,27.7822],[91.9814,27.7761],[91.9756,27.7575],[91.9681,27.7506],[91.9647,27.7387],[91.9531,27.7366],[91.9457,27.7301],[91.9776,27.7304]],[[92.4148,27.8246],[92.4248,27.8278],[92.4257,27.8338],[92.4117,27.8284],[92.4102,27.8257],[92.4148,27.8246]],[[95.517,29.1512],[95.5161,29.1921],[95.5062,29.1949],[95.5021,29.1922],[95.5004,29.1817],[95.5139,29.1638],[95.5136,29.1491],[95.517,29.1512]],[[97.1451,28.3403],[97.2434,28.2698],[97.2379,28.2762],[97.2353,28.286],[97.2372,28.2939],[97.2144,28.3052],[97.2049,28.3035],[97.179,28.3331],[97.1669,28.3294],[97.1533,28.3378],[97.1468,28.3512],[97.1377,28.3512],[97.1275,28.3612],[97.0764,28.3693],[97.1451,28.3403]],[[77.6377,35.4775],[77.6636,35.4771],[77.6614,35.4831],[77.6568,35.4828],[77.6514,35.4873],[77.6399,35.4839],[77.6377,35.4775]],[[78.9344,32.3596],[78.9693,32.3361],[78.9762,32.3435],[78.9866,32.3642],[78.9344,32.3596]],[[79.0516,33.2618],[79.0548,33.2593],[79.0527,33.2616],[79.0516,33.2618]],[[79.6607,30.9647],[79.6613,30.9647],[79.661,30.9648],[79.6607,30.9647]],[[88.2061,27.9586],[88.2232,27.9611],[88.2108,27.9635],[88.2061,27.9586]],[[88.2239,27.9612],[88.2397,27.9636],[88.2356,27.9691],[88.2239,27.9612]],[[96.4873,28.9413],[96.524,28.8759],[96.526,28.8797],[96.5196,28.8881],[96.517,28.9042],[96.5183,28.9101],[96.5286,28.9171],[96.5225,28.9378],[96.5124,28.9462],[96.5041,28.9486],[96.4873,28.9413]],[[97.2527,28.2632],[97.2683,28.252],[97.2644,28.2651],[97.2527,28.2632]]]}},{"type":"Feature","properties":{"ISO_A2":"MO","NAME":"Macao","CONTINENT":"Asia","REGION":"Asia"},"geometry":{"type":"Polygon","coordinates":[[[113.4789,22.1956],[113.4941,22.2416],[113.5481,22.2226],[113.4789,22.1956]]]}},{"type":"Feature","properties":{"ISO_A2":"HK","NAME":"Hong Kong","CONTINENT":"Asia","REGION":"Asia"},"geometry":{"type":"MultiPolygon","coordinates":[[[[114.0154,22.5119],[114.1229,22.565],[114.266,22.541],[114.3353,22.3962],[114.2905,22.3738],[114.268,22.2956],[114.0328,22.3759],[113.9373,22.365],[113.8965,22.4282],[114.0154,22.5119]]],[[[113.9978,22.2105],[113.8773,22.2104],[113.8389,22.2417],[114.0439,22.3334],[113.9978,22.2105]]]]}},{"type":"Feature","properties":{"ISO_A2":"CL","NAME":"Chile","CONTINENT":"South America","REGION":"Americas"},"geometry":{"type":"Polygon","coordinates":[[[-70.4183,-18.3456],[-70.1838,-18.3252],[-69.9264,-18.2061],[-69.8026,-17.9902],[-69.8521,-17.7038],[-69.8061,-17.6649],[-69.6848,-17.6498],[-69.5109,-17.5061],[-69.495,-17.6195],[-69.358,-17.7717],[-69.3134,-17.9432],[-69.0939,-18.0505],[-69.1455,-18.144],[-69.0923,-18.2824],[-68.9683,-18.968],[-68.4629,-19.4328],[-68.6983,-19.7211],[-68.5783,-19.8565],[-68.5607,-19.9671],[-68.6002,-20.0449],[-68.7558,-20.0908],[-68.6886,-20.3101],[-68.7592,-20.378],[-68.7605,-20.4162],[-68.7452,-20.4586],[-68.4843,-20.6284],[-68.5632,-20.7201],[-68.5583,-20.902],[-68.4355,-20.9482],[-68.197,-21.3003],[-68.1864,-21.6186],[-68.1122,-21.753],[-68.0768,-21.9828],[-67.9884,-22.0571],[-67.9504,-22.3337],[-67.8817,-22.4934],[-67.8794,-22.8229],[-67.7944,-22.8795],[-67.5799,-22.8917],[-67.1949,-22.8217],[-67.0088,-23.0014],[-67.3562,-24.0338],[-68.2503,-24.392],[-68.5073,-24.6298],[-68.562,-24.7474],[-68.562,-24.8377],[-68.5271,-24.8992],[-68.4663,-24.9252],[-68.428,-25.051],[-68.3842,-25.0919],[-68.4307,-25.1493],[-68.4963,-25.163],[-68.5921,-25.42],[-68.6003,-25.4856],[-68.4145,-26.1537],[-68.5758,-26.352],[-68.5916,-26.4704],[-68.4851,-26.6703],[-68.3187,-26.8775],[-68.3187,-26.9732],[-68.346,-27.0279],[-68.5374,-27.0854],[-68.5921,-27.14],[-68.6522,-27.1483],[-68.7096,-27.1045],[-68.8463,-27.1537],[-68.942,-27.4052],[-68.9994,-27.449],[-69.1744,-27.9247],[-69.2512,-27.9736],[-69.4369,-28.1927],[-69.4889,-28.2009],[-69.5271,-28.2856],[-69.6569,-28.4136],[-69.7349,-28.6411],[-69.7432,-28.7839],[-69.8279,-29.1032],[-69.9956,-29.25],[-70.0268,-29.324],[-69.9276,-29.7691],[-69.96,-30.0783],[-69.8634,-30.1203],[-69.8443,-30.175],[-69.9563,-30.3582],[-70.102,-30.3883],[-70.1532,-30.3609],[-70.3481,-30.9023],[-70.3091,-31.0227],[-70.3884,-31.1211],[-70.4731,-31.1128],[-70.5196,-31.1484],[-70.5852,-31.5694],[-70.4501,-31.8419],[-70.3938,-31.8838],[-70.331,-31.8811],[-70.2544,-31.9577],[-70.2909,-32.0311],[-70.3556,-32.0424],[-70.3638,-32.0835],[-70.32,-32.2667],[-70.2578,-32.31],[-70.2298,-32.4307],[-70.1696,-32.4717],[-70.177,-32.6261],[-70.1162,-32.8074],[-70.022,-32.8846],[-70.0931,-33.0268],[-70.0849,-33.2018],[-70.0198,-33.2715],[-69.8962,-33.251],[-69.8196,-33.2838],[-69.7978,-33.3986],[-69.8826,-33.601],[-69.8943,-33.7313],[-69.8524,-34.2243],[-70.0521,-34.3008],[-70.1015,-34.432],[-70.2899,-34.7328],[-70.3932,-35.1469],[-70.5552,-35.2469],[-70.5323,-35.3079],[-70.4704,-35.3262],[-70.4567,-35.452],[-70.4157,-35.523],[-70.3802,-35.7719],[-70.4157,-35.8785],[-70.4048,-36.0617],[-70.4567,-36.1327],[-70.5634,-36.1464],[-70.7219,-36.2832],[-70.7493,-36.3926],[-70.9051,-36.4199],[-71.0555,-36.5237],[-71.0664,-36.644],[-71.1922,-36.8437],[-71.1184,-37.1144],[-71.2004,-37.3003],[-71.1348,-37.4451],[-71.1867,-37.6311],[-71.1676,-37.7623],[-71.0282,-38.0412],[-70.968,-38.4459],[-70.8477,-38.5416],[-70.8969,-38.6811],[-70.9516,-38.7385],[-71.0871,-38.7575],[-71.2857,-38.8454],[-71.4016,-38.9351],[-71.4256,-38.9856],[-71.42,-39.2872],[-71.5395,-39.6024],[-71.6543,-39.5942],[-71.7199,-39.6353],[-71.6379,-39.8868],[-71.6598,-40.0208],[-71.7044,-40.0949],[-71.802,-40.1247],[-71.8183,-40.1767],[-71.8006,-40.2443],[-71.6953,-40.3353],[-71.709,-40.3817],[-71.8046,-40.4392],[-71.9321,-40.6917],[-71.9414,-40.7892],[-71.873,-40.893],[-71.8922,-41.3934],[-71.8711,-41.5605],[-71.9113,-41.6504],[-71.75,-42.0468],[-71.7609,-42.1015],[-71.8608,-42.1479],[-72.0261,-42.1479],[-72.1082,-42.2519],[-72.1246,-42.2983],[-72.0781,-42.3585],[-72.0535,-42.4732],[-72.1437,-42.5771],[-72.1136,-42.7768],[-72.1464,-42.99],[-72.1024,-43.0656],[-72.0547,-43.102],[-71.7815,-43.1668],[-71.7506,-43.2373],[-71.7639,-43.2946],[-71.905,-43.3476],[-71.905,-43.4401],[-71.7506,-43.5901],[-71.7374,-43.7047],[-71.7947,-43.7532],[-71.6801,-43.9296],[-71.8124,-44.1061],[-71.82,-44.3831],[-71.2126,-44.4412],[-71.1509,-44.494],[-71.1597,-44.5603],[-71.2215,-44.6308],[-71.2611,-44.7631],[-71.3582,-44.7852],[-71.4552,-44.7498],[-71.957,-44.7915],[-72.0637,-44.7719],[-72.0417,-44.9042],[-71.5963,-44.9792],[-71.4435,-45.1683],[-71.3538,-45.2305],[-71.3493,-45.3319],[-71.4904,-45.4377],[-71.5081,-45.5127],[-71.6933,-45.5348],[-71.7462,-45.5789],[-71.7727,-45.7244],[-71.7506,-45.8391],[-71.6801,-45.8787],[-71.6315,-45.9537],[-71.6845,-46.0419],[-71.8757,-46.1605],[-71.7621,-46.3198],[-71.6997,-46.6514],[-71.7327,-46.7059],[-71.9402,-46.8312],[-71.963,-47.016],[-71.9542,-47.0875],[-71.9005,-47.1443],[-71.905,-47.2017],[-72.0417,-47.2414],[-72.1034,-47.3428],[-72.3459,-47.4927],[-72.3415,-47.5721],[-72.5179,-47.8764],[-72.5091,-47.9733],[-72.4079,-48.0159],[-72.3283,-48.1101],[-72.293,-48.2291],[-72.3547,-48.3658],[-72.4981,-48.4174],[-72.6084,-48.5193],[-72.5859,-48.6625],[-72.6144,-48.7929],[-72.7285,-48.8963],[-73.0336,-49.0144],[-73.1489,-49.188],[-73.1353,-49.3007],[-73.4616,-49.3139],[-73.4836,-49.3977],[-73.5542,-49.4639],[-73.5763,-49.5829],[-73.4704,-49.7945],[-73.5289,-49.9109],[-73.5013,-50.1253],[-73.3866,-50.2312],[-73.3117,-50.3619],[-73.2516,-50.5585],[-73.1529,-50.7383],[-73.0824,-50.7604],[-72.8659,-50.6531],[-72.6204,-50.6477],[-72.5098,-50.6075],[-72.3926,-50.6343],[-72.3402,-50.6818],[-72.2763,-50.9103],[-72.3074,-51.0334],[-72.3768,-51.0954],[-72.3592,-51.1704],[-72.3019,-51.2233],[-72.3032,-51.2989],[-72.4077,-51.5408],[-72.269,-51.6911],[-72.137,-51.744],[-71.9535,-51.8804],[-71.9711,-51.9642],[-71.9187,-51.9896],[-69.9603,-52.0082],[-69.4884,-52.1361],[-69.2062,-52.1361],[-68.461,-52.2904],[-68.4434,-52.3566],[-69.241,-52.2055],[-69.4469,-52.2694],[-69.6203,-52.4647],[-69.9072,-52.5136],[-70.391,-52.6608],[-70.5629,-52.6734],[-70.7951,-52.7687],[-70.8391,-52.8896],[-70.8212,-52.9631],[-70.9521,-53.227],[-70.9843,-53.3736],[-70.9478,-53.5704],[-70.9958,-53.7793],[-71.2978,-53.8834],[-71.6938,-53.8031],[-72.1744,-53.6323],[-72.3768,-53.4712],[-72.4129,-53.3502],[-72.3061,-53.2537],[-71.9417,-53.2341],[-71.8527,-53.2857],[-71.8282,-53.3983],[-71.9028,-53.4955],[-71.8917,-53.5235],[-71.7915,-53.4846],[-71.7405,-53.2326],[-71.4003,-53.107],[-71.289,-53.0337],[-71.1633,-52.8881],[-71.1551,-52.8456],[-71.2271,-52.8106],[-71.3877,-52.7643],[-71.898,-53.0018],[-72.278,-53.1323],[-72.4926,-53.2906],[-72.5489,-53.4607],[-72.7268,-53.42],[-73.0527,-53.2435],[-72.9155,-53.122],[-72.8892,-52.8716],[-72.7277,-52.7623],[-72.676,-52.749],[-72.6321,-52.7738],[-72.6266,-52.8176],[-72.4535,-52.8145],[-72.1176,-52.65],[-71.7971,-52.6828],[-71.5912,-52.6607],[-71.5113,-52.6054],[-71.8119,-52.537],[-72.2257,-52.521],[-72.3154,-52.5386],[-72.4377,-52.6258],[-72.5044,-52.5601],[-72.7121,-52.5355],[-72.7766,-52.5774],[-72.766,-52.6426],[-72.8019,-52.7124],[-72.9319,-52.7816],[-73.0203,-52.8918],[-73.023,-53.0221],[-73.1225,-53.0739],[-73.3382,-53.0547],[-73.5075,-52.9035],[-73.6452,-52.837],[-73.2408,-52.7071],[-73.0732,-52.5351],[-73.1239,-52.488],[-73.1838,-52.4879],[-73.1782,-52.5627],[-73.2441,-52.624],[-73.3821,-52.5951],[-73.5857,-52.6857],[-73.7108,-52.6615],[-73.9147,-52.6882],[-74.0145,-52.6394],[-74.0358,-52.5772],[-73.9999,-52.5126],[-74.0374,-52.4029],[-74.1508,-52.3825],[-74.2957,-52.1179],[-74.1949,-52.1202],[-73.8345,-52.234],[-73.7028,-52.1988],[-73.6843,-52.0777],[-73.5322,-52.1531],[-73.2604,-52.1578],[-72.9437,-52.0469],[-72.795,-51.9495],[-72.6955,-51.9852],[-72.6948,-52.0447],[-72.588,-52.1451],[-72.5708,-52.2001],[-72.5834,-52.2542],[-72.714,-52.3567],[-72.6771,-52.3847],[-72.6315,-52.3716],[-72.5687,-52.334],[-72.5233,-52.2555],[-72.5241,-52.1703],[-72.6248,-52.0069],[-72.6246,-51.9465],[-72.4941,-51.8476],[-72.4896,-51.7637],[-72.5425,-51.7062],[-72.7612,-51.5732],[-73.1268,-51.4399],[-73.1687,-51.4539],[-73.197,-51.478],[-72.7894,-51.6143],[-72.6491,-51.695],[-72.5833,-51.7373],[-72.6,-51.7991],[-72.9284,-51.8599],[-73.3833,-52.07],[-73.5182,-52.041],[-73.6503,-51.8562],[-73.7526,-51.7955],[-73.8576,-51.7899],[-73.8944,-51.7578],[-73.9732,-51.7845],[-74.1967,-51.6806],[-74.0696,-51.5787],[-73.9298,-51.6179],[-73.8959,-51.3314],[-73.9395,-51.2663],[-74.1212,-51.1954],[-74.3323,-51.195],[-74.8147,-51.0629],[-75.0553,-50.7855],[-75.0947,-50.6812],[-74.6857,-50.662],[-74.6489,-50.6185],[-74.7759,-50.4699],[-74.6445,-50.3609],[-74.3656,-50.4879],[-74.1394,-50.8178],[-73.8065,-50.9384],[-73.8246,-50.8358],[-73.7406,-50.6967],[-73.6182,-50.6512],[-73.6933,-50.57],[-73.6544,-50.4927],[-73.7502,-50.5398],[-73.8915,-50.7827],[-73.978,-50.8271],[-74.1972,-50.6098],[-74.1856,-50.4854],[-73.9503,-50.5105],[-74.4251,-50.3502],[-74.6296,-50.194],[-74.3337,-49.9746],[-74.0194,-50.0228],[-73.9586,-49.9947],[-74.0112,-49.9285],[-74.0733,-49.9485],[-74.1713,-49.9073],[-74.3239,-49.7834],[-74.2908,-49.6041],[-74.102,-49.5554],[-73.8916,-49.6237],[-73.8364,-49.6094],[-73.8925,-49.5234],[-74.0944,-49.4297],[-74.0234,-49.2441],[-74.0154,-49.0909],[-73.935,-49.0209],[-74.0277,-49.0262],[-74.2213,-49.5006],[-74.3666,-49.4005],[-74.3821,-48.7937],[-74.341,-48.5957],[-74.1762,-48.4941],[-74.0569,-48.5036],[-74.0091,-48.475],[-74.1715,-48.4274],[-74.343,-48.4926],[-74.4744,-48.464],[-74.4994,-48.3623],[-74.5772,-48.2744],[-74.5847,-47.999],[-74.2504,-48.0449],[-73.8538,-48.0422],[-73.5282,-48.1982],[-73.3845,-48.1773],[-73.3911,-48.1459],[-73.501,-48.1066],[-73.6099,-47.9939],[-73.7159,-47.6555],[-73.7482,-47.6613],[-73.8467,-47.867],[-73.9409,-47.9294],[-74.2271,-47.9689],[-74.3506,-47.9443],[-74.3762,-47.8297],[-74.6089,-47.758],[-74.6549,-47.7022],[-74.5338,-47.5677],[-74.243,-47.6793],[-74.1341,-47.5908],[-74.3237,-47.5314],[-74.4827,-47.4305],[-74.4033,-47.3275],[-74.1584,-47.1825],[-74.2081,-47.0831],[-74.1519,-46.9744],[-74.3136,-46.7882],[-74.4542,-46.7668],[-74.4844,-46.795],[-74.467,-46.8644],[-74.5123,-46.8852],[-74.6908,-46.864],[-75.006,-46.7411],[-75.0525,-46.628],[-74.9842,-46.5121],[-75.1458,-46.6001],[-75.4784,-46.6624],[-75.5403,-46.6987],[-75.5651,-46.7287],[-75.446,-46.7508],[-75.3864,-46.8627],[-75.4304,-46.9346],[-75.4966,-46.9401],[-75.6353,-46.8628],[-75.7081,-46.775],[-75.7064,-46.7053],[-75.6568,-46.6104],[-74.9245,-46.1597],[-75.0745,-46.0045],[-75.0667,-45.8749],[-74.7631,-45.8236],[-74.4628,-45.8407],[-74.1579,-45.7672],[-74.0818,-45.6783],[-74.1227,-45.4962],[-74.0375,-45.4177],[-73.9572,-45.4044],[-73.825,-45.4469],[-73.9603,-45.8353],[-74.061,-45.9474],[-74.0199,-46.0559],[-74.0815,-46.1318],[-74.393,-46.2174],[-74.3725,-46.2463],[-74.0897,-46.2224],[-73.9676,-46.1541],[-73.8787,-45.8469],[-73.7353,-45.8117],[-73.6949,-45.8596],[-73.7082,-46.0703],[-73.8106,-46.3773],[-73.9486,-46.5331],[-73.9437,-46.5716],[-73.8454,-46.566],[-73.7703,-46.4998],[-73.6621,-46.2975],[-73.6294,-45.9865],[-73.5918,-45.8991],[-73.5943,-45.7769],[-73.7566,-45.7028],[-73.7804,-45.6279],[-73.7308,-45.48],[-73.5499,-45.4838],[-73.2662,-45.3462],[-72.9338,-45.4523],[-72.9755,-45.3926],[-73.2264,-45.2552],[-73.445,-45.2382],[-73.4049,-45.1023],[-73.3625,-44.9782],[-73.0784,-44.9202],[-72.739,-44.7342],[-72.6801,-44.5939],[-72.6639,-44.4364],[-72.8275,-44.3954],[-73.2651,-44.1687],[-73.2245,-43.8979],[-73.0688,-43.862],[-72.9966,-43.6315],[-73.101,-43.4552],[-73.076,-43.3236],[-72.94,-43.2113],[-72.878,-43.0481],[-72.758,-43.0395],[-72.766,-42.9082],[-72.845,-42.808],[-72.848,-42.6691],[-72.7739,-42.5052],[-72.6318,-42.5097],[-72.7852,-42.3013],[-72.7732,-42.2577],[-72.6311,-42.1998],[-72.5484,-42.2558],[-72.4303,-42.4339],[-72.4124,-42.3882],[-72.4994,-41.9809],[-72.624,-42.0105],[-72.7382,-41.9946],[-72.8241,-41.9088],[-72.6599,-41.7425],[-72.486,-41.7221],[-72.3604,-41.6491],[-72.3183,-41.499],[-72.3595,-41.5139],[-72.4277,-41.6459],[-72.5424,-41.6906],[-72.6698,-41.6594],[-72.8051,-41.5443],[-72.9528,-41.5147],[-73.015,-41.5438],[-73.1741,-41.7466],[-73.2418,-41.7809],[-73.5213,-41.7971],[-73.7352,-41.7425],[-73.6239,-41.5813],[-73.7106,-41.5736],[-73.8107,-41.5175],[-73.855,-41.4464],[-73.8762,-41.3193],[-73.9659,-41.1183],[-73.9836,-40.9743],[-73.9203,-40.8716],[-73.784,-40.4685],[-73.6694,-40.0823],[-73.671,-39.9632],[-73.4104,-39.7892],[-73.2499,-39.4224],[-73.2265,-39.2244],[-73.5202,-38.5094],[-73.5326,-38.3668],[-73.4648,-38.0403],[-73.6618,-37.6985],[-73.6646,-37.5904],[-73.6034,-37.4791],[-73.6624,-37.341],[-73.6017,-37.1885],[-73.3746,-37.2243],[-73.216,-37.1669],[-73.1181,-36.6884],[-73.0066,-36.6435],[-72.8746,-36.3904],[-72.7784,-35.9785],[-72.5874,-35.7597],[-72.6239,-35.5857],[-72.3867,-35.2404],[-72.2238,-35.0962],[-72.056,-34.6158],[-71.9915,-34.2885],[-72.0028,-34.1653],[-71.831,-33.8195],[-71.6644,-33.6526],[-71.6363,-33.5192],[-71.6955,-33.429],[-71.743,-33.0951],[-71.592,-32.9695],[-71.4522,-32.6596],[-71.4614,-32.5379],[-71.4213,-32.3868],[-71.513,-32.2079],[-71.5259,-31.8059],[-71.662,-31.1695],[-71.6539,-30.9866],[-71.7089,-30.628],[-71.6695,-30.3304],[-71.4004,-30.143],[-71.3157,-29.6497],[-71.3267,-29.4432],[-71.3533,-29.3504],[-71.4858,-29.1982],[-71.5192,-28.9265],[-71.4936,-28.8553],[-71.3841,-28.7787],[-71.3067,-28.6725],[-71.2668,-28.5075],[-71.1864,-28.3778],[-71.1545,-28.0641],[-71.0865,-27.8145],[-71.0526,-27.7273],[-70.9258,-27.5887],[-70.8979,-27.1875],[-70.6466,-26.3294],[-70.6354,-25.9927],[-70.7137,-25.7842],[-70.633,-25.5456],[-70.4895,-25.3765],[-70.4522,-25.2519],[-70.4454,-25.1727],[-70.5741,-24.6443],[-70.5074,-24.1297],[-70.5074,-23.8857],[-70.3923,-23.5659],[-70.512,-23.4828],[-70.5881,-23.3684],[-70.5934,-23.2555],[-70.5632,-23.057],[-70.4497,-23.0342],[-70.3317,-22.8486],[-70.0875,-21.4931],[-70.0884,-21.2532],[-70.197,-20.7254],[-70.1475,-20.2298],[-70.1574,-19.7059],[-70.2758,-19.2676],[-70.3616,-18.398],[-70.4183,-18.3456]]]}},{"type":"Feature","properties":{"ISO_A2":"TD","NAME":"Chad","CONTINENT":"Africa","REGION":"Africa"},"geometry":{"type":"Polygon","coordinates":[[[23.9803,19.4966],[23.9708,15.7215],[23.604,15.746],[23.1052,15.7025],[22.9339,15.5331],[22.9695,15.3113],[22.9323,15.1621],[22.7633,14.9987],[22.6792,14.8515],[22.6709,14.7225],[22.4678,14.6334],[22.3815,14.5505],[22.4493,14.2842],[22.5386,14.1619],[22.1731,13.9106],[22.1064,13.7998],[22.1076,13.7303],[22.2214,13.4716],[22.2281,13.3296],[22.158,13.215],[21.9902,13.1131],[21.9077,13.001],[21.8253,12.7905],[21.8781,12.6994],[21.9281,12.6781],[22.2334,12.7095],[22.3523,12.6604],[22.4145,12.5464],[22.3902,12.463],[22.4725,12.0678],[22.5644,12.033],[22.581,11.9901],[22.5563,11.6695],[22.5911,11.5799],[22.7834,11.41],[22.849,11.4033],[22.9227,11.3449],[22.9377,11.192],[22.8601,10.9197],[22.4938,10.9962],[22.2359,10.8941],[22.1563,10.8261],[22.0432,10.8227],[21.9648,10.7367],[21.7715,10.6428],[21.7065,10.5748],[21.7258,10.3666],[21.6827,10.2898],[21.6327,10.2383],[21.528,10.2078],[21.396,10.0014],[21.3524,9.9691],[21.2639,9.9746],[21.0095,9.7132],[20.9842,9.6363],[20.7732,9.4057],[20.3421,9.1271],[20.0727,9.1332],[19.9535,9.0751],[19.6684,9.0209],[19.1455,9.016],[18.9563,8.9389],[18.8883,8.8897],[18.8886,8.8525],[19.1087,8.6562],[18.9064,8.4051],[18.6336,8.1677],[18.5642,8.0459],[17.6494,7.9836],[17.247,7.813],[17.118,7.7019],[16.8903,7.6337],[16.7848,7.551],[16.589,7.7434],[16.5453,7.8655],[16.4044,7.7724],[16.3789,7.6835],[16.0307,7.5721],[15.9576,7.5076],[15.845,7.4753],[15.4801,7.5238],[15.5526,7.6645],[15.5498,7.7879],[15.443,7.8519],[15.2523,8.3224],[15.1162,8.5573],[14.8607,8.7986],[14.7328,8.8657],[14.3323,9.2035],[14.005,9.5887],[13.9772,9.6916],[14.1397,9.9018],[14.2433,9.9797],[14.8358,9.9417],[15.1327,9.9829],[15.5409,9.9603],[15.6549,10.0078],[15.5319,10.0885],[15.2761,10.3574],[15.1322,10.6485],[15.0299,11.1137],[15.0555,11.3686],[15.122,11.5413],[15.078,11.6426],[15.0813,11.8455],[14.8807,12.2694],[14.8471,12.5021],[14.7612,12.6556],[14.6232,12.7299],[14.5447,12.8202],[14.5162,12.9797],[14.4617,13.0218],[14.2448,13.0773],[14.064,13.0785],[13.6063,13.7046],[13.4482,14.3807],[13.6424,14.6308],[13.8071,14.9661],[14.368,15.7501],[15.4743,16.9084],[15.7351,19.9041],[15.9632,20.3462],[15.5871,20.7333],[15.5403,20.8749],[15.6073,20.9544],[15.2937,21.4115],[15.1818,21.5234],[15.1723,21.9221],[14.979,22.9962],[15.9841,23.4452],[23.9803,19.4966]]]}},{"type":"Feature","properties":{"ISO_A2":"CF","NAME":"Central African Rep.","CONTINENT":"Africa","REGION":"Africa"},"geometry":{"type":"Polygon","coordinates":[[[24.1474,8.6656],[24.2209,8.6083],[24.18,8.4611],[24.2084,8.3691],[24.2914,8.2914],[24.7367,8.1916],[24.8533,8.1375],[25.2004,7.8079],[25.2474,7.7246],[25.1813,7.5572],[25.2789,7.4275],[25.3807,7.3334],[25.889,7.0649],[26.0365,6.9552],[26.1693,6.7817],[26.3618,6.6353],[26.3086,6.4553],[26.5143,6.0692],[26.5937,6.0175],[26.7264,5.9982],[27.1439,5.7229],[27.2291,5.5625],[27.2567,5.2896],[27.4033,5.1092],[27.0719,5.1998],[26.8221,5.0624],[25.5251,5.3121],[25.4002,5.2559],[25.2493,5.0246],[25.0652,4.9674],[24.9784,4.983],[24.7655,4.9301],[24.4371,5.01],[24.3198,4.9941],[23.4172,4.6631],[23.3129,4.6635],[23.1159,4.7369],[22.8646,4.7239],[22.7117,4.5917],[22.5057,4.2077],[22.4222,4.135],[21.687,4.2814],[21.5376,4.2448],[21.3502,4.3114],[21.2298,4.3022],[21.1256,4.3322],[20.9558,4.4131],[20.5581,4.4627],[20.3936,4.6862],[20.2264,4.8296],[19.8065,5.0893],[19.501,5.1275],[19.3234,5.0708],[19.0686,4.8914],[18.8317,4.5234],[18.6999,4.3826],[18.5941,4.3462],[18.5675,4.2576],[18.6199,4.1166],[18.6337,3.9543],[18.5967,3.6787],[18.6104,3.4784],[18.4744,3.623],[18.1609,3.4998],[18.1113,3.5511],[17.8804,3.5539],[17.4916,3.6873],[17.2247,3.5984],[16.6733,3.5352],[16.6107,3.5054],[16.5704,3.4631],[16.4768,3.1651],[16.4686,2.8317],[16.1834,2.2701],[16.1067,2.4735],[16.0635,2.9086],[15.9049,3.0959],[15.775,3.1272],[15.1287,3.8269],[15.0349,4.0164],[15.1358,4.0369],[15.0636,4.2849],[15.0228,4.3585],[14.7313,4.6024],[14.6406,5.1791],[14.563,5.2799],[14.6169,5.4955],[14.6169,5.8651],[14.5772,5.916],[14.5031,5.9169],[14.4312,6.0387],[14.4407,6.0867],[14.5121,6.1619],[14.7393,6.2798],[14.8619,6.5557],[15.0346,6.7844],[15.2067,7.2062],[15.3791,7.3582],[15.4801,7.5238],[15.845,7.4753],[15.9576,7.5076],[16.0307,7.5721],[16.3789,7.6835],[16.4044,7.7724],[16.5453,7.8655],[16.589,7.7434],[16.7848,7.551],[16.8903,7.6337],[17.118,7.7019],[17.247,7.813],[17.6494,7.9836],[18.5642,8.0459],[18.6336,8.1677],[18.9064,8.4051],[19.1087,8.6562],[18.886,8.836],[18.8783,8.8732],[18.9563,8.9389],[19.1455,9.016],[19.6684,9.0209],[19.9535,9.0751],[20.0727,9.1332],[20.3421,9.1271],[20.6314,9.3014],[20.891,9.5271],[21.0095,9.7132],[21.2639,9.9746],[21.3524,9.9691],[21.396,10.0014],[21.528,10.2078],[21.6327,10.2383],[21.6827,10.2898],[21.7258,10.3666],[21.7065,10.5748],[21.7715,10.6428],[21.9648,10.7367],[22.0432,10.8227],[22.1563,10.8261],[22.2359,10.8941],[22.4938,10.9962],[22.8601,10.9197],[22.9644,10.7518],[23.3123,10.3879],[23.6463,9.8229],[23.6227,9.3406],[23.5961,9.2619],[23.4683,9.1147],[23.4891,8.9933],[23.5519,8.9432],[23.5373,8.8158],[23.6793,8.7325],[24.1474,8.6656]]]}},{"type":"Feature","properties":{"ISO_A2":"CV","NAME":"Cabo Verde","CONTINENT":"Africa","REGION":"Africa"},"geometry":{"type":"Polygon","coordinates":[[[-23.4442,15.008],[-23.5047,14.9161],[-23.6372,14.9235],[-23.7054,14.9613],[-23.785,15.0769],[-23.7481,15.3285],[-23.5353,15.1393],[-23.4442,15.008]]]}},{"type":"Feature","properties":{"ISO_A2":"CA","NAME":"Canada","CONTINENT":"North America","REGION":"Americas"},"geometry":{"type":"MultiPolygon","coordinates":[[[[-130.0251,55.8882],[-130.0229,56.0145],[-130.0979,56.1093],[-130.2147,56.0828],[-130.4131,56.1225],[-130.4771,56.2306],[-130.6491,56.2637],[-130.7417,56.3408],[-131.0829,56.4048],[-131.5751,56.5988],[-131.8243,56.59],[-131.8331,56.6848],[-131.886,56.7421],[-131.8662,56.7928],[-132.1043,56.8568],[-132.0315,57.0266],[-132.338,57.0794],[-132.2322,57.1985],[-133.1204,58.0777],[-133.4226,58.3371],[-133.4011,58.4109],[-133.8208,58.705],[-134.297,58.8985],[-134.4408,59.0854],[-134.9437,59.2883],[-135.0713,59.4415],[-135.051,59.5787],[-135.4759,59.7933],[-135.9347,59.6626],[-136.3218,59.6048],[-136.2471,59.5329],[-136.278,59.4803],[-136.3479,59.4561],[-136.4664,59.4591],[-136.4667,59.2799],[-136.5788,59.1522],[-136.8133,59.15],[-137.4386,58.9031],[-137.5209,58.9154],[-137.4842,58.9912],[-137.5933,59.2263],[-138.6323,59.7783],[-138.7055,59.9013],[-139.0435,59.9933],[-139.1852,60.0836],[-139.0792,60.2794],[-139.0792,60.3437],[-139.6763,60.3283],[-139.9733,60.1832],[-140.4528,60.2997],[-140.5254,60.2184],[-141.0021,60.3002],[-141.0021,69.6508],[-140.4051,69.6025],[-139.9766,69.6217],[-139.1815,69.5155],[-138.6899,69.3168],[-137.8694,69.0928],[-137.26,68.9641],[-136.7173,68.8892],[-136.1224,68.8822],[-135.2588,68.6843],[-135.2312,68.6943],[-135.4346,68.842],[-135.8947,68.9267],[-135.939,68.9742],[-135.9248,68.9926],[-135.5755,69.027],[-135.9102,69.1115],[-135.6915,69.3112],[-135.6149,69.291],[-135.4996,69.3372],[-135.2928,69.3079],[-135.255,69.3238],[-135.2298,69.4252],[-135.1408,69.4678],[-134.4568,69.4776],[-134.4954,69.5719],[-134.4515,69.6655],[-134.4089,69.6818],[-134.242,69.6688],[-134.0775,69.5579],[-133.8798,69.5077],[-134.1743,69.2528],[-133.694,69.3684],[-133.1631,69.4339],[-133.0283,69.5083],[-132.9153,69.6296],[-132.8403,69.6507],[-132.4039,69.6587],[-132.5684,69.6981],[-132.4885,69.7381],[-132.334,69.7518],[-132.1634,69.705],[-131.4409,69.9179],[-131.1364,69.9069],[-130.9262,70.0516],[-130.6655,70.1271],[-130.4984,70.1432],[-130.175,70.0859],[-129.945,70.0909],[-129.6756,70.193],[-129.5384,70.1052],[-129.5382,70.0739],[-129.6483,69.9978],[-130.8321,69.6515],[-131.9378,69.5347],[-132.3308,69.308],[-132.6867,69.2599],[-133.4183,68.8443],[-133.3484,68.7699],[-133.1968,68.7398],[-133.138,68.7466],[-133.3367,68.8353],[-132.706,68.8149],[-132.5776,68.8478],[-132.5327,68.8756],[-132.7391,68.9225],[-132.7701,69.0122],[-132.7189,69.0792],[-131.9196,69.2905],[-131.7869,69.3713],[-131.8202,69.4016],[-131.7884,69.432],[-131.5629,69.4614],[-131.3429,69.4354],[-131.303,69.4151],[-131.3247,69.3612],[-131.1617,69.455],[-131.0634,69.4507],[-131.0134,69.4287],[-130.9863,69.3629],[-130.9707,69.2091],[-130.875,69.32],[-130.516,69.5697],[-130.3536,69.6558],[-130.1176,69.7201],[-129.1091,69.8819],[-128.8989,69.9662],[-128.9386,69.875],[-129.1383,69.8325],[-129.1579,69.8001],[-129.1017,69.717],[-129.0543,69.7011],[-128.853,69.751],[-128.3867,69.9602],[-128.2786,70.1081],[-127.6838,70.2604],[-127.974,70.2929],[-128.0342,70.3153],[-127.9889,70.3631],[-128.1701,70.4185],[-128.1681,70.4798],[-128.1273,70.5238],[-127.991,70.5738],[-127.7528,70.5171],[-127.226,70.2961],[-126.9268,70.0617],[-126.7587,69.8534],[-126.6122,69.7303],[-126.0638,69.4671],[-125.7278,69.38],[-125.3868,69.3492],[-125.1719,69.428],[-125.1668,69.4798],[-125.3569,69.626],[-125.3455,69.6625],[-125.2194,69.7324],[-125.2012,69.8288],[-125.0796,69.8178],[-124.7679,69.99],[-124.9904,70.0266],[-124.555,70.1512],[-124.4445,70.1106],[-124.4719,69.9185],[-124.4069,69.7674],[-124.1246,69.69],[-124.1385,69.6532],[-124.4813,69.4251],[-124.4262,69.3794],[-124.3381,69.3648],[-123.5284,69.3894],[-123.3615,69.4966],[-123.2137,69.5415],[-123.1104,69.7381],[-123.0258,69.81],[-121.7418,69.7975],[-120.9625,69.6604],[-120.14,69.3806],[-118.8687,69.2572],[-118.0952,69.0429],[-117.227,68.9134],[-116.0595,68.837],[-116.2516,68.9579],[-115.9361,68.9581],[-115.8063,68.9866],[-115.4423,68.9409],[-114.6202,68.7461],[-114.2182,68.5521],[-114.092,68.4354],[-113.9644,68.3991],[-114.0208,68.3065],[-114.0959,68.2668],[-114.7653,68.2702],[-114.8522,68.1953],[-115.1271,68.132],[-115.1868,68.0842],[-115.1671,68.0186],[-115.4345,67.9023],[-115.1332,67.8192],[-113.8932,67.7069],[-112.503,67.6819],[-112.2367,67.7311],[-111.5757,67.7568],[-111.1922,67.8226],[-110.99,67.7908],[-110.372,67.9542],[-110.2163,67.954],[-110.0739,67.9929],[-109.9365,67.8879],[-109.8313,67.8658],[-109.6304,67.7327],[-109.2243,67.7298],[-109.038,67.6912],[-108.9499,67.4939],[-108.852,67.422],[-108.7151,67.5828],[-108.6133,67.598],[-108.4915,67.4833],[-108.347,67.4034],[-107.9887,67.2564],[-107.9092,67.1625],[-107.9913,67.0952],[-108.2208,67.0506],[-108.496,67.0923],[-107.7609,66.6837],[-107.4803,66.4918],[-107.2595,66.3985],[-107.7104,66.74],[-107.746,66.9615],[-107.6262,67.0031],[-107.4992,66.9362],[-107.4021,66.948],[-107.1565,66.8817],[-107.3479,67.0548],[-107.2832,67.1033],[-107.5675,67.273],[-107.644,67.3848],[-107.6499,67.5113],[-107.9541,67.7],[-107.9584,67.8186],[-107.7631,67.9068],[-107.7286,67.9588],[-107.7983,68.0369],[-106.9226,68.1142],[-106.7907,68.1448],[-106.6684,68.216],[-106.4243,68.2006],[-106.4044,68.3193],[-106.2712,68.3832],[-105.9331,68.4431],[-105.7812,68.5266],[-105.7502,68.5923],[-105.9322,68.6365],[-106.4581,68.5165],[-106.5433,68.4606],[-106.6085,68.3574],[-106.8537,68.3868],[-107.1462,68.3042],[-107.2981,68.2964],[-107.6193,68.3311],[-107.7415,68.2857],[-107.6776,68.2029],[-107.7342,68.1737],[-108.3228,68.1541],[-108.7181,68.2975],[-108.3458,68.5978],[-107.4359,68.6889],[-106.1645,68.9199],[-105.6856,68.8282],[-105.5398,68.7187],[-105.4569,68.5781],[-105.4286,68.4583],[-105.3774,68.4138],[-105.1013,68.298],[-104.9598,68.3105],[-104.912,68.2505],[-104.6532,68.2301],[-104.6611,68.1488],[-104.4868,68.0632],[-104.1936,68.0312],[-103.9016,68.0411],[-103.4741,68.115],[-102.8416,67.8527],[-102.3204,67.7356],[-101.8836,67.7453],[-101.555,67.6932],[-100.8556,67.799],[-100.2129,67.8386],[-99.7729,67.8148],[-99.0322,67.7188],[-98.4121,67.8072],[-98.7036,67.9657],[-98.7201,68.042],[-98.6315,68.0726],[-98.4148,67.9884],[-97.9308,67.7108],[-97.4549,67.617],[-97.1944,67.6969],[-97.1398,67.7962],[-97.2065,67.8551],[-97.5466,67.9607],[-97.7391,67.9782],[-98.1105,67.903],[-98.1925,67.923],[-98.5003,68.1177],[-98.3861,68.1153],[-98.6505,68.3635],[-98.4686,68.3821],[-98.2186,68.3174],[-97.7942,68.3876],[-97.911,68.4495],[-97.9389,68.5104],[-97.8286,68.5328],[-97.6396,68.482],[-97.4104,68.4965],[-97.2659,68.4529],[-96.9767,68.2554],[-96.6282,68.2503],[-96.4307,68.3106],[-96.7221,68.0388],[-96.5313,68.0631],[-96.4394,68.1509],[-95.9703,68.2491],[-96.036,68.1578],[-96.1988,67.7178],[-96.3714,67.5539],[-96.3691,67.5098],[-96.185,67.3756],[-96.1415,67.2718],[-95.7199,67.3168],[-95.6952,67.2987],[-95.7825,67.1938],[-95.557,67.2153],[-95.4159,67.1556],[-95.4189,67.0132],[-95.5022,66.9799],[-95.7687,66.9667],[-96.0195,67.0188],[-96.2156,66.9977],[-96.3504,67.07],[-96.4226,67.0518],[-96.3595,66.9894],[-95.8853,66.7414],[-95.8133,66.6901],[-95.7974,66.6166],[-95.7432,66.6904],[-96.0161,66.8705],[-96.0454,66.9231],[-95.9724,66.9522],[-95.625,66.9163],[-95.3997,66.9495],[-95.3541,66.9807],[-95.3211,67.1525],[-95.2587,67.2625],[-95.4634,67.6102],[-95.6505,67.7375],[-95.4607,68.0214],[-95.1259,68.0833],[-94.861,68.0417],[-94.7444,68.0709],[-93.9277,68.4738],[-93.4489,68.6189],[-93.6439,68.6331],[-93.6762,68.686],[-93.6814,68.8873],[-93.7657,68.9696],[-93.8524,69.0003],[-93.8961,68.9822],[-93.9916,68.8206],[-94.0649,68.7848],[-94.4783,68.7428],[-94.6004,68.8032],[-94.5625,68.9117],[-94.0836,69.1231],[-94.2554,69.1515],[-94.285,69.2416],[-94.2547,69.3138],[-93.6195,69.417],[-93.8205,69.2526],[-93.7485,69.2261],[-93.431,69.375],[-93.5371,69.3823],[-93.5323,69.4809],[-93.6498,69.519],[-94.0153,69.4467],[-94.2708,69.4551],[-94.6338,69.6497],[-94.7127,69.6494],[-94.8225,69.5778],[-95.5876,69.7557],[-95.9649,69.8028],[-96.1191,69.8719],[-96.4924,70.1249],[-96.5514,70.2103],[-96.5456,70.3272],[-96.2977,70.5114],[-96.1228,70.5612],[-95.8786,70.549],[-95.9882,70.6168],[-95.8863,70.6943],[-96.258,70.6423],[-96.5489,70.8087],[-96.5511,70.8897],[-96.4704,71.0697],[-96.5248,71.1271],[-96.4208,71.1765],[-96.4466,71.2399],[-96.062,71.4139],[-95.7254,71.3282],[-95.5643,71.3368],[-95.4062,71.4917],[-95.7734,71.5143],[-95.8723,71.5731],[-95.6159,71.6854],[-95.5117,71.7768],[-95.2012,71.9037],[-94.6111,71.9869],[-94.5571,71.979],[-94.4911,71.9155],[-94.4788,71.8486],[-94.3083,71.7649],[-93.8102,71.7663],[-93.7463,71.7428],[-93.7816,71.6743],[-93.7628,71.638],[-93.2563,71.4608],[-93.0313,71.3357],[-92.9487,71.2621],[-92.8827,71.0693],[-92.9042,70.9161],[-92.9814,70.8522],[-92.3558,70.6343],[-92.2145,70.4929],[-92.0491,70.3896],[-92.0726,70.3188],[-92.0474,70.3033],[-91.9835,70.2855],[-91.8204,70.3417],[-91.7608,70.3263],[-91.5641,70.1783],[-91.6161,70.1479],[-91.8586,70.1327],[-92.121,70.1699],[-92.3205,70.2354],[-92.5119,70.1039],[-92.127,70.0845],[-91.9767,70.0387],[-92.8878,69.6682],[-92.3117,69.6729],[-92.2308,69.6534],[-92.2583,69.6343],[-92.2091,69.6033],[-91.912,69.5313],[-91.7241,69.5456],[-91.3842,69.6495],[-91.2018,69.6448],[-91.1509,69.6372],[-91.4269,69.5379],[-90.6666,69.5155],[-90.4156,69.457],[-90.684,69.4277],[-90.7946,69.3467],[-90.8221,69.2905],[-90.8923,69.2673],[-91.005,69.2771],[-91.0578,69.3184],[-91.2372,69.2855],[-90.7448,69.1059],[-90.479,68.8812],[-90.539,68.8196],[-90.5102,68.6889],[-90.5736,68.4747],[-90.2478,68.2674],[-90.1744,68.2702],[-89.8977,68.4908],[-89.8842,68.6256],[-89.7831,68.7359],[-89.6666,69.0146],[-89.2795,69.2555],[-89.0567,69.2661],[-88.0414,68.8117],[-87.8277,68.4481],[-87.8279,68.3],[-87.8927,68.2481],[-87.991,68.242],[-88.1111,68.2512],[-88.2353,68.3391],[-88.347,68.2883],[-88.3138,67.9503],[-88.1959,67.7658],[-87.4991,67.3553],[-87.4179,67.2142],[-87.3594,67.1772],[-87.2663,67.1838],[-86.9239,67.3563],[-86.5608,67.4821],[-86.4755,67.7131],[-86.398,67.8001],[-85.9526,68.0725],[-85.7311,68.445],[-85.7449,68.5783],[-85.6898,68.6709],[-85.4911,68.774],[-85.2751,68.7414],[-84.8676,68.7733],[-85.1066,68.844],[-85.0834,68.9079],[-84.9161,68.9623],[-84.8622,69.074],[-85.1135,69.1659],[-85.2755,69.1723],[-85.3868,69.2319],[-85.4319,69.3539],[-85.4022,69.4268],[-85.4372,69.4882],[-85.416,69.5478],[-85.5024,69.6515],[-85.4461,69.7778],[-85.5348,69.8351],[-85.5074,69.8453],[-85.0198,69.8048],[-84.6451,69.8497],[-84.3188,69.8437],[-83.6653,69.6997],[-82.6184,69.6911],[-82.3742,69.6418],[-82.4957,69.5322],[-82.7548,69.4944],[-82.3099,69.41],[-82.2082,69.297],[-82.2468,69.265],[-82.2275,69.2489],[-81.9518,69.2761],[-81.3778,69.1856],[-81.3287,69.1199],[-81.6114,69.003],[-81.9517,68.9091],[-81.9579,68.8836],[-81.3809,68.85],[-81.2635,68.7806],[-81.2525,68.7432],[-81.2815,68.6572],[-81.5269,68.556],[-81.9148,68.4588],[-82.2102,68.5063],[-82.4987,68.4786],[-82.5527,68.4465],[-82.413,68.3572],[-82.3929,68.3383],[-82.4307,68.3066],[-82.2224,68.1453],[-82.1513,68.1397],[-82.0125,68.1939],[-82.1021,68.0189],[-82.0625,67.9282],[-81.8693,67.8025],[-81.4123,67.5954],[-81.2943,67.4974],[-81.2701,67.4599],[-81.3011,67.357],[-81.4676,67.0699],[-81.6301,67.002],[-81.9255,66.9747],[-82.2605,66.7391],[-82.6415,66.5875],[-82.9489,66.5508],[-83.2984,66.3921],[-83.4064,66.3712],[-83.5903,66.3878],[-83.6511,66.4846],[-83.998,66.7285],[-84.208,66.7363],[-84.3244,66.7818],[-84.3663,66.8111],[-84.2726,66.8392],[-84.6926,67.0166],[-84.8458,67.0287],[-85.1137,66.9069],[-85.0183,66.8721],[-84.8574,66.9407],[-84.7377,66.9336],[-84.223,66.6825],[-84.0942,66.5262],[-83.8258,66.29],[-83.7976,66.2385],[-83.869,66.2136],[-84.2931,66.2918],[-84.3984,66.2587],[-84.4784,66.1793],[-84.6281,66.2077],[-85.0962,66.3253],[-85.4422,66.5374],[-85.6039,66.5683],[-86.0632,66.5204],[-86.7082,66.523],[-86.7371,66.5109],[-86.6886,66.4575],[-86.7384,66.4329],[-86.6851,66.3604],[-86.1131,66.2253],[-86.0008,66.1868],[-85.9587,66.119],[-86.0429,66.0226],[-87.0811,65.4408],[-87.2915,65.3548],[-87.4529,65.339],[-87.97,65.3489],[-88.6725,65.6116],[-88.7439,65.6788],[-89.0877,65.739],[-89.4204,65.8608],[-89.7494,65.936],[-89.944,65.9336],[-89.8478,65.8723],[-89.8897,65.8686],[-90.3163,65.9264],[-91.4115,65.9594],[-91.0411,65.8298],[-91.0736,65.8855],[-90.9834,65.9192],[-89.9241,65.7803],[-89.6004,65.6478],[-89.2417,65.4464],[-88.974,65.3483],[-88.1978,65.2799],[-87.3919,65.2605],[-87.0275,65.1981],[-87.0027,65.1086],[-87.0285,65.0636],[-87.2805,64.8262],[-87.885,64.4004],[-87.9976,64.2439],[-88.1056,64.1833],[-88.653,64.0094],[-88.8177,63.9922],[-89.0596,64.0344],[-89.2006,64.1138],[-89.1077,63.9811],[-89.1315,63.9685],[-89.4035,64.04],[-89.5009,64.0145],[-89.6158,64.0306],[-89.7638,64.0995],[-89.8113,64.1806],[-90.0416,64.1409],[-90.08,64.1277],[-89.9536,64.0806],[-89.8557,63.957],[-90.1682,63.9788],[-90.0134,63.8043],[-90.1547,63.6896],[-90.3688,63.6244],[-90.5964,63.6613],[-90.7068,63.5969],[-90.8119,63.5809],[-91.1081,63.6178],[-91.5388,63.7256],[-91.926,63.7571],[-91.956,63.7723],[-91.9194,63.8006],[-91.9822,63.8224],[-92.0949,63.7844],[-92.3384,63.7876],[-93.4297,64.0288],[-93.6963,64.1472],[-93.5967,64.0406],[-93.6642,63.9414],[-93.5598,63.8653],[-93.2702,63.8409],[-93.3803,63.9],[-93.4059,63.9412],[-93.3785,63.9485],[-92.1569,63.6917],[-92.461,63.5694],[-92.2896,63.563],[-91.8418,63.6976],[-91.3301,63.5068],[-90.9701,63.4428],[-90.7466,63.3516],[-90.7113,63.3041],[-90.6986,63.0639],[-90.7779,62.9716],[-91.1149,62.9216],[-91.449,62.8041],[-92.0342,62.8634],[-92.3613,62.8194],[-92.3777,62.7724],[-92.3052,62.7117],[-91.9559,62.6448],[-91.9358,62.5924],[-92.0079,62.5405],[-92.2695,62.587],[-92.5514,62.5467],[-92.595,62.4701],[-92.768,62.38],[-92.766,62.35],[-92.6274,62.2791],[-92.528,62.1684],[-92.8658,62.3062],[-93.2054,62.3649],[-92.9878,62.2859],[-92.9055,62.2151],[-93.0659,62.1498],[-93.0277,62.1086],[-93.0734,62.0605],[-93.3498,62.0298],[-93.3664,62.0146],[-93.2734,61.9611],[-93.3331,61.9329],[-93.5818,61.942],[-93.4942,61.8469],[-93.3144,61.7798],[-93.9127,61.4814],[-93.9409,61.4437],[-93.8888,61.344],[-93.942,61.308],[-94.0834,61.3037],[-94.05,61.2113],[-94.0678,61.1389],[-94.5094,60.6045],[-94.5689,60.542],[-94.6788,60.5377],[-94.7617,60.4982],[-94.6468,60.4164],[-94.7858,59.9533],[-94.7883,59.2679],[-94.8703,59.088],[-94.9573,59.0688],[-94.7762,59.0206],[-94.6734,58.8701],[-94.5792,58.8685],[-94.4192,58.7455],[-94.2871,58.716],[-94.3322,58.2974],[-94.2722,58.378],[-94.2089,58.6264],[-94.1232,58.7367],[-93.78,58.7726],[-93.2781,58.7564],[-93.1788,58.7256],[-93.1002,58.4898],[-92.8417,58.0759],[-92.7017,57.7778],[-92.4896,57.4686],[-92.4328,57.3203],[-92.4784,57.2053],[-92.6141,57.039],[-92.8024,56.9283],[-92.4563,57.0367],[-92.3034,57.0459],[-92.3721,56.9751],[-91.1113,57.2412],[-90.8975,57.2569],[-90.5922,57.2245],[-89.7908,56.9813],[-88.8265,56.8143],[-88.4471,56.6087],[-88.0751,56.4673],[-87.4824,56.0213],[-86.9194,55.9146],[-85.6767,55.6011],[-85.218,55.349],[-85.212,55.2975],[-85.362,55.0955],[-85.2136,55.2244],[-85.0609,55.2856],[-84.518,55.2589],[-83.9106,55.3146],[-83.2144,55.2146],[-82.9863,55.2314],[-82.8678,55.1607],[-82.5774,55.1487],[-82.3933,55.0678],[-82.3083,54.9981],[-82.2194,54.8135],[-82.4181,54.3558],[-82.4242,54.2446],[-82.3941,54.1805],[-82.2399,54.0448],[-82.1415,53.8176],[-82.1906,53.6109],[-82.1462,53.3646],[-82.1592,53.2642],[-82.2599,53.1598],[-82.2916,53.0307],[-82.2604,52.9611],[-82.02,52.8116],[-81.5994,52.4326],[-81.5717,52.3673],[-81.6115,52.3241],[-81.8279,52.2242],[-81.5495,52.2368],[-81.4662,52.2045],[-81.2851,52.0892],[-80.9685,51.9722],[-80.658,51.7584],[-80.4958,51.5251],[-80.4433,51.3886],[-80.6727,51.2647],[-80.8512,51.125],[-80.4783,51.3073],[-80.368,51.3299],[-80.1036,51.2829],[-79.8362,51.1733],[-79.3479,50.7626],[-79.4526,50.9173],[-79.7145,51.1176],[-79.7375,51.1863],[-79.6888,51.3466],[-79.4976,51.5699],[-79.297,51.6228],[-79.2643,51.552],[-79.0405,51.4638],[-78.9032,51.2003],[-78.858,51.3839],[-78.7313,51.4975],[-78.9777,51.7338],[-78.9816,51.7746],[-78.9279,51.7988],[-78.8282,51.963],[-78.702,52.0327],[-78.5374,52.2133],[-78.4481,52.2614],[-78.5261,52.3107],[-78.5571,52.4919],[-78.7441,52.6554],[-78.7658,52.7601],[-78.7217,52.8564],[-78.8982,53.0434],[-78.992,53.4104],[-79.1003,53.6566],[-79.1131,53.7172],[-79.0403,53.818],[-78.9457,53.8316],[-79.0751,53.9324],[-78.996,54.0025],[-79.0671,54.052],[-79.2418,54.0989],[-79.1388,54.1572],[-79.3562,54.2634],[-79.476,54.3948],[-79.5979,54.6017],[-79.714,54.655],[-79.6655,54.6975],[-78.475,55.011],[-77.7753,55.2913],[-77.1651,55.6635],[-76.7618,55.9964],[-76.6041,56.1996],[-76.5298,56.5],[-76.5256,56.8918],[-76.5729,57.1812],[-76.6554,57.3806],[-76.8909,57.7581],[-77.1568,58.0189],[-77.5524,58.2396],[-78.0136,58.3992],[-78.3517,58.5807],[-78.463,58.6024],[-78.5059,58.6491],[-78.5023,58.7691],[-78.4305,58.9018],[-78.0677,59.2002],[-77.8428,59.305],[-77.7607,59.38],[-77.859,59.4758],[-77.7335,59.581],[-77.7262,59.6759],[-77.5904,59.6805],[-77.3967,59.5692],[-77.3491,59.579],[-77.4853,59.6846],[-77.3316,59.7966],[-77.3729,59.9251],[-77.2892,60.022],[-77.5859,60.0882],[-77.4614,60.1335],[-77.6814,60.4271],[-77.5981,60.5067],[-77.5036,60.5427],[-77.715,60.5778],[-77.7908,60.6398],[-77.6606,60.7895],[-77.5896,60.8086],[-77.603,60.8252],[-77.8715,60.7858],[-78.1813,60.8191],[-77.765,61.1575],[-77.7268,61.2307],[-77.7362,61.4374],[-77.5144,61.5563],[-77.8899,61.7287],[-78.0214,61.8321],[-78.1372,62.1074],[-78.1334,62.2823],[-78.0681,62.3554],[-77.8999,62.4266],[-77.604,62.5314],[-77.3724,62.5725],[-76.8794,62.5254],[-75.8169,62.3159],[-75.6755,62.2495],[-75.8092,62.1934],[-75.7898,62.1796],[-75.3412,62.3121],[-75.0228,62.2645],[-74.6326,62.1157],[-74.6129,62.1252],[-74.6899,62.1834],[-74.6458,62.2111],[-73.7051,62.4731],[-73.299,62.325],[-72.8818,62.1254],[-72.687,62.1246],[-72.6321,62.0272],[-72.7716,61.8404],[-72.5056,61.9227],[-72.2261,61.8316],[-72.04,61.6803],[-72.082,61.6414],[-72.2471,61.6021],[-72.2159,61.5873],[-72.0231,61.612],[-71.8661,61.6885],[-71.6383,61.6172],[-71.6048,61.5924],[-71.6194,61.5729],[-71.7558,61.5268],[-71.8544,61.4398],[-71.6453,61.4131],[-71.7321,61.3721],[-71.7435,61.3373],[-71.4227,61.1589],[-71.1751,61.1465],[-70.7232,61.0552],[-70.2793,61.0687],[-70.158,61.0207],[-70.1459,60.9218],[-70.0953,60.8803],[-69.9924,60.8565],[-69.7084,60.9146],[-69.6236,61.0495],[-69.557,61.0597],[-69.4719,61.0109],[-69.4047,60.8468],[-69.6405,60.6898],[-69.7513,60.4875],[-69.7406,60.3323],[-69.6288,60.1986],[-69.6298,60.1221],[-69.6737,60.0759],[-69.7957,60.0297],[-69.9628,60.0178],[-70.6548,60.0262],[-70.6197,59.9843],[-69.8057,59.9449],[-69.7339,59.918],[-69.6302,59.8218],[-69.5794,59.6751],[-69.6924,59.4884],[-69.7109,59.3925],[-69.6819,59.3417],[-69.4,59.3378],[-69.344,59.3031],[-69.4505,59.18],[-69.4141,59.0869],[-69.5316,58.8692],[-69.6484,58.8208],[-69.7842,58.9557],[-69.8676,58.8562],[-70.16,58.7894],[-70.1543,58.7606],[-69.7899,58.6893],[-69.2711,58.8839],[-68.6982,58.9045],[-68.4749,58.8235],[-68.3812,58.7435],[-68.3265,58.5954],[-68.253,58.5566],[-68.2294,58.4846],[-68.2339,58.3992],[-68.3565,58.1632],[-68.4682,58.0763],[-68.9453,57.9688],[-69.0408,57.9025],[-68.781,57.9758],[-68.4951,58.0117],[-68.4136,58.0518],[-68.2891,58.1777],[-68.1755,58.4026],[-68.111,58.4733],[-68.021,58.4853],[-67.8883,58.2958],[-68.0639,58.139],[-67.8559,58.2726],[-67.756,58.4046],[-67.6897,58.2438],[-67.6783,57.9911],[-67.5696,58.2135],[-67.0194,58.4329],[-66.7222,58.491],[-66.6079,58.5489],[-66.48,58.7309],[-66.3624,58.7912],[-66.2374,58.7723],[-66.0909,58.659],[-66.0295,58.5668],[-66.017,58.4308],[-65.9229,58.572],[-66.0431,58.8207],[-65.8548,58.8466],[-65.8359,58.8605],[-65.9184,58.8956],[-65.8414,58.9771],[-65.7036,58.9706],[-65.721,59.0238],[-65.544,59.0119],[-65.3835,59.0602],[-65.6062,59.1107],[-65.7,59.2133],[-65.6071,59.2131],[-65.5128,59.3504],[-65.4117,59.315],[-65.4894,59.4478],[-65.4751,59.4703],[-65.3497,59.4788],[-65.0382,59.3879],[-65.4074,59.5394],[-65.4865,59.6487],[-65.4334,59.7765],[-65.2888,59.8181],[-65.0545,59.7528],[-65.0282,59.7707],[-65.1592,59.8301],[-65.1717,59.908],[-64.9312,60.252],[-64.8173,60.3311],[-64.7059,60.3361],[-64.4994,60.2683],[-64.4363,60.2281],[-64.4196,60.1714],[-64.5277,60.0945],[-64.7685,60.0121],[-64.2835,60.0641],[-64.1829,59.9729],[-64.1688,59.8465],[-64.2263,59.7412],[-64.0561,59.8226],[-63.9787,59.7537],[-63.9288,59.6449],[-63.7502,59.5126],[-63.9707,59.4091],[-63.9455,59.3802],[-63.7809,59.3493],[-63.7586,59.3187],[-63.7759,59.2771],[-63.6375,59.3415],[-63.5399,59.3329],[-63.4151,59.1944],[-63.5062,59.1152],[-63.6455,59.0789],[-63.9711,59.0538],[-63.941,59.0274],[-63.7937,59.027],[-63.399,59.0796],[-63.2484,59.0683],[-63.2225,59.0572],[-63.3037,59.0344],[-63.2164,58.928],[-63.2821,58.8674],[-63.0503,58.8782],[-62.9261,58.765],[-62.8739,58.6725],[-63.1023,58.5458],[-63.3899,58.4525],[-63.5371,58.3299],[-63.4736,58.3307],[-63.21,58.4669],[-63.1195,58.4417],[-63.1321,58.4108],[-62.7373,58.4922],[-62.6079,58.4964],[-62.5938,58.474],[-62.6743,58.3192],[-62.8121,58.2004],[-63.0628,58.1271],[-63.2615,58.0147],[-63.22,58.0021],[-62.8175,58.1292],[-62.4862,58.1541],[-62.3057,57.9723],[-62.1174,57.9641],[-61.9586,57.9118],[-61.8991,57.8613],[-61.9949,57.7694],[-61.9312,57.6686],[-61.968,57.6119],[-62.3386,57.4845],[-62.4956,57.4892],[-62.3965,57.4482],[-62.0881,57.4528],[-61.9211,57.4208],[-61.8511,57.3813],[-61.9774,57.2479],[-61.8608,57.1976],[-61.6285,57.1832],[-61.3337,57.0106],[-61.3905,56.853],[-61.3716,56.6808],[-61.5317,56.6546],[-62.0625,56.6991],[-62.3817,56.7877],[-62.2958,56.8328],[-62.4973,56.8017],[-62.3955,56.73],[-62.1165,56.6668],[-61.9916,56.5908],[-61.8549,56.5843],[-61.7377,56.526],[-61.8994,56.5054],[-62.0097,56.4539],[-61.9404,56.4236],[-61.4253,56.3606],[-61.7071,56.2887],[-61.7131,56.231],[-61.3647,56.216],[-61.3011,56.0472],[-61.4489,56.0224],[-61.4495,55.9957],[-61.1879,55.9554],[-61.0894,55.8664],[-60.9958,55.8624],[-60.8318,55.9579],[-60.7433,55.9415],[-60.7366,55.887],[-60.5926,55.8148],[-60.5621,55.727],[-60.4758,55.8051],[-60.341,55.7847],[-60.4083,55.6496],[-60.1924,55.4809],[-60.3609,55.3663],[-60.4501,55.2],[-60.6171,55.0602],[-60.2125,55.2364],[-59.9303,55.2594],[-59.7588,55.3096],[-59.6955,55.2691],[-59.6891,55.1963],[-59.4379,55.1759],[-59.7417,54.9426],[-59.8378,54.814],[-59.4286,55.0555],[-59.2596,55.2],[-58.9971,55.1495],[-58.8858,54.9522],[-58.7802,54.8384],[-58.3981,54.7741],[-58.2229,54.8127],[-58.1953,54.8659],[-57.9625,54.8757],[-57.9293,54.7731],[-57.8269,54.7187],[-57.6266,54.6503],[-57.483,54.6403],[-57.4045,54.5909],[-57.5632,54.4404],[-57.6993,54.3866],[-58.1514,54.3504],[-58.2197,54.2865],[-58.4352,54.2281],[-58.6332,54.0496],[-58.9202,54.0331],[-59.0388,53.9636],[-59.4965,53.8342],[-59.823,53.8344],[-60.0565,53.7334],[-60.1449,53.5961],[-60.3954,53.6533],[-60.3695,53.6075],[-60.1003,53.487],[-60.2903,53.3915],[-60.3058,53.3601],[-60.2512,53.3436],[-60.3457,53.289],[-60.3295,53.2661],[-60.1483,53.3065],[-59.8291,53.5045],[-59.6211,53.5368],[-59.3223,53.6438],[-58.9196,53.8753],[-58.6521,53.9779],[-58.3267,54.0518],[-57.936,54.0912],[-58.0648,54.1268],[-58.3175,54.1145],[-58.3608,54.1545],[-58.31,54.2017],[-58.1921,54.2282],[-57.4161,54.1627],[-57.1989,53.9244],[-57.135,53.7918],[-57.244,53.7155],[-57.5241,53.6114],[-57.3861,53.5605],[-57.3317,53.4691],[-57.0122,53.6726],[-56.8409,53.7395],[-56.5243,53.7665],[-56.465,53.765],[-56.354,53.6245],[-56.1102,53.5876],[-55.9661,53.4711],[-55.8594,53.3439],[-55.8548,53.2858],[-55.7979,53.212],[-55.8082,53.1347],[-55.8923,53.0004],[-55.8299,52.8784],[-55.8725,52.7357],[-55.8028,52.6432],[-56.2924,52.5738],[-56.3249,52.5445],[-56.0526,52.5374],[-55.7465,52.4746],[-55.706,52.4283],[-55.7162,52.3915],[-55.7771,52.3643],[-56.0117,52.3945],[-55.6911,52.2416],[-55.6728,52.1901],[-55.6952,52.1378],[-56.0175,51.9293],[-56.976,51.4577],[-57.4617,51.4691],[-57.7696,51.4259],[-58.0894,51.311],[-58.5104,51.2951],[-58.5933,51.2571],[-58.6376,51.1717],[-59.1654,50.7799],[-59.378,50.6754],[-59.6119,50.4921],[-59.8153,50.4183],[-59.8863,50.3164],[-60.0802,50.2546],[-60.6082,50.2211],[-60.8072,50.2498],[-60.9563,50.2054],[-61.2897,50.202],[-61.7249,50.1041],[-61.9195,50.2329],[-62.7154,50.3017],[-63.1356,50.2938],[-63.2386,50.2426],[-63.5867,50.2582],[-63.854,50.3144],[-64.1704,50.2694],[-64.5089,50.3089],[-64.8679,50.2755],[-65.2686,50.32],[-65.7625,50.2593],[-65.9554,50.2941],[-66.1255,50.201],[-66.4955,50.2119],[-66.7409,50.0655],[-66.9412,49.9937],[-67.2344,49.6018],[-67.2619,49.4512],[-67.372,49.3484],[-68.0562,49.2568],[-68.2819,49.1972],[-68.2206,49.1497],[-68.5438,49.0562],[-68.6279,49.0072],[-68.669,48.9395],[-68.9291,48.829],[-69.2308,48.5736],[-69.375,48.3864],[-69.5501,48.2508],[-69.6739,48.1992],[-69.8517,48.2074],[-70.3837,48.3665],[-71.0183,48.4556],[-70.8388,48.3674],[-70.5006,48.3543],[-69.9712,48.2058],[-69.8655,48.1723],[-69.775,48.0981],[-69.9056,47.8322],[-69.9944,47.7399],[-70.448,47.4234],[-70.7059,47.1398],[-71.1156,46.925],[-71.2678,46.7959],[-71.7573,46.6736],[-71.8796,46.6868],[-72.2046,46.5589],[-72.2566,46.4851],[-72.6801,46.2873],[-72.981,46.2097],[-73.0219,46.1203],[-73.1454,46.0663],[-73.2835,45.8999],[-73.4766,45.7382],[-73.7119,45.7112],[-73.8974,45.5642],[-74.0378,45.5019],[-74.3151,45.5311],[-73.9996,45.4334],[-73.9738,45.3451],[-74.0981,45.324],[-74.3583,45.2064],[-74.7089,45.0039],[-74.9961,44.9701],[-75.4013,44.7723],[-75.8759,44.417],[-76.1512,44.304],[-76.1858,44.2422],[-76.4646,44.0576],[-76.82,43.6288],[-78.4583,43.6315],[-78.7204,43.625],[-78.8456,43.5834],[-79.1719,43.4666],[-79.0592,43.2781],[-79.0661,43.1061],[-79.0262,43.0173],[-78.9151,42.9091],[-79.0367,42.8023],[-80.2476,42.366],[-81.2776,42.2092],[-82.4391,41.6749],[-82.69,41.6752],[-83.03,41.833],[-83.1419,41.9759],[-83.1497,42.1419],[-83.0731,42.3003],[-82.8678,42.3852],[-82.5453,42.6247],[-82.4883,42.7395],[-82.4082,43.0727],[-82.1378,43.5709],[-82.5511,45.3474],[-83.5927,45.8171],[-83.4695,45.9947],[-83.616,46.1168],[-83.9778,46.0849],[-84.0884,46.2265],[-84.1505,46.4448],[-84.1252,46.5272],[-84.1495,46.5428],[-84.4017,46.5156],[-84.5618,46.4574],[-84.7794,46.6373],[-84.876,46.8999],[-88.3782,48.3031],[-88.6118,48.264],[-89.2732,48.02],[-89.4557,47.9962],[-89.901,47.9955],[-89.9937,48.0153],[-90.0918,48.1181],[-90.7444,48.1046],[-90.8403,48.2005],[-90.9161,48.2091],[-91.0435,48.1937],[-91.3872,48.0585],[-91.5183,48.0583],[-91.8584,48.1976],[-92.0052,48.3019],[-92.1718,48.3384],[-92.2987,48.3289],[-92.3484,48.2766],[-92.4146,48.2766],[-92.5006,48.4354],[-92.9962,48.6118],[-93.3779,48.6166],[-93.4636,48.5613],[-93.7077,48.5254],[-93.8036,48.5489],[-93.8516,48.6073],[-94.0552,48.659],[-94.6209,48.7426],[-94.7051,48.8085],[-94.8035,49.0029],[-94.8543,49.3046],[-94.9394,49.3494],[-95.1553,49.3697],[-95.1621,48.9917],[-122.7888,48.993],[-122.9242,49.0747],[-123.0023,49.0609],[-123.0633,48.9777],[-123.1176,49.0563],[-123.0773,49.1184],[-123.1819,49.1295],[-123.1911,49.2195],[-123.2294,49.2605],[-122.9477,49.2933],[-122.8791,49.3989],[-123.0155,49.3222],[-123.2768,49.3439],[-123.1796,49.6735],[-123.325,49.5777],[-123.3356,49.4592],[-123.437,49.4513],[-123.5306,49.3973],[-123.8918,49.4947],[-124.0286,49.6029],[-124.0538,49.6617],[-123.9926,49.7362],[-123.9228,49.7175],[-123.8172,49.5866],[-123.7391,49.5936],[-123.5825,49.6813],[-123.7627,49.6585],[-123.8744,49.7368],[-123.9038,49.7955],[-123.9042,49.9812],[-123.7847,50.088],[-123.8254,50.1442],[-123.9336,50.1883],[-123.8657,50.0721],[-123.9574,49.9928],[-123.9849,49.8756],[-124.1416,49.7927],[-124.2812,49.7721],[-124.4833,49.8082],[-124.7824,50.0201],[-124.7843,50.0728],[-124.9342,50.2581],[-124.9333,50.2979],[-124.9856,50.3556],[-125.0436,50.3638],[-125.0567,50.4187],[-124.8626,50.6373],[-124.8599,50.8724],[-124.9336,50.8106],[-124.9425,50.6657],[-125.0588,50.5139],[-125.2099,50.4763],[-125.4763,50.4972],[-125.526,50.5341],[-125.5394,50.649],[-125.6413,50.4662],[-125.7724,50.5082],[-126.0943,50.4976],[-126.4045,50.5299],[-126.45,50.5497],[-126.4475,50.5877],[-125.8976,50.6844],[-125.9041,50.7049],[-126.5144,50.6794],[-126.5173,50.7245],[-126.3746,50.8374],[-126.5218,50.8661],[-126.4846,50.9605],[-126.5173,51.0568],[-126.5629,50.9655],[-126.6318,50.9151],[-127.0576,50.8675],[-127.3569,50.9456],[-127.7081,51.1512],[-127.6892,51.3435],[-127.6327,51.4273],[-127.4197,51.6081],[-127.2807,51.6541],[-126.6915,51.7034],[-127.3387,51.7074],[-127.4427,51.679],[-127.6449,51.4785],[-127.7141,51.4902],[-127.8189,51.6039],[-127.8691,51.7752],[-127.83,51.879],[-127.7276,51.9932],[-127.8588,51.9903],[-127.7954,52.191],[-127.4379,52.3562],[-127.2422,52.3951],[-127.1757,52.3148],[-127.008,52.2907],[-126.714,52.0607],[-126.8952,52.2255],[-126.9382,52.3086],[-127.1271,52.3709],[-127.194,52.4577],[-127.1871,52.5377],[-126.9952,52.6579],[-126.9513,52.7212],[-127.0083,52.8426],[-127.0132,52.72],[-127.0662,52.6527],[-127.5192,52.3593],[-127.7134,52.3185],[-127.8343,52.251],[-128.1022,51.7884],[-128.1936,51.9983],[-128.3576,52.1589],[-128.0375,52.3182],[-128.0516,52.4533],[-127.9402,52.5452],[-128.0382,52.5312],[-128.2715,52.363],[-128.2751,52.4355],[-128.1324,52.8058],[-128.0533,52.9107],[-128.365,52.8258],[-128.452,52.8766],[-128.5247,53.1407],[-128.6523,53.2438],[-128.8686,53.3281],[-129.0809,53.3673],[-129.1716,53.5336],[-129.1145,53.6411],[-129.0214,53.6921],[-128.8546,53.7045],[-128.9056,53.5593],[-128.5421,53.4207],[-128.4786,53.4103],[-128.3581,53.4598],[-128.1327,53.4178],[-127.9278,53.2747],[-127.95,53.3298],[-128.2072,53.4832],[-128.5118,53.4766],[-128.6755,53.5546],[-128.7508,53.6608],[-128.7637,53.7469],[-128.7147,53.81],[-128.5321,53.8581],[-128.7048,53.9186],[-129.0564,53.7778],[-129.2081,53.6416],[-129.2579,53.418],[-129.4624,53.3466],[-129.5637,53.2515],[-129.8218,53.4127],[-129.9119,53.5514],[-130.0744,53.5756],[-130.2633,53.6542],[-130.3353,53.7239],[-130.2329,53.8674],[-130.0859,53.9758],[-130.0433,54.1335],[-129.7908,54.1658],[-129.626,54.2303],[-129.8984,54.2264],[-130.0842,54.1814],[-130.2903,54.2704],[-130.3968,54.3517],[-130.4303,54.421],[-130.3505,54.6553],[-130.2189,54.7303],[-129.8901,55.1646],[-129.5606,55.4625],[-129.7013,55.4386],[-129.7952,55.5596],[-129.8377,55.3191],[-130.0485,55.0573],[-130.0918,55.1078],[-129.9958,55.2641],[-129.9852,55.3588],[-130.08,55.5629],[-130.0947,55.6948],[-130.0251,55.8882]]],[[[-86.5894,71.0108],[-86.5497,70.9888],[-86.3213,71.0168],[-85.6438,71.1524],[-85.0949,71.152],[-85.0016,71.1375],[-85.0658,71.0786],[-84.9885,71.0317],[-84.8703,71.0018],[-84.8237,71.0286],[-84.6581,71.5146],[-84.66,71.5861],[-84.6994,71.6314],[-85.3391,71.6973],[-85.5962,71.8664],[-85.9116,71.9865],[-85.5458,72.1016],[-85.4059,72.2148],[-85.3219,72.2332],[-85.0187,72.2182],[-84.2837,72.0445],[-84.3475,72.0944],[-84.643,72.1896],[-84.842,72.3082],[-84.623,72.3766],[-84.8494,72.4063],[-85.1564,72.3829],[-85.3411,72.4215],[-85.6156,72.6046],[-85.6499,72.7222],[-85.6445,72.7745],[-85.5746,72.8564],[-85.4548,72.9251],[-85.2621,72.954],[-84.2566,72.7967],[-84.2743,72.8364],[-85.3839,73.0454],[-85.4547,73.1055],[-85.0184,73.3355],[-84.6161,73.3896],[-84.4161,73.4565],[-84.089,73.4594],[-83.7819,73.4169],[-83.915,73.5084],[-83.9041,73.5283],[-83.4104,73.6317],[-82.6596,73.7296],[-81.9461,73.7298],[-81.6054,73.696],[-81.3441,73.5978],[-81.2383,73.4795],[-81.1518,73.314],[-81.0251,73.2452],[-80.8217,73.2072],[-80.6035,73.1212],[-80.5828,73.0649],[-80.6191,72.9972],[-80.5919,72.9277],[-80.4308,72.8163],[-80.2772,72.7702],[-80.3227,72.7175],[-81.2293,72.3117],[-81.2406,72.2779],[-80.7608,72.4572],[-80.6115,72.4508],[-80.6047,72.4258],[-80.7024,72.3383],[-80.9412,72.2102],[-80.6914,72.1035],[-80.9211,72.0723],[-80.9479,71.9166],[-80.9251,71.9077],[-80.8022,71.9292],[-80.3861,72.1488],[-80.1819,72.2088],[-79.8844,72.1772],[-80.1089,72.3322],[-80.0418,72.3942],[-79.8313,72.4463],[-79.5837,72.3146],[-79.4274,72.3373],[-79.3233,72.3908],[-79.0002,72.272],[-79.0078,72.0429],[-78.7759,71.9304],[-78.5851,71.8806],[-78.8627,72.1008],[-78.8201,72.2654],[-78.6993,72.3514],[-78.4288,72.2798],[-78.1164,72.2803],[-77.726,72.18],[-77.5165,72.1778],[-77.5357,72.2188],[-78.2872,72.3598],[-78.4843,72.4706],[-78.4224,72.5715],[-77.7532,72.7248],[-76.8935,72.7207],[-76.1888,72.5722],[-75.7043,72.5715],[-75.2942,72.4809],[-75.1858,72.4342],[-75.0715,72.3229],[-75.0398,72.2696],[-75.0527,72.2264],[-75.3941,72.0398],[-75.5428,72.008],[-75.9113,71.7313],[-75.8968,71.7137],[-75.5999,71.9185],[-75.1477,72.063],[-74.6949,72.0969],[-74.2664,72.0377],[-74.2093,71.9787],[-74.2126,71.9387],[-74.3157,71.8427],[-74.893,71.7255],[-75.2048,71.7091],[-74.9595,71.6675],[-74.7008,71.6756],[-74.829,71.5709],[-74.8683,71.5047],[-74.8407,71.4066],[-75.0354,71.2305],[-74.9962,71.2181],[-74.7589,71.3381],[-74.5996,71.5849],[-74.4881,71.6484],[-74.1391,71.6822],[-73.8666,71.771],[-73.7072,71.7463],[-73.7136,71.7199],[-74.1973,71.4042],[-74.0633,71.4265],[-73.7128,71.5876],[-73.4816,71.4792],[-73.3978,71.3734],[-73.1806,71.2829],[-73.1922,71.3499],[-73.3104,71.4843],[-73.2782,71.538],[-72.902,71.6778],[-72.5806,71.6068],[-72.1165,71.5928],[-71.6407,71.5163],[-71.333,71.4035],[-71.1865,71.2787],[-71.495,71.1051],[-71.9379,71.0943],[-72.6327,70.8308],[-72.3125,70.8325],[-72.0092,71.0134],[-71.7425,71.0469],[-71.3708,70.9751],[-71.1862,70.978],[-70.8261,71.1087],[-70.6727,71.0522],[-70.6365,71.0066],[-70.6391,70.9024],[-70.7617,70.7922],[-71.0218,70.6741],[-71.5859,70.5659],[-71.8902,70.4315],[-71.7272,70.3952],[-71.565,70.5057],[-71.4267,70.5521],[-71.2759,70.5003],[-71.2796,70.4252],[-71.4294,70.1278],[-71.3131,70.2093],[-70.9798,70.5811],[-70.5609,70.7383],[-70.0847,70.8295],[-69.9498,70.845],[-69.7957,70.8346],[-69.6955,70.7859],[-69.2891,70.7834],[-68.4958,70.6103],[-68.3583,70.5229],[-68.3635,70.4813],[-68.4826,70.4148],[-68.8429,70.3145],[-69.4357,70.2531],[-70.0614,70.0708],[-70.0577,70.0426],[-69.7958,70.0469],[-69.6346,70.1288],[-69.483,70.1601],[-68.7782,70.2036],[-68.7233,70.1457],[-69.0083,69.979],[-68.744,69.9414],[-68.4894,70.0648],[-68.2307,70.1122],[-68.2104,70.1284],[-68.3272,70.1802],[-68.1207,70.3146],[-67.8553,70.2818],[-67.3637,70.0344],[-67.1959,69.8607],[-67.1727,69.7995],[-67.1928,69.7568],[-67.3367,69.721],[-67.8062,69.7774],[-68.0204,69.7701],[-68.3721,69.6444],[-68.8371,69.6235],[-69.2277,69.5474],[-69.2508,69.5119],[-68.513,69.5773],[-67.9083,69.4601],[-67.3609,69.4725],[-66.7708,69.3367],[-66.6763,69.2584],[-66.6793,69.1911],[-66.8029,69.1527],[-67.6072,69.1732],[-67.9385,69.2481],[-68.1982,69.2027],[-68.4063,69.2322],[-68.6189,69.206],[-69.0406,69.098],[-68.9935,69.0793],[-68.4155,69.1721],[-67.7517,69.0387],[-67.751,68.9338],[-67.8832,68.784],[-68.4504,68.8508],[-68.7253,68.8102],[-69.2188,68.8728],[-69.3298,68.8758],[-69.3191,68.857],[-68.8714,68.76],[-68.2104,68.703],[-68.1525,68.6811],[-68.1483,68.6161],[-67.9385,68.5242],[-67.656,68.5507],[-67.2025,68.4659],[-66.8542,68.4716],[-66.7139,68.4457],[-66.9973,68.3742],[-67.033,68.3261],[-66.831,68.2156],[-66.9231,68.0657],[-66.729,68.129],[-66.7023,68.1206],[-66.6846,68.0292],[-66.6627,68.0344],[-66.6055,68.11],[-66.631,68.2106],[-66.5308,68.2503],[-66.2124,68.2804],[-66.2747,68.0408],[-66.4139,67.9043],[-66.53,67.8603],[-66.4439,67.8338],[-66.343,67.8533],[-66.2252,67.9587],[-65.9424,68.0709],[-65.9749,67.9574],[-65.8644,67.9229],[-65.7017,67.9867],[-65.5091,67.9683],[-65.4911,67.9357],[-65.552,67.7994],[-65.5409,67.7656],[-65.4013,67.6749],[-65.4422,67.8323],[-65.4153,67.8792],[-64.9769,68.0434],[-64.8354,67.99],[-65.026,67.892],[-65.0714,67.8238],[-65.0211,67.7875],[-64.8299,67.7843],[-64.6378,67.8402],[-64.5275,67.8127],[-64.1562,67.623],[-64.0194,67.6549],[-63.8502,67.5661],[-64.0775,67.4956],[-64.008,67.3473],[-64.7,67.3505],[-64.5893,67.3155],[-64.3759,67.3011],[-64.3564,67.2562],[-63.8362,67.2641],[-63.8241,67.3157],[-63.5916,67.3775],[-63.3158,67.3363],[-63.0401,67.235],[-63.1616,67.1744],[-63.2584,67.0247],[-63.7016,66.8224],[-62.9623,66.9493],[-62.7682,66.932],[-62.7104,66.9541],[-62.3797,66.9054],[-62.1236,67.0467],[-61.9686,67.019],[-61.2997,66.6487],[-61.3072,66.6088],[-61.5278,66.5581],[-61.9045,66.6781],[-62.1233,66.6431],[-61.6526,66.5031],[-61.5764,66.4125],[-61.5708,66.3729],[-61.8627,66.3128],[-62.1584,66.338],[-62.3745,66.4108],[-62.5531,66.4068],[-62.4057,66.3159],[-62.5336,66.227],[-62.2421,66.1479],[-61.9916,66.0353],[-62.2443,66.0059],[-62.6241,66.0163],[-62.4484,65.9455],[-62.382,65.8333],[-62.6103,65.7236],[-62.6589,65.6399],[-62.9689,65.6224],[-63.1689,65.6573],[-63.4587,65.853],[-63.4098,65.7558],[-63.4209,65.7086],[-63.652,65.6743],[-63.3375,65.6167],[-63.3643,65.5432],[-63.3634,65.2297],[-63.4018,65.1185],[-63.6066,64.9281],[-63.8956,65.1093],[-64.0614,65.1219],[-64.1519,65.0662],[-64.3457,65.1724],[-64.2697,65.4008],[-64.4698,65.2527],[-64.5551,65.1166],[-65.1085,65.4638],[-65.1757,65.5682],[-65.4016,65.764],[-65.3781,65.8221],[-65.1849,65.9399],[-64.8537,66.0159],[-64.673,66.1927],[-64.4454,66.3171],[-64.6552,66.287],[-65.0045,66.0777],[-65.4156,65.9946],[-65.8257,65.9969],[-65.8911,66.0202],[-65.8572,66.0864],[-65.6563,66.2047],[-65.856,66.1422],[-66.0637,66.1327],[-66.2086,66.2064],[-66.477,66.2797],[-66.7123,66.4604],[-66.7874,66.5557],[-66.9863,66.6275],[-67.0148,66.6222],[-66.969,66.5472],[-67.0769,66.5255],[-67.3073,66.5697],[-67.3177,66.5204],[-67.1917,66.4328],[-67.1897,66.3217],[-67.2254,66.3103],[-67.3688,66.3175],[-67.7408,66.4582],[-67.8685,66.4901],[-67.8834,66.4674],[-67.7045,66.2686],[-67.1832,66.0344],[-67.3504,65.9297],[-67.5508,65.9216],[-67.828,65.9652],[-68.4599,66.2493],[-68.7489,66.2],[-68.4671,66.1732],[-68.2172,66.0789],[-68.1983,66.039],[-68.2607,65.9946],[-68.2568,65.9386],[-68.1867,65.871],[-68.115,65.8278],[-67.8665,65.7737],[-67.9543,65.6231],[-67.9368,65.5649],[-67.5696,65.6436],[-67.3997,65.5884],[-67.3034,65.4829],[-67.118,65.4404],[-67.3261,65.3566],[-67.0665,65.2441],[-66.9986,65.173],[-66.9704,65.0849],[-66.8309,65.0742],[-66.6974,64.8152],[-66.6771,64.8137],[-66.6667,64.9738],[-66.6355,65.0003],[-66.2237,64.8541],[-66.2097,64.8281],[-66.3015,64.7777],[-66.2146,64.7224],[-66.1525,64.7349],[-66.0302,64.8466],[-65.9385,64.8857],[-65.7681,64.8536],[-65.5132,64.7065],[-65.4319,64.7264],[-65.2748,64.6315],[-65.5293,64.5048],[-65.1786,64.5097],[-65.0945,64.4846],[-65.0746,64.4367],[-65.213,64.3033],[-65.5075,64.3183],[-65.5937,64.3111],[-65.5803,64.2938],[-65.3478,64.2323],[-65.1496,64.0872],[-65.1699,64.0282],[-64.6785,64.028],[-64.6862,63.9609],[-64.7981,63.916],[-64.5763,63.8974],[-64.4109,63.7063],[-64.5616,63.6797],[-64.4986,63.4628],[-64.5144,63.264],[-64.6646,63.2454],[-64.9333,63.5993],[-65.1918,63.7643],[-65.0894,63.606],[-65.0048,63.3334],[-65.0689,63.2635],[-64.6724,62.922],[-64.8687,62.8799],[-65.133,62.9523],[-65.1628,62.9326],[-65.0466,62.7015],[-65.0502,62.6461],[-65.1085,62.6265],[-65.5724,62.8689],[-65.7404,62.932],[-65.8337,62.9085],[-66.224,63.1072],[-66.2492,63.1083],[-66.2011,63.0063],[-66.2287,62.991],[-66.4145,63.0272],[-66.655,63.2647],[-66.6364,63.0801],[-66.6975,63.0695],[-66.7732,63.1623],[-66.9747,63.2556],[-67.0179,63.3165],[-67.1798,63.305],[-67.2609,63.3407],[-67.8933,63.7337],[-67.7226,63.4228],[-68.4937,63.7255],[-68.8589,63.7519],[-68.9111,63.7032],[-68.1413,63.1723],[-67.9153,63.1137],[-67.676,63.0936],[-67.6649,63.0727],[-67.737,63.0096],[-67.3667,62.9142],[-66.9795,62.7008],[-66.6449,62.6021],[-66.2812,62.3027],[-65.9802,62.2089],[-66.027,62.1372],[-66.1332,62.1024],[-66.0564,61.9675],[-66.0589,61.9139],[-66.3237,61.8703],[-66.8031,62.0126],[-67.1811,62.0729],[-67.4401,62.1513],[-68.6336,62.2813],[-69.1256,62.424],[-69.6047,62.7677],[-69.7995,62.7905],[-70.2361,62.7634],[-71.1058,63.0022],[-70.946,63.1207],[-71.2537,63.0425],[-71.3473,63.0661],[-71.6171,63.1872],[-71.9922,63.4162],[-71.6143,63.4441],[-71.4559,63.5123],[-71.3809,63.5803],[-71.5135,63.5866],[-71.7253,63.7062],[-71.8375,63.725],[-72.2901,63.728],[-72.1594,63.8899],[-72.4984,63.8235],[-72.6781,64.02],[-72.9132,64.1172],[-73.2703,64.3335],[-73.4545,64.3993],[-73.2713,64.5825],[-73.627,64.6025],[-73.7284,64.5683],[-73.9104,64.5781],[-73.9504,64.4658],[-74.0648,64.4247],[-74.0987,64.4437],[-74.1305,64.6078],[-74.4612,64.6447],[-74.6343,64.8239],[-74.6814,64.8307],[-74.9163,64.792],[-74.9194,64.7655],[-74.64,64.5571],[-74.6947,64.4966],[-75.0674,64.4567],[-75.4878,64.5408],[-75.715,64.5244],[-75.7667,64.3919],[-76.1181,64.3763],[-76.4068,64.3032],[-76.5615,64.3016],[-76.7238,64.242],[-76.8562,64.2376],[-77.7912,64.3671],[-78.0452,64.4993],[-78.1746,64.6177],[-78.1897,64.7518],[-78.0553,64.9829],[-77.8762,65.0729],[-77.3609,65.1965],[-77.4604,65.3559],[-77.3267,65.4531],[-76.4817,65.3697],[-75.8283,65.2271],[-75.5199,65.056],[-75.5016,65.0131],[-75.5891,64.905],[-75.4521,64.8416],[-75.3571,65.0087],[-75.4458,65.0997],[-75.7729,65.257],[-75.7987,65.2975],[-75.7086,65.3157],[-75.1663,65.2839],[-74.9817,65.3814],[-74.4948,65.3717],[-74.2369,65.4839],[-73.9896,65.517],[-73.5508,65.4853],[-73.5607,65.5429],[-73.7461,65.7667],[-74.0331,65.8771],[-74.2762,66.0127],[-74.4011,66.097],[-74.4339,66.139],[-74.4164,66.1671],[-74.3749,66.2082],[-73.5842,66.5069],[-73.2808,66.675],[-73.0333,66.7282],[-72.9854,66.7654],[-72.9468,66.8833],[-72.7888,67.0306],[-72.3649,67.1334],[-72.22,67.2543],[-72.3529,67.3419],[-72.5765,67.6586],[-72.7253,67.8116],[-73.0634,68.107],[-73.3282,68.2667],[-73.3314,68.309],[-73.2845,68.357],[-73.6445,68.2945],[-73.8205,68.3629],[-73.8793,68.4294],[-73.7806,68.6193],[-73.8516,68.7014],[-74.118,68.7009],[-73.9661,68.5788],[-73.9893,68.5486],[-74.2701,68.5412],[-74.4224,68.5799],[-74.6479,68.7075],[-74.6958,68.7556],[-74.7,68.8084],[-74.8083,68.7959],[-74.9104,68.8231],[-74.7433,68.9134],[-74.954,68.9611],[-74.7167,69.0455],[-74.8549,69.0658],[-75.2133,68.9094],[-75.5227,68.9527],[-75.623,68.8877],[-76.2347,68.728],[-76.4034,68.6923],[-76.5851,68.6987],[-76.6194,68.7214],[-76.6163,68.7599],[-76.5746,68.8467],[-76.5877,68.9745],[-76.5572,69.0095],[-76.3809,69.0524],[-75.9537,69.0308],[-75.668,69.1588],[-75.6478,69.2125],[-75.7872,69.3187],[-76.408,69.4411],[-76.5204,69.5166],[-76.5161,69.5909],[-76.4633,69.62],[-76.2311,69.6535],[-76.5133,69.6839],[-76.7423,69.5729],[-77.0899,69.6351],[-77.1288,69.6527],[-76.8686,69.7452],[-76.8586,69.7754],[-77.016,69.8361],[-77.5916,69.8456],[-77.774,70.2385],[-78.2828,70.2292],[-78.6214,70.3534],[-78.9798,70.5813],[-79.0664,70.6036],[-79.3466,70.4819],[-79.4052,70.4007],[-79.0175,70.3252],[-78.9338,70.2937],[-78.8098,70.1786],[-78.7778,70.0477],[-78.8188,70.0104],[-79.0929,69.9253],[-79.5154,69.8876],[-80.6703,70.0521],[-81.5596,70.1112],[-81.652,70.0946],[-81.3295,70.0244],[-81.0237,69.9],[-80.8429,69.7917],[-80.9217,69.7309],[-81.5647,69.9427],[-82.2938,69.8369],[-83.15,70.0091],[-83.8591,69.9627],[-84.5219,70.0052],[-84.9091,70.0782],[-85.4324,70.1114],[-85.78,70.0367],[-86.322,70.1454],[-86.4831,70.2886],[-86.4998,70.3504],[-86.3969,70.4653],[-86.7041,70.3907],[-87.1225,70.412],[-87.172,70.3999],[-87.0633,70.3251],[-87.6178,70.3188],[-87.9007,70.2519],[-88.4021,70.4425],[-88.8484,70.5229],[-89.2083,70.7597],[-89.3715,70.9961],[-89.4559,71.0617],[-88.6957,71.0456],[-87.8449,70.9444],[-87.1816,70.9875],[-87.1401,71.0116],[-87.8725,71.2085],[-89.0793,71.2879],[-89.6933,71.4235],[-89.8458,71.4923],[-90.0252,71.9488],[-89.9315,72.049],[-89.6638,72.158],[-89.8229,72.2078],[-89.8587,72.2483],[-89.874,72.3672],[-89.8168,72.4677],[-89.3577,72.8042],[-89.2877,73.0169],[-89.2253,73.1081],[-88.9768,73.2525],[-88.7609,73.3124],[-88.7052,73.4033],[-87.7198,73.7229],[-86.7687,73.834],[-85.9508,73.8501],[-85.1105,73.8082],[-85.0093,73.7786],[-84.9468,73.7216],[-84.9745,73.6948],[-85.6819,73.4615],[-86.0865,73.2603],[-86.6293,72.8708],[-86.6678,72.7625],[-86.5946,72.6611],[-86.3226,72.4608],[-86.3414,72.1232],[-86.2185,71.8991],[-86.0361,71.7709],[-85.0787,71.3985],[-85.0234,71.3532],[-85.4054,71.2268],[-85.9454,71.1626],[-86.5894,71.0108]]]]}},{"type":"Feature","properties":{"ISO_A2":"CM","NAME":"Cameroon","CONTINENT":"Africa","REGION":"Africa"},"geometry":{"type":"Polygon","coordinates":[[[8.5559,4.7552],[8.801,5.1975],[8.9351,5.781],[8.9972,5.9177],[9.3733,6.3196],[9.66,6.532],[9.7799,6.7602],[10.1436,6.9964],[10.2055,6.8916],[10.4823,6.8913],[10.5563,7.0375],[10.6063,7.0631],[10.7376,6.9883],[11.0087,6.7391],[11.1064,6.4577],[11.2373,6.4505],[11.4775,6.5974],[11.5517,6.6973],[11.5801,6.8889],[11.8614,7.1164],[11.7674,7.2723],[12.016,7.5897],[12.0252,7.7278],[12.156,7.9425],[12.2334,8.2823],[12.4035,8.5956],[12.5827,8.6241],[12.7822,8.8179],[12.8757,9.3035],[12.9295,9.4263],[13.1987,9.5638],[13.2699,10.0362],[13.4146,10.1714],[13.5354,10.6051],[13.6999,10.8731],[13.8921,11.1401],[13.9814,11.2119],[14.2023,11.2682],[14.5598,11.4923],[14.6197,12.151],[14.5189,12.2982],[14.1975,12.3838],[14.064,13.0785],[14.2448,13.0773],[14.4617,13.0218],[14.5162,12.9797],[14.5447,12.8202],[14.6232,12.7299],[14.7612,12.6556],[14.8471,12.5021],[14.8807,12.2694],[15.0813,11.8455],[15.078,11.6426],[15.122,11.5413],[15.0555,11.3686],[15.0299,11.1137],[15.1322,10.6485],[15.2761,10.3574],[15.5319,10.0885],[15.6549,10.0078],[15.5409,9.9603],[15.1327,9.9829],[14.8358,9.9417],[14.2433,9.9797],[14.1397,9.9018],[13.9772,9.6916],[14.005,9.5887],[14.3323,9.2035],[14.7328,8.8657],[14.8607,8.7986],[15.1162,8.5573],[15.2523,8.3224],[15.443,7.8519],[15.5498,7.7879],[15.5578,7.738],[15.5324,7.6044],[15.3791,7.3582],[15.2067,7.2062],[15.0346,6.7844],[14.8619,6.5557],[14.7641,6.3164],[14.6995,6.2502],[14.5121,6.1619],[14.4312,6.0387],[14.5031,5.9169],[14.5772,5.916],[14.6169,5.8651],[14.6169,5.4955],[14.563,5.2799],[14.6406,5.1791],[14.709,4.6656],[14.7704,4.5581],[15.0228,4.3585],[15.0636,4.2849],[15.1369,4.0691],[15.1154,4.0245],[15.0349,4.0164],[15.0621,3.9472],[15.1287,3.8269],[15.775,3.1272],[15.9049,3.0959],[16.0635,2.9086],[16.1067,2.4735],[16.1834,2.2701],[16.1766,2.2048],[16.0801,2.1068],[16.0696,2.0217],[16.1361,1.7242],[16.0594,1.6762],[15.7416,1.915],[15.6003,1.9504],[15.3388,1.9447],[15.1601,2.0356],[15.0996,2.0023],[14.9024,2.0123],[14.875,2.0805],[14.7629,2.0752],[14.5789,2.1991],[14.4841,2.1547],[13.2936,2.1616],[13.2203,2.2564],[11.559,2.3022],[11.3484,2.2997],[11.3287,2.1674],[9.9799,2.1678],[9.8701,2.2133],[9.8008,2.3044],[9.8854,2.9166],[9.9484,3.0791],[9.915,3.2396],[9.6721,3.5376],[9.7657,3.6238],[9.6424,3.6118],[9.5562,3.798],[9.6281,3.87],[9.7396,3.8529],[9.6399,3.9653],[9.6889,4.0564],[9.6695,4.0767],[9.6004,4.0269],[9.5506,4.0284],[9.4837,4.0661],[9.5008,4.0007],[9.4253,3.9223],[9.3109,3.9404],[9.2491,3.9979],[9.0001,4.0916],[8.9771,4.2304],[8.9136,4.3578],[8.9183,4.5538],[8.7619,4.58],[8.6604,4.671],[8.6896,4.5502],[8.6563,4.5164],[8.5744,4.5262],[8.5328,4.6059],[8.5559,4.7552]]]}},{"type":"Feature","properties":{"ISO_A2":"KH","NAME":"Cambodia","CONTINENT":"Asia","REGION":"Asia"},"geometry":{"type":"Polygon","coordinates":[[[107.5194,14.7051],[107.5353,14.65],[107.4932,14.5458],[107.3645,14.3687],[107.3314,14.1266],[107.5939,13.5217],[107.6055,13.4378],[107.4754,13.0304],[107.5436,12.7059],[107.5381,12.4318],[107.3934,12.2605],[107.3301,12.319],[107.2121,12.304],[106.9307,12.0775],[106.7646,12.0523],[106.7001,11.9793],[106.4139,11.9484],[106.4125,11.6978],[106.3398,11.6818],[106.0061,11.758],[105.9266,11.6529],[105.8515,11.635],[105.8561,11.2943],[106.1609,11.0371],[106.1315,10.922],[106.164,10.7949],[106.0988,10.7973],[105.9382,10.8852],[105.8533,10.8636],[105.7551,10.99],[105.4058,10.9516],[105.3146,10.8452],[105.0457,10.9114],[105.0223,10.8869],[105.0464,10.7017],[104.8506,10.5345],[104.5643,10.516],[104.4264,10.4112],[104.2624,10.5413],[103.9371,10.5866],[103.8705,10.6551],[103.8405,10.5806],[103.6619,10.5089],[103.5871,10.5522],[103.5322,10.6046],[103.5404,10.6687],[103.6809,10.7586],[103.7219,10.8901],[103.6543,11.0587],[103.5324,11.1467],[103.3536,10.9216],[103.1528,10.9137],[103.0911,11.2111],[103.1255,11.4606],[103.0105,11.5887],[103.0042,11.7106],[102.9486,11.7735],[102.9339,11.7067],[102.9181,11.7321],[102.7366,12.0898],[102.7063,12.2557],[102.7557,12.4263],[102.4996,12.67],[102.4617,13.015],[102.3308,13.2882],[102.3197,13.54],[102.5469,13.5857],[102.5447,13.66],[102.7289,13.8419],[102.9093,14.1367],[103.0311,14.2525],[103.1994,14.3326],[103.5464,14.4174],[103.9818,14.3579],[104.2277,14.3955],[104.4116,14.3696],[104.779,14.4278],[104.9697,14.3661],[104.9824,14.2895],[105.0337,14.2274],[105.0741,14.2274],[105.1691,14.3361],[105.2457,14.2005],[105.3502,14.1096],[105.5315,14.1562],[105.7397,14.085],[105.9045,13.9245],[106.0668,13.9212],[106.1247,14.0491],[105.9789,14.343],[106.1652,14.3724],[106.2254,14.4762],[106.355,14.4548],[106.5015,14.5782],[106.7835,14.3351],[106.9381,14.3273],[107.0302,14.4257],[107.1094,14.4167],[107.2927,14.5924],[107.4147,14.5629],[107.5194,14.7051]]]}},{"type":"Feature","properties":{"ISO_A2":"MM","NAME":"Myanmar","CONTINENT":"Asia","REGION":"Asia"},"geometry":{"type":"Polygon","coordinates":[[[100.1225,20.3167],[99.8903,20.4244],[99.7201,20.3254],[99.4589,20.363],[99.5017,20.1877],[99.4859,20.1499],[99.3379,20.0789],[99.1969,20.1151],[99.0742,20.0994],[99.0207,20.0418],[98.9874,19.8614],[98.9167,19.7729],[98.7606,19.7711],[98.3713,19.6892],[98.2391,19.6907],[98.111,19.7622],[98.015,19.7495],[97.9912,19.6537],[97.8168,19.46],[97.8039,19.1305],[97.7142,18.9965],[97.7061,18.9318],[97.7459,18.5882],[97.5151,18.4978],[97.3739,18.518],[97.4508,18.3597],[97.5238,18.2959],[97.6322,18.2903],[97.7399,17.9353],[97.7064,17.7971],[98.2565,17.1477],[98.4389,16.9757],[98.4781,16.7322],[98.6607,16.3304],[98.6893,16.3054],[98.8354,16.4176],[98.8883,16.3519],[98.8655,16.2371],[98.818,16.1808],[98.5924,16.0507],[98.5569,15.3677],[98.4521,15.3574],[98.191,15.2041],[98.2021,14.9759],[98.246,14.8147],[98.57,14.3599],[98.9336,14.0499],[99.1368,13.7167],[99.1762,13.2331],[99.1074,13.1035],[99.1239,13.0308],[99.1735,12.9613],[99.2198,12.7397],[99.4051,12.5479],[99.3942,12.4736],[99.4629,12.1902],[99.5229,12.0896],[99.6147,11.7812],[99.5729,11.6872],[99.4779,11.6125],[99.1901,11.1053],[98.7572,10.6609],[98.7684,10.4309],[98.7025,10.1904],[98.658,10.1791],[98.5626,10.035],[98.4969,10.1825],[98.523,10.3531],[98.4649,10.6758],[98.5356,10.7407],[98.6756,10.9869],[98.6826,11.1331],[98.7447,11.2404],[98.7414,11.5917],[98.876,11.7197],[98.8048,11.7792],[98.6937,11.7184],[98.6363,11.7384],[98.6449,11.9103],[98.6895,11.9567],[98.6639,12.1267],[98.6963,12.2252],[98.6003,12.2453],[98.6787,12.3485],[98.6244,12.4407],[98.6646,12.5399],[98.6632,12.6624],[98.576,13.1619],[98.4871,13.2931],[98.4213,13.4838],[98.2454,13.7335],[98.239,13.9345],[98.2004,13.9802],[98.1495,13.6476],[98.1106,13.7129],[98.0727,13.9865],[98.1002,14.1615],[97.9984,14.3353],[97.9098,14.6527],[97.9293,14.6956],[98.0188,14.6526],[97.9365,14.7639],[97.8691,14.7387],[97.8123,14.8589],[97.7998,15.1849],[97.7438,15.3068],[97.7742,15.431],[97.7104,15.8755],[97.5843,16.0196],[97.6406,16.2539],[97.6337,16.4577],[97.726,16.5686],[97.3759,16.5229],[97.2117,16.8926],[97.1783,17.062],[97.2002,17.0954],[96.8515,17.401],[96.9098,17.3048],[96.8509,17.2029],[96.9086,17.031],[96.7654,16.7104],[96.6225,16.5639],[96.4312,16.5049],[96.3644,16.5205],[96.2822,16.596],[96.2489,16.7653],[96.1891,16.7683],[96.2367,16.5674],[96.3243,16.4444],[96.1351,16.3425],[96.0429,16.3399],[96.0123,16.2537],[95.7633,16.169],[95.6795,15.9768],[95.5557,15.8378],[95.3896,15.7228],[95.3015,15.7562],[95.3078,15.8804],[95.3647,15.9854],[95.3468,16.0976],[95.333,16.0333],[95.177,15.8257],[94.9426,15.8183],[94.8912,15.9791],[94.8932,16.1828],[94.7981,15.9711],[94.6615,15.9044],[94.6514,16.0648],[94.7199,16.3987],[94.7033,16.5119],[94.6652,16.3361],[94.5875,16.2888],[94.4416,16.0944],[94.299,16.0076],[94.2238,16.0165],[94.2713,16.5173],[94.3534,16.6399],[94.4,16.8682],[94.4524,16.9545],[94.4731,17.1354],[94.5645,17.3085],[94.589,17.5693],[94.4943,17.8246],[94.4308,18.2017],[94.1707,18.7324],[94.2457,18.7412],[94.07,18.8934],[94.0449,19.2874],[94.0016,19.1818],[93.941,19.1461],[93.9681,18.9951],[93.9292,18.8997],[93.7055,19.0269],[93.4931,19.3695],[93.5786,19.4012],[93.728,19.2665],[93.8249,19.2385],[93.962,19.3293],[93.9981,19.4409],[93.8396,19.5341],[93.7396,19.6973],[93.6117,19.7761],[93.707,19.9122],[93.5818,19.9096],[93.4096,20.0383],[93.25,20.0701],[93.1566,20.0408],[93.199,19.8983],[93.1906,19.8512],[93.1295,19.858],[93.002,20.0749],[93.0955,20.1813],[93.0151,20.1853],[93.0668,20.3776],[93.0354,20.4062],[92.9907,20.288],[92.8821,20.1521],[92.7912,20.2114],[92.8911,20.3403],[92.8507,20.4148],[92.709,20.564],[92.7229,20.2956],[92.608,20.4699],[92.3783,20.7176],[92.3241,20.7918],[92.1796,21.2931],[92.2797,21.4276],[92.3306,21.4398],[92.5392,21.3198],[92.5686,21.2633],[92.5998,21.2702],[92.6316,21.3062],[92.5935,21.4673],[92.5749,21.9781],[92.6304,22.0113],[92.689,22.131],[92.7714,22.1048],[92.8543,22.0102],[92.9646,22.0038],[93.043,22.184],[93.1512,22.2306],[93.162,22.3602],[93.0787,22.7182],[93.1625,22.908],[93.1642,23.032],[93.308,23.0304],[93.3494,23.085],[93.3913,23.3392],[93.4149,23.6821],[93.3073,24.0219],[93.3263,24.0642],[93.3556,24.0741],[93.4938,23.9729],[93.6834,24.0065],[94.1276,23.8765],[94.2931,24.3219],[94.5841,24.7672],[94.7076,25.0487],[94.6753,25.1386],[94.553,25.2157],[94.5799,25.3198],[94.6678,25.4589],[94.7858,25.5193],[94.9457,25.7002],[94.992,25.7705],[95.0152,25.9129],[95.1324,26.0413],[95.0689,26.1911],[95.0509,26.3473],[95.0598,26.474],[95.1287,26.5973],[95.4639,26.7561],[95.9053,27.0466],[96.0614,27.2171],[96.1908,27.2613],[96.7316,27.3315],[96.9534,27.1333],[97.0381,27.1021],[97.1021,27.1154],[97.1037,27.1633],[96.902,27.4396],[96.8769,27.5867],[96.9628,27.6983],[97.3352,27.9377],[97.3392,28.0309],[97.3027,28.086],[97.3225,28.218],[97.5379,28.5102],[97.6589,28.5],[97.769,28.3562],[97.8876,28.3565],[98.0989,28.1423],[98.1305,27.9676],[98.2988,27.5501],[98.3505,27.5381],[98.4089,27.6395],[98.4525,27.6572],[98.6512,27.5725],[98.7394,26.6981],[98.6719,26.2985],[98.6855,26.1894],[98.6632,26.1395],[98.572,26.1141],[98.5641,26.0724],[98.6547,25.9178],[98.6563,25.8636],[98.6254,25.8267],[98.4655,25.7889],[98.3338,25.5868],[98.1726,25.5945],[98.1429,25.5711],[98.0996,25.4157],[98.0107,25.2925],[97.918,25.2361],[97.8195,25.2519],[97.7149,25.0343],[97.7379,24.8699],[97.5833,24.7748],[97.5294,24.6312],[97.5314,24.4917],[97.6666,24.38],[97.7082,24.2288],[97.6906,24.1308],[97.5683,23.9885],[97.5646,23.911],[97.686,23.8981],[98.0169,24.0654],[98.2125,24.1106],[98.4994,24.1157],[98.5834,24.0698],[98.8351,24.1212],[98.6768,23.9051],[98.6809,23.8418],[98.7877,23.7378],[98.8322,23.6244],[98.7979,23.5204],[98.8826,23.3803],[98.8638,23.1913],[99.4181,23.0692],[99.4646,23.0462],[99.5071,22.9591],[99.3852,22.8251],[99.3383,22.6887],[99.3377,22.498],[99.2054,22.2826],[99.1724,22.1925],[99.193,22.126],[99.9177,22.028],[99.9479,21.9883],[99.9407,21.7587],[99.9782,21.7016],[100.0955,21.6606],[100.0893,21.5579],[100.1168,21.5112],[100.2147,21.463],[100.3506,21.501],[100.5313,21.4581],[100.6046,21.4718],[100.8352,21.6552],[101.0798,21.7559],[101.1207,21.7461],[101.1473,21.5816],[101.0804,21.4687],[100.9275,21.3662],[100.7566,21.3126],[100.6137,21.0593],[100.5361,20.9924],[100.5223,20.9219],[100.6229,20.8596],[100.5651,20.8251],[100.3261,20.7957],[100.2493,20.7303],[100.1839,20.5891],[100.1225,20.3167]]]}},{"type":"Feature","properties":{"ISO_A2":"BI","NAME":"Burundi","CONTINENT":"Africa","REGION":"Africa"},"geometry":{"type":"Polygon","coordinates":[[[30.5536,-2.4001],[30.4242,-2.6416],[30.4733,-2.6943],[30.424,-2.824],[30.4335,-2.8745],[30.7803,-2.9849],[30.8111,-3.1164],[30.7902,-3.2746],[30.6261,-3.3474],[30.6319,-3.4187],[30.425,-3.5889],[30.3791,-3.7308],[30.2686,-3.8505],[30.1472,-4.0854],[29.9473,-4.3073],[29.7178,-4.4559],[29.4032,-4.4493],[29.3313,-4.0954],[29.2232,-3.9108],[29.2118,-3.8338],[29.2244,-3.0535],[29.0166,-2.7996],[29.0144,-2.7202],[29.0632,-2.6025],[29.1976,-2.6203],[29.2971,-2.673],[29.3498,-2.7915],[29.3902,-2.8086],[29.698,-2.7947],[29.8682,-2.7164],[29.9302,-2.3396],[30.1173,-2.4166],[30.2338,-2.3471],[30.4085,-2.313],[30.5536,-2.4001]]]}},{"type":"Feature","properties":{"ISO_A2":"BF","NAME":"Burkina Faso","CONTINENT":"Africa","REGION":"Africa"},"geometry":{"type":"Polygon","coordinates":[[[0.9005,10.9933],[0.4927,10.955],[0.4907,10.9782],[0.1593,11.0696],[-0.2995,11.1669],[-0.3458,11.0879],[-0.4303,11.0933],[-0.4917,11.0076],[-0.6271,10.9274],[-0.7014,10.989],[-1.0425,11.0101],[-2.8299,10.9984],[-2.9073,10.728],[-2.9149,10.5923],[-2.7866,10.4019],[-2.8234,10.3629],[-2.7665,10.2382],[-2.7885,10.1926],[-2.7498,9.7972],[-2.7805,9.7459],[-2.6958,9.4813],[-2.7666,9.4247],[-2.8167,9.4258],[-2.9883,9.6874],[-3.0958,9.7521],[-3.2235,9.8955],[-3.7906,9.9172],[-4.2672,9.7433],[-4.3322,9.6457],[-4.4062,9.648],[-4.5266,9.7235],[-4.6258,9.7136],[-4.9699,9.9301],[-4.994,10.0465],[-5.0999,10.2416],[-5.2623,10.3197],[-5.3823,10.314],[-5.5235,10.426],[-5.4571,10.7714],[-5.4905,11.0424],[-5.3474,11.1303],[-5.2502,11.3758],[-5.2294,11.5225],[-5.2905,11.6833],[-5.2881,11.8279],[-5.1059,11.9675],[-4.6993,12.0762],[-4.5869,12.155],[-4.4287,12.3376],[-4.4219,12.5816],[-4.4806,12.6722],[-4.2271,12.7937],[-4.2252,12.8795],[-4.3287,13.119],[-4.151,13.3062],[-4.0512,13.3824],[-3.9473,13.4022],[-3.5276,13.1827],[-3.3018,13.2808],[-3.2486,13.6584],[-2.9508,13.6484],[-2.9171,13.6795],[-2.9259,13.7868],[-2.8739,13.9507],[-2.7789,14.0737],[-2.5867,14.2276],[-2.4572,14.2741],[-2.1132,14.1685],[-2.0571,14.1946],[-1.973,14.4565],[-1.6951,14.5085],[-1.0496,14.8195],[-0.7604,15.0478],[-0.6665,15.0698],[-0.5365,15.0779],[-0.4545,15.0597],[-0.4054,15.0125],[-0.2359,15.0594],[0.2175,14.9115],[0.1639,14.4972],[0.3825,14.2458],[0.3549,14.139],[0.4292,13.9721],[0.6182,13.7034],[0.8979,13.6109],[0.9777,13.552],[1.0179,13.4679],[1.2012,13.3575],[1.1709,13.3296],[0.9885,13.3648],[0.9873,13.0419],[1.0968,13.0011],[1.5649,12.6354],[1.7898,12.6133],[1.9562,12.7074],[2.0738,12.714],[2.2115,12.5384],[2.2214,12.4272],[2.0584,12.358],[2.3892,11.8971],[2.2872,11.6913],[1.9804,11.4184],[1.8576,11.4434],[1.6,11.4006],[1.5614,11.4491],[1.4268,11.4471],[1.3174,11.2953],[1.1458,11.2519],[1.0846,11.0764],[0.9851,11.079],[0.9005,10.9933]]]}},{"type":"Feature","properties":{"ISO_A2":"BG","NAME":"Bulgaria","CONTINENT":"Europe","REGION":"Europe"},"geometry":{"type":"Polygon","coordinates":[[[28.0145,41.969],[27.8792,41.9866],[27.5349,41.9208],[27.2443,42.0933],[27.0117,42.0586],[26.8849,41.9918],[26.6153,41.9649],[26.5114,41.8264],[26.3604,41.8016],[26.3209,41.7166],[26.2006,41.7438],[26.1074,41.7257],[26.066,41.6732],[26.1436,41.5215],[26.1354,41.3857],[25.9233,41.3119],[25.785,41.3304],[25.2512,41.2436],[24.9936,41.365],[24.8469,41.3942],[24.7737,41.3561],[24.596,41.4427],[24.5183,41.5525],[24.4879,41.5552],[24.3867,41.5235],[24.0561,41.5272],[24.0113,41.4601],[23.8809,41.456],[23.6352,41.3868],[23.2398,41.385],[23.156,41.3221],[22.916,41.3363],[22.9515,41.6056],[23.0036,41.7398],[22.9439,41.7751],[22.8368,41.9936],[22.5827,42.1048],[22.344,42.314],[22.4221,42.3289],[22.5235,42.441],[22.5242,42.5039],[22.4721,42.5433],[22.4362,42.6291],[22.4656,42.7508],[22.4393,42.7916],[22.4668,42.8425],[22.7062,42.8839],[22.9423,43.0971],[22.9769,43.188],[22.8596,43.2523],[22.7676,43.3541],[22.5546,43.4545],[22.4991,43.5188],[22.3696,43.7813],[22.399,43.9695],[22.4208,44.0074],[22.5975,44.0753],[22.6266,44.1941],[22.7051,44.2378],[23.0285,44.078],[23.0244,44.0472],[22.8683,43.9479],[22.8677,43.8646],[22.919,43.8345],[23.2246,43.8739],[24.2268,43.7635],[24.4306,43.7944],[25.1597,43.6863],[25.4971,43.6708],[25.8188,43.7668],[25.9334,43.8706],[26.2158,44.0073],[26.4893,44.084],[27.0869,44.1674],[27.4254,44.0205],[27.6709,43.9978],[27.7386,43.9563],[27.8843,43.9874],[28.05,43.8224],[28.222,43.7729],[28.5854,43.7422],[28.5618,43.5013],[28.4654,43.3893],[28.3196,43.4269],[28.1337,43.3956],[27.9289,43.1861],[27.8889,42.7497],[27.7537,42.7065],[27.4848,42.4681],[27.7082,42.35],[27.9827,42.0474],[28.0145,41.969]]]}},{"type":"Feature","properties":{"ISO_A2":"BN","NAME":"Brunei","CONTINENT":"Asia","REGION":"Asia"},"geometry":{"type":"MultiPolygon","coordinates":[[[[115.14,4.8998],[115.2667,4.634],[115.2793,4.4563],[115.3268,4.3808],[115.2906,4.3526],[115.107,4.3904],[115.0516,4.5827],[115.0268,4.8997],[115.14,4.8998]]],[[[115.0268,4.8997],[114.7467,4.7181],[114.7901,4.4639],[114.8402,4.3932],[114.7835,4.2808],[114.8104,4.2665],[114.7762,4.1688],[114.6541,4.0376],[114.5718,4.0491],[114.4166,4.2559],[114.3229,4.2628],[114.2241,4.4779],[114.0639,4.5927],[114.2994,4.6072],[114.4244,4.6604],[114.9954,5.0224],[115.0477,5.0164],[115.0268,4.8997]]]]}},{"type":"Feature","properties":{"ISO_A2":"BR","NAME":"Brazil","CONTINENT":"South America","REGION":"Americas"},"geometry":{"type":"Polygon","coordinates":[[[-66.876,1.223],[-66.3471,0.7672],[-66.0601,0.7854],[-65.6814,0.9834],[-65.566,0.9261],[-65.523,0.8434],[-65.5561,0.688],[-65.4734,0.6913],[-65.3608,0.8687],[-65.1038,1.1081],[-64.818,1.2571],[-64.7315,1.2533],[-64.486,1.4528],[-64.3042,1.4553],[-64.205,1.5295],[-64.1148,1.6193],[-64.0085,1.9316],[-63.4325,2.1556],[-63.3939,2.2225],[-63.3893,2.4119],[-63.9242,2.4524],[-64.0466,2.5024],[-64.009,2.6719],[-64.0378,2.8015],[-64.2188,3.2047],[-64.2211,3.5874],[-64.669,4.0118],[-64.8179,4.2323],[-64.7887,4.276],[-64.7223,4.2744],[-64.5764,4.1399],[-64.1925,4.1269],[-64.0215,3.9291],[-63.6529,3.9408],[-63.5268,3.8937],[-63.3387,3.9439],[-62.9687,3.5939],[-62.857,3.5935],[-62.7646,3.6729],[-62.7121,4.0179],[-62.6098,4.0423],[-62.4106,4.1567],[-62.1531,4.0984],[-61.8208,4.197],[-61.5542,4.2878],[-61.4794,4.4022],[-61.3675,4.433],[-61.2801,4.5169],[-61.1024,4.5047],[-61.0028,4.5353],[-60.9062,4.6868],[-60.7417,4.7741],[-60.6276,4.8925],[-60.6045,4.9946],[-60.635,5.082],[-60.672,5.1644],[-60.7421,5.2021],[-60.6514,5.2211],[-60.4595,5.1881],[-60.3352,5.1993],[-60.2416,5.258],[-60.142,5.2388],[-60.0781,5.144],[-59.9907,5.0829],[-60.0318,4.7405],[-60.1486,4.5333],[-59.8333,4.4759],[-59.7033,4.3811],[-59.7386,4.2268],[-59.5511,3.9335],[-59.679,3.6998],[-59.8544,3.5875],[-59.8312,3.3492],[-59.9723,2.9905],[-59.9943,2.69],[-59.8896,2.3629],[-59.7552,2.2741],[-59.7562,1.9006],[-59.6685,1.8423],[-59.6666,1.7463],[-59.5357,1.7],[-59.2312,1.376],[-58.9685,1.3046],[-58.8625,1.2036],[-58.7872,1.2085],[-58.6846,1.2811],[-58.5119,1.2847],[-58.4869,1.3478],[-58.5061,1.4387],[-58.3958,1.4817],[-58.3407,1.5875],[-58.1422,1.517],[-58.0347,1.5203],[-57.9828,1.6484],[-57.7957,1.7],[-57.5944,1.7041],[-57.3668,1.9401],[-57.1189,2.014],[-57.0101,1.9212],[-56.8367,1.8813],[-56.6165,1.9227],[-56.5636,1.9072],[-56.4828,1.9421],[-56.0199,1.8422],[-55.9633,1.8571],[-55.9296,1.8875],[-55.9153,2.0396],[-56.0736,2.2368],[-56.1377,2.259],[-56.1294,2.2995],[-56.0204,2.3928],[-55.9756,2.516],[-55.7306,2.4062],[-55.3854,2.4406],[-55.344,2.4888],[-55.1877,2.5475],[-55.0703,2.5483],[-54.9787,2.5977],[-54.8761,2.4504],[-54.7222,2.4417],[-54.6619,2.3275],[-54.2931,2.1542],[-54.1301,2.121],[-53.7678,2.3548],[-53.7347,2.3085],[-53.509,2.2531],[-53.3344,2.3397],[-53.2298,2.2049],[-52.9648,2.1835],[-52.6532,2.4257],[-52.5595,2.5731],[-52.5547,2.6477],[-52.4184,2.9039],[-52.3279,3.1817],[-52.1626,3.3647],[-51.9906,3.702],[-51.8275,3.8696],[-51.7671,3.9927],[-51.6525,4.0613],[-51.5578,4.2338],[-51.5471,4.3109],[-51.4615,4.3138],[-51.3271,4.2248],[-51.2199,4.0936],[-51.0763,3.6717],[-51.0524,3.2818],[-50.9941,3.0775],[-50.6788,2.2104],[-50.7144,2.134],[-50.6087,2.1041],[-50.5759,1.9986],[-50.4589,1.8296],[-50.1876,1.786],[-49.9571,1.6599],[-49.8816,1.4199],[-49.8989,1.163],[-50.2944,0.8357],[-50.7551,0.2226],[-50.8164,0.1726],[-50.9671,0.1303],[-51.102,-0.0312],[-51.2829,-0.0852],[-51.4041,-0.3927],[-51.7026,-0.7623],[-51.7206,-1.0185],[-51.9216,-1.1809],[-51.9345,-1.3203],[-51.9808,-1.368],[-52.0205,-1.399],[-52.2292,-1.3625],[-52.6642,-1.5518],[-52.3103,-1.5596],[-52.1967,-1.6401],[-51.9476,-1.5867],[-51.6463,-1.3943],[-51.2974,-1.2235],[-50.8949,-0.9376],[-50.8382,-1.0389],[-50.9179,-1.1152],[-50.8446,-1.2263],[-50.7861,-1.4899],[-50.679,-1.6438],[-50.69,-1.7617],[-50.4032,-2.0155],[-50.1166,-1.8575],[-49.9992,-1.8318],[-49.7195,-1.9264],[-49.3137,-1.7317],[-49.507,-2.2803],[-49.5534,-2.5199],[-49.6365,-2.6569],[-49.5239,-2.5969],[-49.4575,-2.5046],[-49.211,-1.9165],[-48.9913,-1.8298],[-48.71,-1.4877],[-48.6,-1.4888],[-48.4629,-1.614],[-48.4458,-1.5204],[-48.3498,-1.4821],[-48.4515,-1.4358],[-48.4681,-1.3938],[-48.4777,-1.3238],[-48.4086,-1.2292],[-48.4498,-1.1455],[-48.3065,-1.0398],[-48.3176,-0.9605],[-48.2018,-0.8279],[-48.1285,-0.7952],[-48.1151,-0.7375],[-48.0326,-0.7051],[-47.9609,-0.7696],[-47.8077,-0.6635],[-47.6871,-0.7248],[-47.5573,-0.6699],[-47.4187,-0.7659],[-47.4604,-0.681],[-47.4391,-0.6477],[-47.3981,-0.6267],[-47.2686,-0.6454],[-47.1269,-0.7454],[-46.9443,-0.7434],[-46.8937,-0.7799],[-46.8112,-0.7797],[-46.6172,-0.9706],[-46.4217,-1.0301],[-46.2191,-1.0312],[-46.215,-1.0998],[-46.0446,-1.103],[-45.9723,-1.1874],[-45.7788,-1.2508],[-45.6448,-1.3479],[-45.5569,-1.3307],[-45.4586,-1.3562],[-45.353,-1.5674],[-45.3291,-1.7173],[-45.2821,-1.6966],[-45.1821,-1.507],[-45.0764,-1.4664],[-44.7898,-1.7248],[-44.7211,-1.7335],[-44.7785,-1.7988],[-44.6513,-1.7458],[-44.5468,-1.9463],[-44.5378,-2.0527],[-44.6586,-2.2275],[-44.7563,-2.2655],[-44.6624,-2.3732],[-44.579,-2.2305],[-44.4354,-2.1681],[-44.3818,-2.3655],[-44.5201,-2.4055],[-44.5207,-2.4812],[-44.589,-2.5734],[-44.723,-3.2048],[-44.4375,-2.9444],[-44.3082,-2.5352],[-44.2286,-2.4713],[-44.1056,-2.4935],[-44.1126,-2.5985],[-44.2252,-2.755],[-44.1927,-2.8096],[-43.9329,-2.5835],[-43.8645,-2.5954],[-43.7286,-2.5182],[-43.4551,-2.5021],[-43.4346,-2.4137],[-43.3801,-2.3761],[-42.9367,-2.465],[-42.6759,-2.5896],[-42.5936,-2.661],[-42.2496,-2.792],[-41.9999,-2.8061],[-41.8762,-2.7466],[-41.7219,-2.8089],[-41.6401,-2.8786],[-41.4799,-2.9165],[-41.3182,-2.9362],[-41.1945,-2.8861],[-40.8756,-2.8696],[-40.4746,-2.7956],[-39.9647,-2.8615],[-39.0144,-3.3902],[-38.6862,-3.6537],[-38.4758,-3.7175],[-38.0488,-4.2164],[-37.7957,-4.4043],[-37.6263,-4.5921],[-37.3015,-4.7131],[-37.1747,-4.9124],[-36.9549,-4.9367],[-36.7474,-5.0507],[-36.5907,-5.0976],[-36.1618,-5.0937],[-35.9799,-5.0544],[-35.5494,-5.1294],[-35.3926,-5.2509],[-35.2354,-5.5667],[-35.0955,-6.1854],[-34.9882,-6.3937],[-34.9296,-6.7851],[-34.876,-7.0029],[-34.8339,-7.0244],[-34.8055,-7.2884],[-34.8786,-7.7475],[-34.8347,-7.9715],[-34.9666,-8.4076],[-35.1578,-8.9306],[-35.3409,-9.2307],[-35.5971,-9.5406],[-35.764,-9.7025],[-35.8301,-9.719],[-35.8908,-9.687],[-35.8478,-9.7725],[-35.8854,-9.8477],[-36.055,-10.0758],[-36.2235,-10.2251],[-36.3983,-10.4841],[-36.7683,-10.6717],[-36.9378,-10.8204],[-37.0934,-11.0548],[-37.1255,-11.085],[-37.1828,-11.0685],[-37.1812,-11.1875],[-37.356,-11.4039],[-37.3218,-11.2151],[-37.3592,-11.2525],[-37.4385,-11.3937],[-37.4118,-11.4973],[-37.4693,-11.6536],[-37.6887,-12.1],[-38.0192,-12.5913],[-38.2397,-12.8442],[-38.4018,-12.9662],[-38.4989,-12.9566],[-38.5249,-12.7623],[-38.691,-12.6239],[-38.7439,-12.7485],[-38.8518,-12.7901],[-38.7836,-12.8444],[-38.7637,-12.9072],[-38.8332,-13.0329],[-38.8353,-13.1472],[-39.0309,-13.3651],[-39.0894,-13.5882],[-39.0349,-13.5588],[-38.9886,-13.615],[-39.0411,-13.7581],[-39.0481,-14.0439],[-39.0085,-14.1012],[-38.9665,-14.0034],[-38.9423,-14.0307],[-39.0596,-14.6548],[-38.9962,-15.2538],[-38.8806,-15.8643],[-39.0632,-16.5044],[-39.2029,-17.1781],[-39.2152,-17.3158],[-39.154,-17.7039],[-39.2784,-17.8494],[-39.4868,-17.9901],[-39.6508,-18.2523],[-39.7398,-18.6398],[-39.6999,-19.2778],[-39.7833,-19.5718],[-39.8447,-19.6491],[-40.0014,-19.742],[-40.1417,-19.9683],[-40.2027,-20.2061],[-40.2989,-20.2927],[-40.3186,-20.4258],[-40.3959,-20.5694],[-40.5966,-20.7838],[-40.7893,-20.9061],[-40.8288,-21.0313],[-40.9545,-21.2379],[-41.0473,-21.5057],[-41.0003,-21.999],[-41.1225,-22.0844],[-41.7055,-22.3097],[-41.9804,-22.5807],[-41.9861,-22.7358],[-41.9409,-22.7883],[-42.0424,-22.9471],[-42.9583,-22.9671],[-43.0812,-22.9025],[-43.1007,-22.8501],[-43.0654,-22.7707],[-43.0863,-22.7233],[-43.1543,-22.7252],[-43.229,-22.7477],[-43.2419,-22.7951],[-43.1936,-22.9386],[-43.2242,-22.9912],[-43.8988,-23.1015],[-43.9738,-23.0573],[-43.676,-23.0095],[-43.7029,-22.9663],[-43.8662,-22.9105],[-44.0475,-22.9447],[-44.148,-23.011],[-44.3679,-23.005],[-44.6373,-23.0555],[-44.6812,-23.1069],[-44.6738,-23.2066],[-44.5697,-23.274],[-44.6672,-23.3352],[-44.9517,-23.3814],[-45.2154,-23.5756],[-45.3254,-23.5997],[-45.4233,-23.6854],[-45.4643,-23.8025],[-45.6646,-23.7648],[-45.9721,-23.7955],[-46.8673,-24.2363],[-47.1372,-24.4932],[-47.8766,-24.9975],[-47.9892,-25.0357],[-47.9083,-25.0682],[-47.9294,-25.1683],[-48.2027,-25.4165],[-48.2424,-25.4033],[-48.1859,-25.3099],[-48.4025,-25.2721],[-48.4585,-25.3107],[-48.4276,-25.4033],[-48.4761,-25.443],[-48.644,-25.4365],[-48.7317,-25.3687],[-48.6922,-25.4915],[-48.507,-25.5213],[-48.4299,-25.5502],[-48.4012,-25.5974],[-48.5452,-25.8159],[-48.6658,-25.8443],[-48.679,-25.8752],[-48.6128,-25.875],[-48.5763,-25.9354],[-48.6194,-26.1794],[-48.7483,-26.2687],[-48.6516,-26.4064],[-48.6777,-26.7029],[-48.5541,-27.196],[-48.5955,-27.2639],[-48.572,-27.3728],[-48.6426,-27.5579],[-48.6057,-27.8252],[-48.6208,-28.0756],[-48.6932,-28.3102],[-48.7973,-28.4427],[-48.7997,-28.5753],[-49.2713,-28.8712],[-49.4999,-29.0754],[-49.746,-29.3632],[-50.0333,-29.801],[-50.2995,-30.4258],[-50.62,-30.8977],[-50.9214,-31.2584],[-51.1518,-31.4804],[-51.7981,-31.9003],[-52.0392,-32.1148],[-52.0689,-32.0631],[-52.0432,-31.9775],[-52.0632,-31.8304],[-51.9951,-31.815],[-51.8932,-31.8678],[-51.8034,-31.7967],[-51.6807,-31.7746],[-51.4462,-31.5573],[-51.2722,-31.477],[-51.1743,-31.3397],[-51.1614,-31.1188],[-51.106,-31.0813],[-50.9801,-31.0942],[-50.9408,-30.9037],[-50.7702,-30.8134],[-50.6893,-30.7042],[-50.7163,-30.426],[-50.6851,-30.4135],[-50.6148,-30.4568],[-50.5819,-30.4389],[-50.5465,-30.3169],[-50.5635,-30.2536],[-50.6462,-30.2368],[-50.9319,-30.3743],[-51.025,-30.3687],[-51.0404,-30.2606],[-51.1793,-30.211],[-51.2499,-30.06],[-51.298,-30.0349],[-51.2818,-30.2441],[-51.1573,-30.3643],[-51.2466,-30.4676],[-51.2877,-30.5912],[-51.2831,-30.7516],[-51.3591,-30.6745],[-51.3765,-30.8469],[-51.4591,-30.9128],[-51.4853,-30.9775],[-51.4637,-31.0526],[-51.5063,-31.1045],[-51.9725,-31.3838],[-52.027,-31.599],[-52.1198,-31.6949],[-52.1936,-31.8855],[-52.1671,-32.0885],[-52.1274,-32.1678],[-52.3416,-32.4397],[-52.5085,-32.8753],[-52.6522,-33.1378],[-52.9208,-33.402],[-53.3706,-33.7422],[-53.5313,-33.6555],[-53.5313,-33.1709],[-53.4829,-33.0686],[-53.1256,-32.7367],[-53.2312,-32.6254],[-53.3627,-32.5812],[-53.6017,-32.403],[-53.7617,-32.0568],[-53.9206,-31.9523],[-54.2206,-31.8552],[-54.3699,-31.745],[-54.5876,-31.4852],[-54.896,-31.3912],[-55.036,-31.279],[-55.0912,-31.314],[-55.1735,-31.2796],[-55.2546,-31.2256],[-55.3661,-31.0462],[-55.603,-30.8508],[-55.8078,-31.0367],[-56.0047,-31.0792],[-55.999,-30.8372],[-56.0448,-30.7776],[-56.1762,-30.6284],[-56.8327,-30.1072],[-57.0327,-30.11],[-57.1205,-30.1444],[-57.2145,-30.2834],[-57.5523,-30.2612],[-57.6089,-30.1878],[-57.4052,-30.0339],[-57.2247,-29.7821],[-56.9386,-29.5948],[-56.6715,-29.2873],[-56.6358,-29.203],[-56.3933,-28.9973],[-56.2255,-28.7372],[-56.0342,-28.5809],[-55.9849,-28.4886],[-55.9037,-28.4433],[-55.8905,-28.37],[-55.6873,-28.3816],[-55.6915,-28.3028],[-55.746,-28.2555],[-55.7255,-28.2041],[-55.4767,-28.0894],[-55.3465,-27.956],[-55.2437,-27.8988],[-55.1015,-27.8668],[-55.0399,-27.7678],[-54.9102,-27.7086],[-54.8291,-27.5506],[-54.6659,-27.5266],[-54.5549,-27.4541],[-54.327,-27.4235],[-54.1564,-27.2538],[-54.1138,-27.2747],[-53.8382,-27.1211],[-53.7173,-26.8828],[-53.7533,-26.7486],[-53.6713,-26.2251],[-53.8232,-25.9596],[-53.8912,-25.6688],[-53.9548,-25.6477],[-54.0123,-25.5779],[-54.085,-25.5719],[-54.1546,-25.523],[-54.4439,-25.625],[-54.5378,-25.5765],[-54.6159,-25.5761],[-54.6105,-25.4327],[-54.4362,-25.1213],[-54.4541,-25.0652],[-54.281,-24.3061],[-54.3183,-24.1281],[-54.2418,-24.0473],[-54.4402,-23.9018],[-54.6255,-23.8125],[-54.9827,-23.9745],[-55.1943,-24.0175],[-55.3663,-23.991],[-55.4159,-23.9514],[-55.4589,-23.6867],[-55.5383,-23.581],[-55.5185,-23.4156],[-55.5548,-23.3196],[-55.5614,-23.1543],[-55.6507,-22.8864],[-55.6177,-22.6715],[-55.7037,-22.5921],[-55.7466,-22.5127],[-55.7533,-22.4102],[-55.7996,-22.3539],[-55.8492,-22.3076],[-56.246,-22.2646],[-56.3519,-22.1786],[-56.3949,-22.0927],[-56.4478,-22.0762],[-56.5238,-22.1025],[-56.633,-22.2349],[-56.9373,-22.2713],[-57.2382,-22.1952],[-57.3309,-22.215],[-57.5689,-22.1819],[-57.7211,-22.0992],[-57.8798,-22.1356],[-57.9559,-22.1092],[-57.9857,-22.0464],[-57.9328,-21.9107],[-57.9493,-21.8512],[-57.9162,-21.6991],[-57.946,-21.494],[-57.8732,-21.3551],[-57.8931,-21.3022],[-57.827,-21.1336],[-57.8302,-20.9979],[-57.9005,-20.873],[-57.9151,-20.6903],[-57.9791,-20.6573],[-58.0022,-20.4654],[-58.1246,-20.2935],[-58.1598,-20.1646],[-58.0937,-20.1511],[-58.0211,-20.0552],[-57.8876,-20.0204],[-57.8607,-19.9796],[-58.1315,-19.7445],[-57.8004,-19.081],[-57.7168,-19.044],[-57.7309,-18.9172],[-57.7831,-18.9143],[-57.574,-18.2793],[-57.4957,-18.2146],[-57.5865,-18.1223],[-57.8325,-17.5121],[-57.9909,-17.5129],[-58.396,-17.2343],[-58.4781,-16.7007],[-58.3504,-16.4908],[-58.3456,-16.2844],[-58.5379,-16.3282],[-60.1756,-16.2693],[-60.2423,-15.4796],[-60.5832,-15.0983],[-60.2733,-15.0888],[-60.2989,-14.6186],[-60.4747,-14.1848],[-60.405,-14.0192],[-60.5066,-13.7898],[-61.077,-13.4897],[-61.5116,-13.5412],[-61.7899,-13.5256],[-62.0948,-13.242],[-62.118,-13.1598],[-62.3528,-13.1324],[-62.6871,-12.9943],[-62.7655,-12.9973],[-63.0152,-12.8056],[-63.0675,-12.6691],[-63.1168,-12.6517],[-63.2498,-12.7079],[-63.3467,-12.6801],[-63.6886,-12.478],[-63.7881,-12.4694],[-63.9386,-12.5297],[-64.4205,-12.4397],[-64.5134,-12.251],[-64.8299,-12.0303],[-64.9925,-11.9752],[-65.0903,-11.7412],[-65.1857,-11.7495],[-65.1754,-11.6469],[-65.322,-11.4392],[-65.3424,-11.315],[-65.3899,-11.2463],[-65.3716,-11.1104],[-65.3238,-11.0248],[-65.334,-10.8928],[-65.4471,-10.5074],[-65.3131,-10.253],[-65.2986,-10.1468],[-65.3246,-10.027],[-65.3093,-9.8727],[-65.3961,-9.7124],[-65.492,-9.7317],[-65.5587,-9.7975],[-65.6371,-9.8091],[-65.7068,-9.7685],[-65.9247,-9.7854],[-66.5753,-9.8999],[-66.73,-9.9755],[-67.1115,-10.2689],[-67.4169,-10.3898],[-67.5824,-10.506],[-67.7218,-10.6831],[-67.835,-10.6628],[-68.0717,-10.7031],[-68.3111,-10.9752],[-68.6227,-11.1092],[-68.7275,-11.1225],[-68.8483,-11.0111],[-69.2285,-10.9557],[-69.9604,-10.9299],[-70.2201,-11.0477],[-70.342,-11.0667],[-70.4509,-11.0248],[-70.5333,-10.9469],[-70.6423,-11.0103],[-70.6369,-9.8237],[-70.5672,-9.7046],[-70.5922,-9.5435],[-70.5411,-9.4375],[-70.6369,-9.4782],[-71.2379,-9.966],[-71.608,-10.0061],[-72.1816,-10.0037],[-72.1729,-9.844],[-72.26,-9.7743],[-72.3181,-9.5566],[-72.3791,-9.5102],[-72.8143,-9.4104],[-73.2094,-9.4114],[-72.9704,-9.1201],[-72.974,-8.9932],[-73.2031,-8.7193],[-73.3024,-8.654],[-73.3567,-8.567],[-73.3604,-8.4793],[-73.5491,-8.3458],[-73.6449,-8.0729],[-73.7756,-7.9364],[-73.7146,-7.829],[-73.7204,-7.7825],[-73.8221,-7.739],[-74.0021,-7.5561],[-73.9585,-7.5066],[-73.9643,-7.3789],[-73.7204,-7.3093],[-73.8046,-7.0799],[-73.7581,-6.9058],[-73.4999,-6.6795],[-73.3255,-6.5747],[-73.2403,-6.5641],[-73.1374,-6.4658],[-73.1354,-6.3443],[-73.2355,-6.0984],[-72.9799,-5.6349],[-72.8871,-5.1228],[-72.6987,-5.0672],[-72.3528,-4.786],[-71.8447,-4.5044],[-71.5213,-4.4697],[-70.9737,-4.3505],[-70.7995,-4.1733],[-70.4046,-4.1501],[-70.2392,-4.3012],[-70.1288,-4.2866],[-70.0533,-4.3331],[-69.972,-4.3012],[-69.4002,-1.1949],[-69.4491,-1.0916],[-69.4487,-0.9987],[-69.5436,-0.9172],[-69.6119,-0.7628],[-69.592,-0.6394],[-69.634,-0.5093],[-69.9228,-0.3175],[-70.0705,-0.1389],[-70.0539,0.5786],[-69.8071,0.6075],[-69.4721,0.7299],[-69.283,0.6272],[-69.1533,0.6588],[-69.1768,0.7128],[-69.1632,0.8641],[-69.3118,1.0505],[-69.8521,1.0595],[-69.8486,1.7087],[-69.5429,1.7732],[-69.3197,1.7212],[-68.1766,1.7198],[-68.256,1.8455],[-68.1938,1.987],[-68.1303,1.9558],[-68.0329,1.788],[-67.9362,1.7485],[-67.8151,1.7901],[-67.5561,2.073],[-67.4004,2.1167],[-67.352,2.0858],[-67.1192,1.7036],[-67.0901,1.6156],[-67.0823,1.1854],[-66.876,1.223]]]}},{"type":"Feature","properties":{"ISO_A2":"BW","NAME":"Botswana","CONTINENT":"Africa","REGION":"Africa"},"geometry":{"type":"Polygon","coordinates":[[[25.2588,-17.7936],[25.224,-17.9152],[25.2423,-17.969],[25.3844,-18.142],[25.5583,-18.4418],[25.7612,-18.6492],[25.8119,-18.7971],[25.9394,-18.9387],[25.9507,-19.0817],[26.1681,-19.5383],[26.6782,-19.8928],[27.1782,-20.101],[27.2567,-20.232],[27.2808,-20.4787],[27.6246,-20.4836],[27.6996,-20.5307],[27.6694,-21.0643],[27.8441,-21.2615],[28.0141,-21.5542],[28.532,-21.6513],[29.0256,-21.7969],[29.0158,-21.9399],[29.0424,-22.0184],[29.1068,-22.0657],[29.2372,-22.0795],[29.3648,-22.1939],[29.1299,-22.2133],[29.0135,-22.2784],[28.9458,-22.3951],[28.8398,-22.4809],[28.3817,-22.5934],[28.2102,-22.6937],[28.0279,-22.8737],[27.9351,-22.987],[27.9313,-23.0336],[27.7686,-23.1489],[27.7583,-23.1968],[27.6438,-23.2177],[27.4987,-23.3684],[27.3134,-23.4242],[27.0855,-23.5779],[26.987,-23.7046],[26.8351,-24.2408],[26.6178,-24.3955],[26.3972,-24.6136],[25.9121,-24.7475],[25.5838,-25.6062],[25.4437,-25.7145],[25.2134,-25.7562],[24.9989,-25.754],[24.8692,-25.8135],[24.7481,-25.8174],[24.3306,-25.7429],[24.193,-25.6329],[23.8938,-25.6009],[23.6707,-25.434],[23.3893,-25.2914],[23.266,-25.2666],[23.1487,-25.2887],[23.0221,-25.3241],[22.8788,-25.4579],[22.5977,-26.1327],[22.2176,-26.3889],[22.0909,-26.5802],[21.7883,-26.7101],[21.6947,-26.8409],[21.071,-26.8518],[20.8709,-26.8088],[20.7398,-26.8488],[20.6851,-26.8225],[20.6414,-26.7422],[20.6268,-26.4438],[20.815,-26.1649],[20.7932,-25.9156],[20.4307,-25.1471],[20.3452,-25.0299],[19.9805,-24.7768],[19.9773,-22.0002],[20.971,-22.0002],[20.9741,-18.3188],[22.0114,-18.1986],[23.2193,-17.9997],[23.2986,-18.0273],[23.5997,-18.46],[23.7005,-18.4243],[24.0026,-18.1541],[24.2439,-18.0234],[24.359,-17.9782],[24.5306,-18.0527],[24.7922,-17.8646],[24.9091,-17.8214],[25.2588,-17.7936]]]}},{"type":"Feature","properties":{"ISO_A2":"BA","NAME":"Bosnia and Herz.","CONTINENT":"Europe","REGION":"Europe"},"geometry":{"type":"Polygon","coordinates":[[[19.3486,44.8809],[19.2919,44.6968],[19.1514,44.5273],[19.1185,44.36],[19.1519,44.3025],[19.3389,44.2258],[19.5838,44.0435],[19.5495,43.9871],[19.3053,43.9934],[19.245,43.965],[19.4882,43.7036],[19.48,43.5952],[19.4513,43.5621],[19.3008,43.5918],[19.1943,43.5333],[18.9507,43.5267],[18.9402,43.4967],[19.0367,43.3573],[19.0267,43.2924],[18.9787,43.2854],[18.9347,43.3395],[18.8511,43.3463],[18.6742,43.2308],[18.6219,43.1246],[18.6236,43.0277],[18.4885,43.0122],[18.4438,42.9685],[18.466,42.7772],[18.5459,42.6416],[18.4539,42.5645],[18.304,42.5994],[18.1239,42.6906],[17.8413,42.8451],[17.802,42.9022],[17.6676,42.8971],[17.5852,42.9384],[17.6435,42.9598],[17.6505,43.0066],[17.2931,43.3056],[17.2738,43.4458],[17.0846,43.5166],[16.7135,43.7788],[16.5905,43.9132],[16.3001,44.1245],[16.2143,44.2151],[16.1034,44.521],[15.7366,44.7658],[15.7881,45.179],[15.8229,45.2028],[16.0283,45.1896],[16.1573,45.0722],[16.2934,45.0088],[16.5307,45.2167],[16.7908,45.1969],[16.9187,45.2766],[17.1254,45.1718],[17.5026,45.1204],[17.6535,45.1635],[17.8128,45.0781],[17.8744,45.0772],[17.9963,45.1418],[18.285,45.1343],[18.6626,45.0774],[18.7461,45.0265],[18.7884,44.9149],[18.8364,44.8833],[19.0421,44.8713],[19.2368,44.9143],[19.3486,44.8809]]]}},{"type":"Feature","properties":{"ISO_A2":"BO","NAME":"Bolivia","CONTINENT":"South America","REGION":"Americas"},"geometry":{"type":"Polygon","coordinates":[[[-69.5109,-17.5061],[-69.5219,-17.389],[-69.6457,-17.2485],[-69.6249,-17.2002],[-69.4383,-17.0884],[-69.1998,-16.7685],[-69.0207,-16.6422],[-69.0329,-16.476],[-68.8428,-16.3379],[-68.9135,-16.2619],[-69.1342,-16.222],[-69.2176,-16.1491],[-69.4209,-15.6406],[-69.3019,-15.3994],[-69.1725,-15.2366],[-69.3747,-14.963],[-69.3595,-14.7953],[-69.276,-14.7459],[-69.2349,-14.5971],[-69.0131,-14.3772],[-69.0045,-14.265],[-68.8709,-14.1697],[-68.9743,-13.976],[-69.0741,-13.6828],[-68.9834,-13.4964],[-68.9786,-12.8801],[-68.8677,-12.7552],[-68.7591,-12.6872],[-68.7629,-12.6077],[-68.6853,-12.502],[-69.5786,-10.9518],[-69.2285,-10.9557],[-68.8483,-11.0111],[-68.7275,-11.1225],[-68.6227,-11.1092],[-68.3111,-10.9752],[-68.0717,-10.7031],[-67.835,-10.6628],[-67.7218,-10.6831],[-67.5824,-10.506],[-67.4169,-10.3898],[-67.1115,-10.2689],[-66.73,-9.9755],[-66.5753,-9.8999],[-65.9247,-9.7854],[-65.7068,-9.7685],[-65.6371,-9.8091],[-65.5587,-9.7975],[-65.492,-9.7317],[-65.3961,-9.7124],[-65.3093,-9.8727],[-65.3246,-10.027],[-65.2986,-10.1468],[-65.3131,-10.253],[-65.4471,-10.5074],[-65.334,-10.8928],[-65.3238,-11.0248],[-65.3716,-11.1104],[-65.3899,-11.2463],[-65.3424,-11.315],[-65.322,-11.4392],[-65.1754,-11.6469],[-65.1857,-11.7495],[-65.0903,-11.7412],[-64.9925,-11.9752],[-64.8299,-12.0303],[-64.5134,-12.251],[-64.4205,-12.4397],[-63.9386,-12.5297],[-63.7881,-12.4694],[-63.6886,-12.478],[-63.3467,-12.6801],[-63.2498,-12.7079],[-63.1168,-12.6517],[-63.0675,-12.6691],[-63.0152,-12.8056],[-62.7655,-12.9973],[-62.6871,-12.9943],[-62.3528,-13.1324],[-62.118,-13.1598],[-62.0948,-13.242],[-61.7899,-13.5256],[-61.5116,-13.5412],[-61.077,-13.4897],[-60.5066,-13.7898],[-60.405,-14.0192],[-60.4747,-14.1848],[-60.2989,-14.6186],[-60.2733,-15.0888],[-60.5832,-15.0983],[-60.2423,-15.4796],[-60.1756,-16.2693],[-58.5379,-16.3282],[-58.3456,-16.2844],[-58.3504,-16.4908],[-58.4781,-16.7007],[-58.396,-17.2343],[-57.9909,-17.5129],[-57.8325,-17.5121],[-57.5865,-18.1223],[-57.4957,-18.2146],[-57.574,-18.2793],[-57.7831,-18.9143],[-57.7309,-18.9172],[-57.7168,-19.044],[-57.8004,-19.081],[-58.1315,-19.7445],[-57.8607,-19.9796],[-57.8876,-20.0204],[-58.0211,-20.0552],[-58.0937,-20.1511],[-58.1598,-20.1646],[-58.1399,-19.9988],[-58.1802,-19.8179],[-59.0905,-19.2862],[-60.0074,-19.2976],[-61.7568,-19.6453],[-61.9169,-20.0554],[-62.2763,-20.5625],[-62.2767,-21.066],[-62.651,-22.2337],[-62.7446,-22.1599],[-62.8343,-21.9991],[-63.6753,-22.0043],[-63.7169,-22.0275],[-63.8187,-22.0055],[-63.9217,-22.0286],[-63.9761,-22.0726],[-64.2664,-22.6033],[-64.3253,-22.8276],[-64.6055,-22.2288],[-64.9926,-22.1097],[-65.771,-22.0996],[-66.0986,-21.8351],[-66.2202,-21.8025],[-66.3652,-22.1138],[-66.7117,-22.2163],[-66.8003,-22.4097],[-67.0335,-22.5522],[-67.0554,-22.6509],[-67.1949,-22.8217],[-67.7073,-22.8892],[-67.7944,-22.8795],[-67.8794,-22.8229],[-67.8817,-22.4934],[-67.9504,-22.3337],[-67.9884,-22.0571],[-68.0768,-21.9828],[-68.1122,-21.753],[-68.1864,-21.6186],[-68.197,-21.3003],[-68.4355,-20.9482],[-68.5583,-20.902],[-68.5632,-20.7201],[-68.4874,-20.6407],[-68.4999,-20.612],[-68.7452,-20.4586],[-68.7605,-20.4162],[-68.7592,-20.378],[-68.6886,-20.3101],[-68.7558,-20.0908],[-68.6002,-20.0449],[-68.5607,-19.9671],[-68.5783,-19.8565],[-68.6962,-19.7407],[-68.4702,-19.41],[-68.858,-19.0934],[-68.9683,-18.968],[-69.0923,-18.2824],[-69.1455,-18.144],[-69.0939,-18.0505],[-69.3134,-17.9432],[-69.358,-17.7717],[-69.495,-17.6195],[-69.5109,-17.5061]]]}},{"type":"Feature","properties":{"ISO_A2":"BT","NAME":"Bhutan","CONTINENT":"Asia","REGION":"Asia"},"geometry":{"type":"Polygon","coordinates":[[[91.6319,27.76],[91.5793,27.6114],[91.5947,27.5577],[91.7431,27.4425],[91.9908,27.4502],[92.0834,27.2906],[91.9923,27.0999],[92.0682,26.9752],[92.0497,26.8749],[91.6716,26.802],[91.5176,26.8073],[91.4268,26.8671],[91.2865,26.7899],[90.7396,26.7717],[90.5599,26.7966],[90.3459,26.8903],[90.2061,26.8475],[90.1229,26.7546],[89.7639,26.7016],[89.61,26.7194],[89.5861,26.779],[89.3321,26.8486],[89.1482,26.8162],[89.0409,26.865],[88.8576,26.9615],[88.8352,27.0656],[88.7388,27.1756],[88.8816,27.2975],[88.9476,27.464],[89.1023,27.5926],[89.1604,27.7113],[89.4807,28.06],[89.7498,28.1882],[89.8169,28.2563],[89.9811,28.3112],[90.3482,28.2439],[90.3527,28.0802],[90.7157,28.0717],[91.0208,27.9701],[91.273,28.0784],[91.6419,27.9232],[91.6319,27.76]]]}},{"type":"Feature","properties":{"ISO_A2":"BJ","NAME":"Benin","CONTINENT":"Africa","REGION":"Africa"},"geometry":{"type":"Polygon","coordinates":[[[1.6227,6.2168],[1.6109,6.2508],[1.7779,6.2946],[1.7432,6.4263],[1.5985,6.6102],[1.582,6.877],[1.531,6.9924],[1.6247,6.9973],[1.6002,9.05],[1.5663,9.1373],[1.3857,9.3617],[1.3471,9.5675],[1.3301,9.997],[0.7634,10.3867],[0.7875,10.7103],[0.9005,10.9933],[0.9851,11.079],[1.0846,11.0764],[1.1458,11.2519],[1.3174,11.2953],[1.4268,11.4471],[1.5614,11.4491],[1.6,11.4006],[1.8576,11.4434],[1.9804,11.4184],[2.2309,11.6291],[2.3633,11.8401],[2.4127,11.9993],[2.366,12.2219],[2.6484,12.2968],[2.8053,12.3838],[2.8781,12.3677],[3.1496,12.1181],[3.2991,11.9271],[3.4498,11.852],[3.5954,11.6963],[3.4905,11.4992],[3.4878,11.3954],[3.7164,11.0796],[3.7568,10.7688],[3.8345,10.6074],[3.7718,10.4176],[3.6466,10.409],[3.5779,10.2925],[3.6459,10.1602],[3.5572,9.9073],[3.3545,9.8128],[3.3252,9.7785],[3.3295,9.667],[3.1361,9.4516],[3.148,9.3206],[3.0449,9.0838],[2.7748,9.0485],[2.7329,8.7825],[2.686,7.8737],[2.7193,7.6163],[2.7852,7.4769],[2.7505,7.3951],[2.7567,7.0679],[2.7214,6.9803],[2.7746,6.7117],[2.7064,6.3692],[1.6227,6.2168]]]}},{"type":"Feature","properties":{"ISO_A2":"BZ","NAME":"Belize","CONTINENT":"North America","REGION":"Americas"},"geometry":{"type":"Polygon","coordinates":[[[-89.1615,17.8148],[-89.1335,17.9708],[-89.0504,17.9997],[-88.8978,17.9146],[-88.8063,17.9655],[-88.5862,18.2905],[-88.523,18.4459],[-88.4613,18.4768],[-88.2957,18.4724],[-88.3493,18.3588],[-88.1303,18.3507],[-88.0853,18.2261],[-88.0972,18.1216],[-88.2717,17.6099],[-88.2035,17.5166],[-88.2888,17.3127],[-88.2618,16.963],[-88.3134,16.6328],[-88.5623,16.2904],[-88.6952,16.2477],[-88.8791,16.0166],[-88.9117,15.956],[-88.894,15.8906],[-89.2328,15.8887],[-89.1615,17.8148]]]}},{"type":"Feature","properties":{"ISO_A2":"BE","NAME":"Belgium","CONTINENT":"Europe","REGION":"Europe"},"geometry":{"type":"Polygon","coordinates":[[[4.2262,51.3865],[4.3737,51.356],[4.404,51.3671],[4.3848,51.4276],[4.5034,51.4747],[4.634,51.4217],[4.7557,51.4911],[4.848,51.4033],[4.9439,51.4078],[5.031,51.4691],[5.0999,51.3465],[5.2142,51.279],[5.3108,51.2597],[5.4769,51.2851],[5.6088,51.1984],[5.8271,51.1256],[5.7366,50.9321],[5.6395,50.8436],[5.6936,50.7748],[5.7471,50.7596],[5.9939,50.7504],[6.2359,50.5967],[6.1685,50.5454],[6.1787,50.5225],[6.3409,50.4518],[6.3645,50.3162],[6.1751,50.2327],[6.1213,50.1394],[5.9763,50.1672],[5.8669,50.0828],[5.744,49.9196],[5.725,49.8083],[5.8804,49.6448],[5.8154,49.5538],[5.5073,49.5109],[5.2788,49.6779],[5.0069,49.7784],[4.8676,49.7881],[4.8415,49.9145],[4.79,49.9596],[4.8605,50.1359],[4.8187,50.1532],[4.7066,50.0971],[4.6562,50.0024],[4.545,49.9603],[4.3688,49.945],[4.1493,49.9716],[4.1368,50],[4.1922,50.0941],[4.1353,50.1438],[4.1746,50.2465],[4.0441,50.3213],[3.9497,50.3359],[3.748,50.3435],[3.6894,50.3061],[3.5954,50.4773],[3.2733,50.5315],[3.235,50.6629],[3.1068,50.7794],[2.8397,50.7118],[2.7594,50.7506],[2.5968,50.8759],[2.6015,50.9553],[2.5249,51.0971],[3.3501,51.3777],[3.3801,51.2911],[3.4325,51.2458],[3.5803,51.2862],[3.9021,51.2077],[4.1726,51.3071],[4.2262,51.3865]]]}},{"type":"Feature","properties":{"ISO_A2":"BY","NAME":"Belarus","CONTINENT":"Europe","REGION":"Europe"},"geometry":{"type":"Polygon","coordinates":[[[31.7634,52.1011],[31.346,52.1054],[31.218,52.0502],[31.0793,52.077],[30.9807,52.0462],[30.7553,51.8952],[30.6673,51.8141],[30.533,51.5963],[30.6325,51.3554],[30.5445,51.265],[30.3334,51.3255],[30.309,51.3996],[30.1607,51.4779],[29.5531,51.4346],[29.3465,51.3826],[29.1021,51.6275],[28.8495,51.5402],[28.7313,51.4334],[28.6478,51.4565],[28.599,51.5426],[28.1838,51.6079],[28.0107,51.5598],[27.8586,51.5924],[27.7413,51.4826],[27.7,51.478],[27.6768,51.4899],[27.6897,51.5724],[27.6014,51.6016],[27.2963,51.5974],[27.142,51.7521],[26.7734,51.7707],[25.7857,51.9238],[25.0667,51.9305],[24.3619,51.8675],[24.2801,51.7747],[23.9783,51.5913],[23.7068,51.6413],[23.6086,51.6105],[23.6138,51.5254],[23.5396,51.6189],[23.5448,51.7103],[23.6257,51.8093],[23.6074,51.8798],[23.6524,52.0404],[23.5979,52.1031],[23.1751,52.2866],[23.4109,52.5162],[23.8447,52.6642],[23.9013,52.7036],[23.9154,52.7703],[23.8592,53.1121],[23.5989,53.5992],[23.4847,53.9398],[23.7337,53.9123],[24.1913,53.9504],[24.318,53.893],[24.6207,53.9798],[24.7682,53.9747],[24.8257,54.119],[24.8695,54.1452],[25.0461,54.1331],[25.1795,54.2143],[25.4611,54.2928],[25.5273,54.2151],[25.5104,54.1596],[25.7492,54.157],[25.7481,54.2597],[25.5474,54.3318],[25.6203,54.4604],[25.7248,54.5643],[25.7225,54.7179],[25.8593,54.9193],[26.1752,55.0033],[26.2508,55.1245],[26.2918,55.1396],[26.6012,55.1302],[26.6484,55.2042],[26.7757,55.2731],[26.4576,55.3425],[26.5666,55.5465],[26.5936,55.6675],[26.8225,55.7092],[26.953,55.8129],[27.0525,55.8306],[27.5768,55.7988],[27.6423,55.9117],[27.8963,56.0762],[28.1179,56.1458],[28.2843,56.0559],[28.564,56.092],[28.7947,55.9426],[29.0317,56.0218],[29.375,55.9387],[29.3979,55.8811],[29.3534,55.7844],[29.4822,55.6846],[29.937,55.8453],[30.2336,55.8452],[30.4563,55.7868],[30.6256,55.6663],[30.9068,55.57],[30.9006,55.3974],[30.8105,55.307],[30.9589,55.1376],[30.9777,55.0505],[30.8299,54.915],[30.7988,54.7833],[31.1521,54.6253],[31.0748,54.4918],[31.1848,54.453],[31.4036,54.1959],[31.826,54.0307],[31.8253,53.935],[31.7542,53.8104],[32.2004,53.7813],[32.4502,53.6929],[32.4252,53.6173],[32.4696,53.547],[32.7064,53.4194],[32.7043,53.3363],[32.4693,53.2703],[32.4263,53.2106],[32.142,53.0912],[31.8497,53.1062],[31.7475,53.1842],[31.6683,53.2009],[31.4179,53.196],[31.2588,53.0167],[31.5648,52.7592],[31.5194,52.6987],[31.5262,52.633],[31.6159,52.5462],[31.5855,52.5325],[31.5773,52.3123],[31.6906,52.2207],[31.7634,52.1011]]]}},{"type":"Feature","properties":{"ISO_A2":"BB","NAME":"Barbados","CONTINENT":"North America","REGION":"Americas"},"geometry":{"type":"Polygon","coordinates":[[[-59.4933,13.082],[-59.5219,13.0622],[-59.6113,13.1021],[-59.6428,13.1503],[-59.6467,13.3031],[-59.5916,13.3177],[-59.4276,13.1528],[-59.4933,13.082]]]}},{"type":"Feature","properties":{"ISO_A2":"BD","NAME":"Bangladesh","CONTINENT":"Asia","REGION":"Asia"},"geometry":{"type":"Polygon","coordinates":[[[89.0515,22.0932],[89.05,22.2746],[88.9207,22.632],[88.8506,23.0405],[88.9281,23.1866],[88.7244,23.255],[88.704,23.2928],[88.7408,23.4366],[88.6164,23.5728],[88.5674,23.6744],[88.6998,24.0025],[88.7235,24.2749],[88.6423,24.326],[88.397,24.3893],[88.2871,24.4797],[88.225,24.4606],[88.1455,24.4858],[88.0234,24.6278],[88.1498,24.9146],[88.3134,24.8818],[88.3729,24.9615],[88.4563,25.1884],[88.8173,25.1762],[88.8901,25.1944],[88.9517,25.2593],[88.8203,25.3655],[88.7691,25.4905],[88.5935,25.4953],[88.5024,25.537],[88.3631,25.6982],[88.2529,25.7898],[88.1475,25.8114],[88.0846,25.8882],[88.1508,26.0872],[88.4404,26.3695],[88.4367,26.4371],[88.3459,26.5048],[88.3699,26.5641],[88.4182,26.5715],[88.6201,26.4307],[88.6807,26.353],[88.6828,26.2917],[88.828,26.2522],[88.9704,26.2509],[88.9815,26.2861],[88.9241,26.3751],[88.952,26.4121],[89.0187,26.4103],[89.0668,26.3769],[89.1083,26.2022],[89.1864,26.106],[89.3697,26.0061],[89.4669,25.9835],[89.5499,26.0053],[89.5914,26.0724],[89.5857,26.186],[89.6709,26.2138],[89.8229,25.9414],[89.7963,25.3758],[89.8333,25.2928],[90.4394,25.1577],[91.2932,25.178],[91.4797,25.1421],[92.0497,25.1695],[92.3734,25.0151],[92.4854,24.9033],[92.4432,24.8494],[92.2283,24.8813],[92.2306,24.7862],[92.102,24.4081],[91.9517,24.3567],[91.877,24.1953],[91.8462,24.1753],[91.7266,24.2051],[91.5264,24.0908],[91.3671,24.0935],[91.3364,24.0188],[91.232,23.9205],[91.1604,23.6606],[91.3152,23.1044],[91.3594,23.0684],[91.3706,23.198],[91.4362,23.1999],[91.5112,23.0337],[91.6195,22.9797],[91.751,23.0535],[91.7738,23.1061],[91.7542,23.2873],[91.79,23.361],[91.9379,23.5047],[91.9296,23.686],[92.044,23.6778],[92.1523,23.7219],[92.1871,23.6755],[92.2461,23.6836],[92.3342,23.3238],[92.3616,22.929],[92.4914,22.6854],[92.5828,21.9403],[92.5935,21.4673],[92.6316,21.3062],[92.5686,21.2633],[92.5392,21.3198],[92.3306,21.4398],[92.2082,21.3579],[92.1796,21.2931],[92.192,21.2022],[92.2147,21.1127],[92.2645,21.0615],[92.3241,20.7918],[92.0561,21.1748],[92.008,21.6848],[91.9132,21.8831],[91.8248,22.2287],[91.8634,22.3505],[91.7971,22.2975],[91.693,22.5048],[91.5297,22.7077],[91.4821,22.7974],[91.4801,22.8848],[91.2162,22.6422],[90.9456,22.597],[90.8268,22.7214],[90.6563,23.0255],[90.6336,23.0942],[90.6561,23.273],[90.604,23.5914],[90.5616,23.5371],[90.5557,23.4215],[90.2691,23.4559],[90.3915,23.3669],[90.5228,23.3461],[90.5909,23.2664],[90.5951,23.1339],[90.466,23.0539],[90.4775,22.9868],[90.5522,22.9049],[90.4616,22.8818],[90.4351,22.7519],[90.4984,22.6348],[90.4874,22.5887],[90.6161,22.3622],[90.5895,22.2584],[90.3558,22.0482],[90.2306,21.8298],[90.1588,21.8168],[90.0712,21.8873],[90.0879,22.0175],[90.2096,22.1566],[89.9542,22.0229],[89.9181,22.1162],[89.8938,22.3084],[89.9852,22.4664],[89.8818,22.3876],[89.8525,22.0909],[89.8119,21.9835],[89.5686,21.7674],[89.4832,22.2755],[89.5006,21.9144],[89.3537,21.7211],[89.2343,21.7224],[89.0939,21.8728],[89.0515,22.0932]]]}},{"type":"Feature","properties":{"ISO_A2":"BH","NAME":"Bahrain","CONTINENT":"Asia","REGION":"Asia"},"geometry":{"type":"Polygon","coordinates":[[[50.6072,25.8831],[50.5749,25.8068],[50.4659,25.9655],[50.4895,26.0584],[50.4524,26.1908],[50.4699,26.229],[50.5859,26.2407],[50.5578,26.1983],[50.6098,26.1245],[50.6072,25.8831]]]}},{"type":"Feature","properties":{"ISO_A2":"BS","NAME":"Bahamas","CONTINENT":"North America","REGION":"Americas"},"geometry":{"type":"MultiPolygon","coordinates":[[[[-77.6577,24.2495],[-77.7553,24.1635],[-77.6833,24.1185],[-77.6154,24.2164],[-77.5615,24.1368],[-77.5187,23.8694],[-77.5737,23.7392],[-77.7713,23.7525],[-77.7758,23.8624],[-77.8522,24.0404],[-77.9999,24.2198],[-77.95,24.2531],[-77.8836,24.242],[-77.7015,24.2875],[-77.6577,24.2495]]],[[[-73.0269,21.1924],[-73.1646,20.9792],[-73.661,20.9374],[-73.6812,20.9756],[-73.6804,21.1033],[-73.5851,21.1259],[-73.5231,21.1908],[-73.4245,21.2018],[-73.2354,21.1545],[-73.1373,21.2048],[-73.0585,21.3134],[-73.0117,21.2995],[-73.0269,21.1924]]],[[[-77.7438,24.7074],[-77.7452,24.4635],[-78.0449,24.2875],[-78.0758,24.3646],[-78.1357,24.4124],[-78.1458,24.4935],[-78.1916,24.4661],[-78.2576,24.4828],[-78.3665,24.5442],[-78.4353,24.6276],[-78.3389,24.642],[-78.319,24.5902],[-78.2427,24.6538],[-78.2988,24.7539],[-78.1841,24.9171],[-78.1593,25.0224],[-78.2114,25.1913],[-78.1628,25.2023],[-77.9753,25.0848],[-77.9734,25.0048],[-77.8401,24.7944],[-77.7438,24.7074]]]]}},{"type":"Feature","properties":{"ISO_A2":"AZ","NAME":"Azerbaijan","CONTINENT":"Asia","REGION":"Asia"},"geometry":{"type":"Polygon","coordinates":[[[48.8688,38.4355],[48.5927,38.4111],[48.4174,38.5862],[48.3056,38.6135],[48.2047,38.7241],[47.9965,38.8538],[48.0501,38.935],[48.242,38.979],[48.2921,39.0188],[48.2741,39.0991],[48.1255,39.1716],[48.1044,39.2411],[48.136,39.3124],[48.3222,39.3991],[47.9959,39.6839],[47.7729,39.6486],[47.4762,39.4983],[47.1884,39.341],[46.9889,39.1802],[46.8525,39.1484],[46.5548,38.9044],[46.4906,38.9067],[46.4898,39.0694],[46.4003,39.1922],[46.5848,39.2237],[46.3652,39.4025],[46.4781,39.4751],[46.4814,39.5552],[46.3217,39.6174],[46.2021,39.5945],[45.7896,39.8811],[45.5798,39.9775],[45.6302,40.0142],[45.8859,40.0249],[45.9676,40.1748],[45.9646,40.2338],[45.5695,40.4168],[45.4544,40.5324],[45.3789,40.6736],[45.5914,40.8297],[45.4191,40.9857],[45.0705,41.0756],[45.0707,41.1008],[45.1902,41.1264],[45.1886,41.1474],[45.0848,41.1955],[45.0014,41.291],[45.281,41.4496],[45.7156,41.3376],[45.6957,41.289],[45.7255,41.2616],[45.922,41.1867],[46.0313,41.1673],[46.1707,41.1979],[46.431,41.0771],[46.5344,41.0886],[46.6264,41.1597],[46.6726,41.2868],[46.6189,41.3438],[46.3055,41.5077],[46.2547,41.6021],[46.2035,41.6126],[46.1821,41.6571],[46.2019,41.7369],[46.3025,41.7571],[46.4299,41.891],[46.5377,41.8704],[46.5713,41.8001],[46.6903,41.8313],[46.7493,41.8126],[47.0102,41.5875],[47.1426,41.5161],[47.2053,41.4556],[47.2611,41.3151],[47.3177,41.2824],[47.791,41.1993],[47.8611,41.2127],[48.0561,41.4587],[48.3914,41.6019],[48.5729,41.8445],[48.6646,41.7866],[49.0509,41.374],[49.2265,41.0262],[49.4567,40.7999],[49.776,40.584],[49.9906,40.5768],[50.1825,40.5048],[50.3068,40.4122],[50.3659,40.2795],[50.1432,40.3232],[49.9188,40.3164],[49.5512,40.1941],[49.4773,40.0873],[49.3244,39.6084],[49.3628,39.3496],[49.2693,39.2852],[49.1653,39.0303],[49.121,39.0039],[49.1113,39.0847],[49.0135,39.134],[48.8545,38.8388],[48.8688,38.4355]],[[45.5523,40.6161],[45.5623,40.6492],[45.5342,40.664],[45.4788,40.6483],[45.4788,40.607],[45.5523,40.6161]]]}},{"type":"Feature","properties":{"ISO_A2":"AT","NAME":"Austria","CONTINENT":"Europe","REGION":"Europe"},"geometry":{"type":"Polygon","coordinates":[[[9.5275,47.2708],[9.6259,47.467],[9.524,47.5242],[9.6506,47.5259],[9.7489,47.5755],[9.9716,47.5053],[10.0599,47.4491],[10.0663,47.3934],[10.2003,47.3634],[10.183,47.2788],[10.3128,47.3134],[10.3691,47.3661],[10.4304,47.5411],[10.873,47.5202],[10.9809,47.3981],[11.042,47.3931],[11.2979,47.4249],[11.393,47.4872],[11.7168,47.5835],[12.1856,47.6195],[12.1969,47.7091],[12.3632,47.6882],[12.4829,47.6373],[12.6858,47.6693],[12.7714,47.6394],[12.8094,47.5422],[13.0144,47.4781],[13.0541,47.6551],[13.0336,47.6987],[12.8977,47.7219],[12.9542,47.8078],[12.9535,47.8906],[12.7601,48.076],[12.8143,48.1608],[13.3746,48.3614],[13.4866,48.5818],[13.6752,48.523],[13.7239,48.5424],[13.7854,48.5875],[13.8147,48.7669],[13.9888,48.6924],[14.0491,48.6025],[14.3676,48.5762],[14.4887,48.6255],[14.6913,48.5992],[14.7066,48.6719],[14.7859,48.7474],[14.8219,48.774],[14.9226,48.7714],[14.9935,49.0011],[15.1617,48.9463],[15.3109,48.974],[15.7008,48.8604],[15.8252,48.8645],[16.0572,48.7548],[16.3673,48.739],[16.4779,48.8001],[16.5436,48.7962],[16.8837,48.7037],[16.9531,48.5988],[16.8627,48.4414],[16.8654,48.3869],[17.0859,48.0396],[17.1474,48.006],[17.0891,47.9636],[17.0301,47.8371],[17.0666,47.7076],[16.7859,47.6787],[16.5909,47.7505],[16.4213,47.6745],[16.6397,47.6089],[16.6766,47.536],[16.623,47.4476],[16.4429,47.3995],[16.4626,47.2731],[16.4169,47.2234],[16.4384,47.1459],[16.4927,47.1227],[16.4612,47.0225],[16.2525,46.9719],[16.0372,46.8448],[15.9769,46.8014],[15.9576,46.6776],[15.7669,46.7113],[15.6326,46.6984],[15.4393,46.6296],[15.217,46.643],[14.8933,46.6059],[14.7567,46.4991],[14.5498,46.3997],[12.4792,46.6725],[12.3883,46.7026],[12.1541,46.9353],[12.1308,46.9848],[12.2013,47.0609],[12.1694,47.0821],[11.7757,46.9861],[11.2444,46.9757],[11.1339,46.9362],[11.0251,46.797],[10.9273,46.7695],[10.7598,46.7933],[10.6893,46.8464],[10.4528,46.8649],[10.4149,46.9644],[10.3494,46.9848],[10.1335,46.8515],[9.8777,46.9377],[9.8453,47.0074],[9.5803,47.0574],[9.6105,47.1071],[9.5275,47.2708]]]}},{"type":"Feature","properties":{"ISO_A2":"AU","NAME":"Australia","CONTINENT":"Oceania","REGION":"Oceania"},"geometry":{"type":"Polygon","coordinates":[[[143.1789,-11.9545],[143.1047,-12.1696],[143.1103,-12.3035],[143.2541,-12.3977],[143.2896,-12.4988],[143.4016,-12.6399],[143.3976,-12.7361],[143.4577,-12.8558],[143.5295,-13.3038],[143.5866,-13.4437],[143.5484,-13.741],[143.7563,-14.3488],[143.9618,-14.4629],[144.1059,-14.3945],[144.2099,-14.302],[144.473,-14.2318],[144.5864,-14.3547],[144.648,-14.4925],[145.2877,-14.9432],[145.2517,-15.0975],[145.2931,-15.3272],[145.2716,-15.4767],[145.3754,-15.8811],[145.458,-16.0564],[145.4261,-16.4062],[145.5499,-16.6251],[145.7548,-16.8795],[145.9121,-16.9125],[145.902,-17.0702],[146.0498,-17.3811],[146.1259,-17.6353],[146.0229,-18.1758],[146.0322,-18.2729],[146.223,-18.5099],[146.3332,-18.5537],[146.2969,-18.8412],[146.3834,-18.9771],[146.4812,-19.0787],[146.692,-19.1874],[147.0026,-19.2561],[147.1388,-19.3932],[147.2781,-19.4142],[147.4186,-19.3781],[147.5098,-19.4741],[147.586,-19.6228],[147.7424,-19.7701],[147.8532,-19.7947],[147.9156,-19.8692],[148.0811,-19.8986],[148.3669,-20.0875],[148.6005,-20.1452],[148.7594,-20.2896],[148.8848,-20.4809],[148.73,-20.4678],[148.6837,-20.5802],[148.7895,-20.7356],[149.0605,-20.9611],[149.2049,-21.1251],[149.3293,-21.4761],[149.4541,-21.5787],[149.4601,-21.7654],[149.524,-22.0236],[149.5957,-22.2576],[149.7039,-22.4405],[149.8225,-22.3898],[149.9744,-22.5507],[150.0056,-22.5216],[149.9419,-22.3081],[149.9813,-22.1843],[150.0206,-22.1684],[150.0762,-22.1645],[150.2349,-22.3729],[150.5413,-22.5591],[150.5796,-22.5558],[150.5686,-22.384],[150.6229,-22.3673],[150.7639,-22.5762],[150.783,-23.1766],[150.8432,-23.458],[151.1538,-23.7841],[151.5008,-24.0124],[151.6909,-24.0384],[151.8316,-24.1229],[152.1299,-24.5976],[152.4563,-24.8024],[152.5021,-24.964],[152.6543,-25.202],[152.7892,-25.2741],[152.9135,-25.4321],[152.9205,-25.6886],[153.0282,-25.8703],[153.1649,-25.9642],[153.0842,-26.3038],[153.1621,-26.9827],[153.1168,-27.1944],[153.3857,-27.7686],[153.4549,-28.0483],[153.5757,-28.2405],[153.5691,-28.5334],[153.6169,-28.673],[153.6046,-28.8545],[153.4622,-29.0502],[153.348,-29.2904],[153.347,-29.4966],[153.2724,-29.8925],[153.0306,-30.5634],[153.0479,-30.9071],[152.9439,-31.4349],[152.7858,-31.7863],[152.5593,-32.0457],[152.5453,-32.2431],[152.4704,-32.4391],[152.2475,-32.6087],[152.2157,-32.6781],[152.1365,-32.6781],[152.1881,-32.7217],[152.1643,-32.7574],[151.9543,-32.8203],[151.8129,-32.9011],[151.4838,-33.3475],[151.432,-33.5216],[151.2921,-33.581],[151.3228,-33.6993],[151.2803,-33.9267],[151.2446,-33.9851],[151.2017,-33.9641],[151.1248,-34.0053],[151.2315,-34.0297],[150.9604,-34.2971],[150.8713,-34.4991],[150.7811,-34.8922],[150.8092,-34.9938],[150.6974,-35.0419],[150.681,-35.0767],[150.7222,-35.1346],[150.6903,-35.1777],[150.5675,-35.2143],[150.3741,-35.5842],[150.1953,-35.8336],[150.0628,-36.5504],[149.9603,-36.8455],[149.9506,-37.0803],[149.9863,-37.2584],[149.9327,-37.5285],[149.8094,-37.5479],[149.4809,-37.7712],[149.2984,-37.8021],[148.9439,-37.7885],[148.2625,-37.8307],[147.8768,-37.9342],[147.6314,-38.0557],[147.3956,-38.2191],[146.8568,-38.6635],[146.4357,-38.7118],[146.2926,-38.6998],[146.2175,-38.7274],[146.2162,-38.7827],[146.3366,-38.8942],[146.427,-38.8196],[146.4666,-38.8403],[146.4838,-39.065],[146.4,-39.1455],[146.34,-39.1238],[146.2543,-38.9645],[146.1584,-38.8657],[146.0699,-38.8341],[145.9354,-38.9018],[145.7908,-38.667],[145.6063,-38.6568],[145.3973,-38.5354],[145.4628,-38.4163],[145.5422,-38.3938],[145.4758,-38.2437],[145.2928,-38.2376],[145.1912,-38.3836],[144.9596,-38.5008],[144.7178,-38.3403],[144.9114,-38.344],[145.067,-38.2049],[145.1199,-38.0913],[144.8913,-37.8998],[144.3955,-38.1369],[144.5895,-38.1576],[144.6652,-38.21],[144.1016,-38.4623],[143.8117,-38.6988],[143.539,-38.8209],[143.2265,-38.7432],[143.0826,-38.6459],[142.8402,-38.5809],[142.4559,-38.3863],[142.1877,-38.3994],[141.9247,-38.2838],[141.725,-38.2714],[141.5939,-38.3878],[141.4242,-38.3635],[141.2139,-38.172],[141.0109,-38.077],[140.6272,-38.0284],[140.3904,-37.8967],[140.2121,-37.6422],[139.7843,-37.2458],[139.7385,-37.0596],[139.8573,-36.6621],[139.729,-36.3714],[139.4659,-36.0104],[139.0377,-35.6893],[138.9689,-35.5808],[139.0669,-35.5984],[139.1125,-35.5423],[139.178,-35.523],[139.2306,-35.5977],[139.2895,-35.6113],[139.2921,-35.4859],[139.3251,-35.4267],[139.2825,-35.3754],[139.1928,-35.3473],[138.9152,-35.4889],[138.8753,-35.5368],[138.771,-35.5384],[138.5219,-35.6424],[138.1844,-35.6127],[138.2521,-35.4865],[138.3998,-35.3258],[138.5111,-35.0244],[138.4899,-34.7636],[138.0893,-34.1698],[137.9192,-34.4561],[137.8741,-34.7274],[137.6917,-35.143],[137.4596,-35.1313],[137.1444,-35.2364],[136.8836,-35.2397],[137.0143,-34.9158],[137.391,-34.9133],[137.493,-34.5978],[137.459,-34.3789],[137.4938,-34.1611],[137.6504,-33.8591],[137.9318,-33.5791],[137.8523,-33.2008],[137.9926,-33.0942],[137.9132,-32.7707],[137.7832,-32.5781],[137.7909,-32.8232],[137.6802,-32.978],[137.4423,-33.1936],[137.3542,-33.4302],[137.2373,-33.6295],[137.1303,-33.703],[136.9365,-33.7502],[136.6355,-33.8966],[136.4307,-34.03],[136.1211,-34.4287],[135.891,-34.6609],[135.9985,-34.9437],[135.9697,-34.9818],[135.7924,-34.8633],[135.6476,-34.9396],[135.4809,-34.7582],[135.3242,-34.6427],[135.2307,-34.5798],[135.123,-34.5857],[135.1296,-34.5365],[135.2168,-34.4873],[135.3787,-34.5977],[135.45,-34.5811],[135.2189,-33.9598],[134.8888,-33.6264],[134.8467,-33.4446],[134.719,-33.2552],[134.6077,-33.1901],[134.3013,-33.165],[134.1735,-32.9791],[134.1004,-32.7486],[134.2271,-32.7306],[134.2342,-32.5485],[133.9302,-32.4117],[133.7867,-32.2688],[133.6653,-32.2072],[133.2121,-32.1838],[132.7574,-31.9562],[132.6486,-31.9493],[132.3236,-32.02],[132.2146,-32.0071],[131.7212,-31.6963],[131.3932,-31.5485],[131.1437,-31.4957],[130.783,-31.604],[130.1298,-31.5791],[128.9462,-31.7026],[128.0677,-32.0665],[127.3198,-32.2641],[126.7793,-32.3109],[126.1365,-32.2568],[125.9172,-32.297],[125.5675,-32.5059],[125.2666,-32.6145],[124.7588,-32.8827],[124.3732,-32.9584],[124.2438,-33.0152],[124.1261,-33.1294],[123.8684,-33.5964],[123.6504,-33.8363],[123.5068,-33.9162],[123.3654,-33.9054],[123.2076,-33.9883],[123.0676,-33.9006],[122.7775,-33.8908],[122.151,-33.9918],[122.0611,-33.8744],[121.4051,-33.8268],[120.8146,-33.8713],[120.4184,-33.9631],[120.2094,-33.9354],[119.8541,-33.9747],[119.6352,-34.1012],[119.4506,-34.3683],[119.2477,-34.4564],[118.8953,-34.4799],[118.1355,-34.9866],[117.8631,-35.055],[117.5819,-35.0978],[116.5172,-34.9879],[115.9867,-34.795],[115.7263,-34.5261],[115.565,-34.4258],[115.2776,-34.3039],[115.1279,-34.3418],[115.0088,-34.2559],[114.9734,-34.0512],[114.9938,-33.5153],[115.1816,-33.6435],[115.3588,-33.6399],[115.5153,-33.5313],[115.683,-33.1929],[115.6186,-32.667],[115.6543,-32.5966],[115.7079,-32.568],[115.7254,-32.4011],[115.7381,-31.8879],[115.6984,-31.6945],[115.4546,-31.3025],[115.2943,-30.9618],[115.1769,-30.808],[115.0779,-30.5604],[114.9688,-30.0423],[114.9421,-29.7216],[114.959,-29.4336],[114.8568,-29.143],[114.6284,-28.8718],[114.5374,-28.5429],[114.1651,-28.0807],[114.0984,-27.5442],[114.0281,-27.3473],[113.7094,-26.8478],[113.333,-26.4174],[113.1848,-26.1822],[113.3232,-26.2438],[113.3561,-26.0805],[113.5466,-26.4367],[113.5816,-26.5581],[113.7337,-26.5951],[113.8364,-26.5006],[113.8528,-26.3321],[113.5891,-26.0986],[113.5134,-25.8983],[113.3953,-25.7133],[113.3974,-25.6472],[113.4514,-25.5991],[113.5395,-25.6252],[113.7131,-25.8308],[113.6836,-26.0517],[113.7237,-26.1298],[113.7658,-26.1598],[113.8539,-26.0145],[113.992,-26.3215],[114.0903,-26.3937],[114.2157,-26.2895],[114.2143,-25.8516],[113.9928,-25.5448],[113.6708,-24.9771],[113.5692,-24.693],[113.4177,-24.4356],[113.4213,-24.1323],[113.4898,-23.8696],[113.757,-23.4182],[113.7951,-22.9146],[113.6828,-22.6378],[113.9584,-21.9392],[114.0229,-21.8814],[114.1239,-21.8286],[114.1426,-21.9098],[114.0928,-22.1813],[114.1639,-22.3233],[114.1416,-22.4831],[114.3035,-22.4254],[114.3777,-22.3415],[114.6028,-21.9422],[114.7093,-21.8234],[115.4562,-21.4917],[116.0109,-21.0304],[116.7067,-20.6538],[117.1391,-20.6409],[117.2928,-20.7131],[117.4063,-20.7212],[117.6839,-20.6428],[118.1992,-20.3752],[118.7515,-20.2619],[119.1045,-19.9953],[119.5859,-20.0383],[119.7678,-19.9584],[120.1963,-19.9095],[120.4337,-19.842],[120.9979,-19.6044],[121.3377,-19.3199],[121.4936,-19.1064],[121.8338,-18.4771],[122.0063,-18.3937],[122.3454,-18.1119],[122.3609,-18.0369],[122.2374,-17.9686],[122.1475,-17.549],[122.1603,-17.3137],[122.2609,-17.1357],[122.432,-16.9704],[122.5226,-16.9429],[122.7204,-16.7877],[122.9168,-16.4326],[122.9707,-16.4368],[123.1421,-16.8631],[123.2659,-17.0368],[123.3832,-17.2928],[123.5631,-17.5209],[123.6079,-17.2199],[123.5936,-17.0304],[123.6641,-17.0232],[123.799,-17.1271],[123.8311,-17.1208],[123.8295,-16.9969],[123.8744,-16.9187],[123.8563,-16.8647],[123.7781,-16.8678],[123.4904,-16.4907],[123.5813,-16.4709],[123.626,-16.4163],[123.6465,-16.3431],[123.607,-16.224],[123.6475,-16.1799],[123.7289,-16.1925],[123.8592,-16.3823],[123.9152,-16.3636],[123.9613,-16.2869],[124.0444,-16.2649],[124.1298,-16.2788],[124.3004,-16.3883],[124.772,-16.4026],[124.6692,-16.3388],[124.4545,-16.3353],[124.4049,-16.2989],[124.3883,-16.203],[124.4164,-16.1335],[124.4346,-16.1038],[124.5769,-16.1137],[124.6485,-15.8702],[124.6483,-15.8055],[124.6066,-15.8227],[124.5043,-15.9725],[124.3816,-15.7582],[124.4396,-15.4936],[124.5616,-15.4963],[124.6909,-15.3597],[124.6926,-15.2736],[124.9721,-15.4043],[125.0164,-15.4665],[125.063,-15.4423],[125.0729,-15.3067],[124.9092,-15.3101],[124.8391,-15.1607],[125.0233,-15.0719],[125.0382,-15.0041],[125.3557,-15.1198],[125.3838,-15.0156],[125.2433,-14.9445],[125.1787,-14.7147],[125.2665,-14.6484],[125.2846,-14.5841],[125.4359,-14.5568],[125.5798,-14.4832],[125.5971,-14.2781],[125.6277,-14.2566],[125.7046,-14.2914],[125.6616,-14.5295],[125.7385,-14.4443],[125.8195,-14.4691],[125.8501,-14.5973],[125.8906,-14.618],[125.9461,-14.5204],[126.0207,-14.4945],[126.0166,-14.3713],[126.1113,-14.1141],[126.0539,-13.9772],[126.119,-13.9577],[126.1843,-14.0021],[126.2585,-14.1636],[126.323,-14.0621],[126.4031,-14.0189],[126.5697,-14.1609],[126.6791,-14.0894],[126.7807,-13.9552],[126.7756,-13.7885],[126.9032,-13.7441],[127.4576,-14.0314],[127.6729,-14.1951],[127.8876,-14.4852],[128.1994,-14.7518],[128.0805,-15.088],[128.0694,-15.3293],[128.1117,-15.312],[128.1555,-15.2256],[128.2547,-15.2985],[128.175,-15.0432],[128.4032,-14.8691],[128.4099,-14.8289],[128.5758,-14.7745],[129.0582,-14.8844],[129.1651,-14.9876],[129.1752,-15.115],[129.2158,-15.1603],[129.2336,-14.9061],[129.2676,-14.8715],[129.459,-14.9332],[129.6348,-15.1397],[129.6503,-15.0868],[129.6127,-14.9259],[129.6371,-14.851],[129.8487,-14.8289],[129.7535,-14.7896],[129.6047,-14.6471],[129.6986,-14.5753],[129.4839,-14.4897],[129.3787,-14.3925],[129.4592,-14.2135],[129.7099,-13.98],[129.8389,-13.5729],[129.9379,-13.5017],[130.1359,-13.4483],[130.2598,-13.3022],[130.135,-13.1455],[130.1682,-12.9574],[130.318,-12.8829],[130.3999,-12.6879],[130.6175,-12.6469],[130.6227,-12.4311],[130.6724,-12.4069],[130.7361,-12.4277],[130.8674,-12.5578],[130.8982,-12.5236],[130.8738,-12.3672],[131.0234,-12.3429],[131.0195,-12.2139],[131.2199,-12.1779],[131.2916,-12.0679],[131.3421,-12.2101],[131.4383,-12.277],[131.7263,-12.2781],[131.888,-12.2319],[132.0641,-12.2808],[132.2532,-12.186],[132.3721,-12.2392],[132.411,-12.2951],[132.4416,-12.1764],[132.5105,-12.1349],[132.5838,-12.1103],[132.7128,-12.1234],[132.6305,-12.0352],[132.6299,-11.8358],[132.6742,-11.649],[132.4752,-11.4915],[132.2779,-11.4677],[132.1336,-11.5007],[131.9446,-11.3485],[131.8225,-11.3024],[131.8118,-11.2714],[131.9615,-11.1809],[132.1555,-11.3111],[132.1978,-11.305],[132.2627,-11.204],[132.334,-11.2235],[132.5573,-11.3669],[132.6828,-11.5056],[132.8571,-11.3911],[132.961,-11.4073],[133.0249,-11.4528],[133.1853,-11.7057],[133.3562,-11.7282],[133.5332,-11.8162],[133.9042,-11.832],[134.2371,-12.0077],[134.4174,-12.0527],[134.5381,-12.0608],[134.7303,-11.9844],[134.8547,-12.1025],[135.0297,-12.1937],[135.218,-12.2217],[135.3523,-12.1292],[135.5487,-12.0606],[135.8853,-11.8217],[135.9225,-11.8258],[135.834,-11.9507],[135.8958,-11.9695],[135.8895,-11.9928],[135.7025,-12.1516],[135.7044,-12.2099],[135.7439,-12.2417],[135.9378,-12.1521],[136.0085,-12.1914],[136.0314,-12.3309],[136.0818,-12.4225],[136.2606,-12.4338],[136.3285,-12.3056],[136.2919,-12.1964],[136.2499,-12.173],[136.2701,-12.1316],[136.4434,-11.9515],[136.5402,-11.9576],[136.6098,-12.1336],[136.7194,-12.2265],[136.8975,-12.2436],[136.9475,-12.3499],[136.537,-12.7843],[136.5178,-12.8328],[136.5943,-13.0038],[136.461,-13.2252],[136.4119,-13.2361],[136.2941,-13.138],[135.9273,-13.3043],[135.9292,-13.6216],[135.9896,-13.8102],[135.9545,-13.9349],[135.8834,-14.1531],[135.7445,-14.2866],[135.4052,-14.7582],[135.4533,-14.9231],[135.5308,-15.0004],[136.2054,-15.4034],[136.2914,-15.5701],[136.5836,-15.7065],[136.6441,-15.6756],[136.7049,-15.6853],[136.6981,-15.835],[136.7847,-15.8942],[137.0021,-15.8783],[137.2993,-16.0663],[137.7037,-16.233],[137.9129,-16.4766],[138.0716,-16.617],[138.245,-16.7184],[138.5057,-16.7896],[138.6257,-16.7778],[138.8203,-16.8606],[139.0099,-16.8993],[139.1104,-17.0141],[139.1541,-17.1678],[139.2484,-17.3286],[139.4405,-17.3806],[139.6896,-17.5407],[139.8945,-17.6113],[140.0358,-17.7026],[140.2097,-17.7044],[140.5111,-17.6245],[140.8305,-17.4145],[140.966,-17.0146],[141.2191,-16.6462],[141.4119,-16.0695],[141.3932,-15.9047],[141.4516,-15.6053],[141.6255,-15.0566],[141.5229,-14.4701],[141.5943,-14.1528],[141.4807,-13.9268],[141.4726,-13.7976],[141.6454,-13.2591],[141.6136,-12.9435],[141.7822,-12.7787],[141.9203,-12.8029],[141.9298,-12.7398],[141.8521,-12.5787],[141.6777,-12.4914],[141.6886,-12.3511],[141.8705,-11.9756],[141.9611,-12.0543],[141.9516,-11.8962],[142.139,-11.2732],[142.1684,-10.9466],[142.3265,-10.8842],[142.4564,-10.7073],[142.5448,-10.7073],[142.6051,-10.7482],[142.5527,-10.8744],[142.723,-11.0104],[142.7797,-11.1153],[142.8368,-11.3069],[142.8726,-11.8214],[142.9885,-11.919],[143.1789,-11.9545]]]}},{"type":"Feature","properties":{"ISO_A2":"HM","NAME":"Heard I. and McDonald Is.","CONTINENT":"Seven seas (open ocean)","REGION":"Africa"},"geometry":{"type":"Polygon","coordinates":[[[73.7074,-53.1371],[73.588,-53.1846],[73.4651,-53.1842],[73.3363,-53.0299],[73.2539,-52.9894],[73.3053,-52.9663],[73.8378,-53.1128],[73.7074,-53.1371]]]}},{"type":"Feature","properties":{"ISO_A2":"NF","NAME":"Norfolk Island","CONTINENT":"Oceania","REGION":"Oceania"},"geometry":{"type":"Polygon","coordinates":[[[167.9395,-29.0177],[167.9904,-29.0421],[167.9619,-29.0885],[167.9143,-29.0619],[167.9395,-29.0177]]]}},{"type":"Feature","properties":{"ISO_A2":"AM","NAME":"Armenia","CONTINENT":"Asia","REGION":"Asia"},"geometry":{"type":"Polygon","coordinates":[[[44.7683,39.7035],[44.5604,39.8876],[44.2893,40.0404],[44.0054,40.0141],[43.6662,40.1264],[43.7099,40.1665],[43.5693,40.4824],[43.6679,40.5741],[43.7227,40.7195],[43.6316,40.929],[43.5175,41.0048],[43.4395,41.1071],[43.7932,41.1311],[44.2273,41.2133],[44.473,41.191],[44.8414,41.2114],[44.8109,41.2486],[45.0014,41.291],[45.0848,41.1955],[45.1886,41.1474],[45.1902,41.1264],[45.0707,41.1008],[45.0705,41.0756],[45.4191,40.9857],[45.5875,40.8469],[45.5794,40.8045],[45.3789,40.6736],[45.4544,40.5324],[45.5695,40.4168],[45.9646,40.2338],[45.9676,40.1748],[45.8859,40.0249],[45.581,39.989],[45.7896,39.8811],[46.2021,39.5945],[46.3217,39.6174],[46.4814,39.5552],[46.4781,39.4751],[46.3651,39.4168],[46.5848,39.2237],[46.4003,39.1922],[46.4898,39.0694],[46.4906,38.9067],[46.1145,38.8778],[45.9519,39.1781],[45.9774,39.2439],[45.7663,39.3785],[45.7965,39.4881],[45.7505,39.5629],[45.4568,39.4945],[45.2525,39.5955],[45.1528,39.5827],[45.1246,39.6963],[45.0316,39.7651],[44.7683,39.7035]],[[45.0236,41.0272],[45.0211,41.078],[44.9614,41.0792],[44.969,41.0272],[45.0236,41.0272]]]}},{"type":"Feature","properties":{"ISO_A2":"AR","NAME":"Argentina","CONTINENT":"South America","REGION":"Americas"},"geometry":{"type":"Polygon","coordinates":[[[-57.6089,-30.1878],[-57.6458,-30.227],[-57.6509,-30.295],[-57.8312,-30.4952],[-57.8725,-30.591],[-57.8186,-30.712],[-57.8106,-30.8586],[-57.8983,-30.9752],[-57.8684,-31.1044],[-57.8934,-31.1953],[-58.0539,-31.4949],[-57.988,-31.5762],[-57.9889,-31.6206],[-58.0423,-31.7692],[-58.189,-31.9242],[-58.1604,-31.9865],[-58.1648,-32.1849],[-58.1197,-32.2489],[-58.22,-32.564],[-58.171,-32.9593],[-58.2504,-33.0783],[-58.376,-33.0719],[-58.4245,-33.1115],[-58.5472,-33.6635],[-58.409,-34.0607],[-58.3925,-34.193],[-58.4355,-34.2525],[-58.5255,-34.2962],[-58.4662,-34.4574],[-58.2833,-34.6835],[-57.7636,-34.8945],[-57.5479,-35.0189],[-57.3037,-35.1885],[-57.1707,-35.3625],[-57.1589,-35.506],[-57.3539,-35.7203],[-57.3755,-35.9003],[-57.265,-36.1441],[-57.0762,-36.2968],[-56.9372,-36.3525],[-56.7495,-36.3465],[-56.7174,-36.3891],[-56.6683,-36.7353],[-56.672,-36.8513],[-56.7271,-36.9577],[-57.0877,-37.4464],[-57.3958,-37.7446],[-57.5073,-37.9093],[-57.547,-38.0856],[-57.6456,-38.1696],[-58.1792,-38.4358],[-59.0072,-38.6733],[-59.8283,-38.8382],[-61.1122,-38.993],[-61.6025,-38.9988],[-61.8479,-38.9618],[-62.0669,-38.9191],[-62.1893,-38.8133],[-62.3348,-38.8001],[-62.3745,-38.8529],[-62.3036,-38.9881],[-62.3381,-39.1506],[-62.2951,-39.2433],[-62.2091,-39.2618],[-62.0537,-39.3738],[-62.1793,-39.3805],[-62.0768,-39.4615],[-62.1315,-39.8254],[-62.2869,-39.8953],[-62.4019,-40.1966],[-62.427,-40.356],[-62.3936,-40.4588],[-62.2463,-40.6746],[-62.3019,-40.8146],[-62.395,-40.8908],[-62.959,-41.1097],[-63.2128,-41.1524],[-63.6218,-41.1598],[-63.773,-41.15],[-64.3834,-40.9225],[-64.853,-40.8138],[-64.8044,-40.7565],[-64.8695,-40.7358],[-65.0694,-40.8053],[-65.1334,-40.8807],[-65.155,-41.1057],[-65.0183,-41.5669],[-65.007,-41.7451],[-65.0591,-41.9699],[-64.9864,-42.1021],[-64.6225,-42.261],[-64.5377,-42.2546],[-64.5117,-42.2702],[-64.5741,-42.356],[-64.571,-42.416],[-64.4204,-42.4338],[-64.1009,-42.3951],[-64.0622,-42.3534],[-64.0612,-42.2661],[-64.2529,-42.2508],[-64.2285,-42.2183],[-63.7956,-42.1139],[-63.6848,-42.1887],[-63.6299,-42.2827],[-63.5959,-42.4065],[-63.6173,-42.6958],[-63.6925,-42.8053],[-64.0348,-42.8812],[-64.1307,-42.8614],[-64.2199,-42.7556],[-64.2479,-42.6461],[-64.3243,-42.5723],[-64.4878,-42.5135],[-64.6505,-42.5314],[-64.812,-42.6332],[-64.9707,-42.6663],[-65.0269,-42.7589],[-64.6292,-42.909],[-64.3191,-42.9689],[-64.4322,-43.0592],[-64.8399,-43.1889],[-64.9855,-43.2936],[-65.2523,-43.5719],[-65.3047,-43.7875],[-65.2386,-44.0487],[-65.3084,-44.1582],[-65.2655,-44.2797],[-65.3613,-44.4773],[-65.6476,-44.6614],[-65.6983,-44.7962],[-65.5991,-44.8756],[-65.6388,-45.0078],[-66.1901,-44.9647],[-66.5851,-45.1829],[-66.9414,-45.2573],[-67.2576,-45.5772],[-67.5996,-46.0525],[-67.5861,-46.2695],[-67.5064,-46.4428],[-66.7769,-47.0059],[-66.6504,-47.0453],[-65.9985,-47.0937],[-65.8537,-47.1567],[-65.7381,-47.3449],[-65.7754,-47.5684],[-65.8863,-47.7016],[-66.0406,-47.7833],[-66.2252,-47.8268],[-66.1724,-47.8576],[-65.9342,-47.8268],[-65.8637,-47.8532],[-65.8101,-47.9411],[-65.9122,-47.9768],[-66.0172,-48.0843],[-66.3934,-48.3424],[-67.0331,-48.6277],[-67.4663,-48.9518],[-67.6849,-49.2467],[-67.6937,-49.304],[-67.662,-49.3422],[-67.7835,-49.8589],[-67.914,-49.9845],[-68.1457,-50.0914],[-68.2572,-50.1046],[-68.4879,-49.9779],[-68.6676,-49.7525],[-68.6385,-49.863],[-68.6616,-49.9357],[-68.9796,-50.003],[-68.5979,-50.0095],[-68.5326,-50.0361],[-68.4219,-50.1579],[-68.9395,-50.3823],[-69.0902,-50.5831],[-69.155,-50.8645],[-69.3586,-51.0281],[-69.201,-50.9937],[-69.0657,-51.3035],[-69.0296,-51.4465],[-69.0583,-51.5472],[-69.4654,-51.5845],[-69.313,-51.6011],[-69.1801,-51.6623],[-69.0325,-51.6362],[-68.9653,-51.6771],[-68.6908,-52.0131],[-68.3937,-52.307],[-68.4434,-52.3566],[-68.461,-52.2904],[-69.2062,-52.1361],[-69.4884,-52.1361],[-69.9603,-52.0082],[-71.9187,-51.9896],[-71.9711,-51.9642],[-71.9535,-51.8804],[-72.137,-51.744],[-72.269,-51.6911],[-72.4077,-51.5408],[-72.3032,-51.2989],[-72.3019,-51.2233],[-72.3592,-51.1704],[-72.3768,-51.0954],[-72.3074,-51.0334],[-72.2763,-50.9103],[-72.3402,-50.6818],[-72.3926,-50.6343],[-72.5098,-50.6075],[-72.6204,-50.6477],[-72.8659,-50.6531],[-73.0824,-50.7604],[-73.1529,-50.7383],[-73.2516,-50.5585],[-73.3117,-50.3619],[-73.3866,-50.2312],[-73.5013,-50.1253],[-73.5289,-49.9109],[-73.4704,-49.7945],[-73.5763,-49.5829],[-73.5542,-49.4639],[-73.4836,-49.3977],[-73.4616,-49.3139],[-73.1353,-49.3007],[-73.1489,-49.188],[-73.0336,-49.0144],[-72.7285,-48.8963],[-72.6144,-48.7929],[-72.5859,-48.6625],[-72.6084,-48.5193],[-72.4981,-48.4174],[-72.3547,-48.3658],[-72.293,-48.2291],[-72.3283,-48.1101],[-72.4079,-48.0159],[-72.5091,-47.9733],[-72.5179,-47.8764],[-72.3415,-47.5721],[-72.3459,-47.4927],[-72.1034,-47.3428],[-72.0417,-47.2414],[-71.905,-47.2017],[-71.9005,-47.1443],[-71.9542,-47.0875],[-71.963,-47.016],[-71.9402,-46.8312],[-71.7327,-46.7059],[-71.6997,-46.6514],[-71.7621,-46.3198],[-71.8757,-46.1605],[-71.6845,-46.0419],[-71.6315,-45.9537],[-71.6801,-45.8787],[-71.7506,-45.8391],[-71.7727,-45.7244],[-71.7462,-45.5789],[-71.6933,-45.5348],[-71.5081,-45.5127],[-71.4904,-45.4377],[-71.3493,-45.3319],[-71.3538,-45.2305],[-71.4435,-45.1683],[-71.5963,-44.9792],[-72.0417,-44.9042],[-72.0637,-44.7719],[-71.957,-44.7915],[-71.4552,-44.7498],[-71.3582,-44.7852],[-71.2611,-44.7631],[-71.2215,-44.6308],[-71.1597,-44.5603],[-71.1509,-44.494],[-71.2126,-44.4412],[-71.82,-44.3831],[-71.8124,-44.1061],[-71.6801,-43.9296],[-71.7947,-43.7532],[-71.7374,-43.7047],[-71.7506,-43.5901],[-71.905,-43.4401],[-71.905,-43.3476],[-71.7639,-43.2946],[-71.7506,-43.2373],[-71.7815,-43.1668],[-72.0547,-43.102],[-72.1464,-42.99],[-72.1136,-42.7768],[-72.1437,-42.5771],[-72.0535,-42.4732],[-72.0781,-42.3585],[-72.1246,-42.2983],[-72.1082,-42.2519],[-72.0261,-42.1479],[-71.8608,-42.1479],[-71.7609,-42.1015],[-71.75,-42.0468],[-71.9113,-41.6504],[-71.8711,-41.5605],[-71.8922,-41.3934],[-71.873,-40.893],[-71.9414,-40.7892],[-71.9321,-40.6917],[-71.8046,-40.4392],[-71.709,-40.3817],[-71.6953,-40.3353],[-71.8006,-40.2443],[-71.8183,-40.1767],[-71.802,-40.1247],[-71.7044,-40.0949],[-71.6598,-40.0208],[-71.6379,-39.8868],[-71.7199,-39.6353],[-71.6543,-39.5942],[-71.5395,-39.6024],[-71.42,-39.2872],[-71.4256,-38.9856],[-71.4016,-38.9351],[-71.2857,-38.8454],[-71.0871,-38.7575],[-70.9516,-38.7385],[-70.8586,-38.6045],[-70.8477,-38.5416],[-70.968,-38.4459],[-71.0282,-38.0412],[-71.1676,-37.7623],[-71.1867,-37.6311],[-71.1348,-37.4451],[-71.2004,-37.3003],[-71.1184,-37.1144],[-71.1922,-36.8437],[-71.0664,-36.644],[-71.0555,-36.5237],[-70.9051,-36.4199],[-70.7493,-36.3926],[-70.7219,-36.2832],[-70.5634,-36.1464],[-70.4567,-36.1327],[-70.4048,-36.0617],[-70.4157,-35.8785],[-70.3802,-35.7719],[-70.4157,-35.523],[-70.4567,-35.452],[-70.4704,-35.3262],[-70.5323,-35.3079],[-70.5552,-35.2469],[-70.3932,-35.1469],[-70.2899,-34.7328],[-70.1015,-34.432],[-70.0521,-34.3008],[-69.8524,-34.2243],[-69.8943,-33.7313],[-69.8826,-33.601],[-69.7978,-33.3986],[-69.8196,-33.2838],[-69.8962,-33.251],[-70.0198,-33.2715],[-70.0849,-33.2018],[-70.0931,-33.0268],[-70.022,-32.8846],[-70.1162,-32.8074],[-70.177,-32.6261],[-70.1696,-32.4717],[-70.2298,-32.4307],[-70.2578,-32.31],[-70.32,-32.2667],[-70.3446,-32.1765],[-70.3556,-32.0424],[-70.2909,-32.0311],[-70.2544,-31.9577],[-70.331,-31.8811],[-70.3938,-31.8838],[-70.4501,-31.8419],[-70.5852,-31.5694],[-70.5547,-31.3174],[-70.5196,-31.1484],[-70.4731,-31.1128],[-70.3884,-31.1211],[-70.3091,-31.0227],[-70.3481,-30.9023],[-70.1614,-30.4402],[-70.1696,-30.3855],[-70.1532,-30.3609],[-70.102,-30.3883],[-69.9563,-30.3582],[-69.8443,-30.175],[-69.8634,-30.1203],[-69.96,-30.0783],[-69.9276,-29.7691],[-70.0268,-29.324],[-69.9956,-29.25],[-69.8279,-29.1032],[-69.7432,-28.7839],[-69.7349,-28.6411],[-69.6569,-28.4136],[-69.5271,-28.2856],[-69.4889,-28.2009],[-69.4369,-28.1927],[-69.2512,-27.9736],[-69.1744,-27.9247],[-68.9994,-27.449],[-68.942,-27.4052],[-68.8463,-27.1537],[-68.7096,-27.1045],[-68.6522,-27.1483],[-68.5921,-27.14],[-68.5374,-27.0854],[-68.346,-27.0279],[-68.3187,-26.9732],[-68.3187,-26.8775],[-68.4851,-26.6703],[-68.5916,-26.4704],[-68.5758,-26.352],[-68.4145,-26.1537],[-68.6003,-25.4856],[-68.5408,-25.2367],[-68.4963,-25.163],[-68.4307,-25.1493],[-68.3842,-25.0919],[-68.428,-25.051],[-68.4663,-24.9252],[-68.5271,-24.8992],[-68.562,-24.8377],[-68.562,-24.7474],[-68.5073,-24.6298],[-68.2503,-24.392],[-67.3562,-24.0338],[-67.0088,-23.0014],[-67.1949,-22.8217],[-67.0554,-22.6509],[-67.0335,-22.5522],[-66.8003,-22.4097],[-66.7117,-22.2163],[-66.3652,-22.1138],[-66.2202,-21.8025],[-66.0986,-21.8351],[-65.771,-22.0996],[-64.9926,-22.1097],[-64.6055,-22.2288],[-64.3253,-22.8276],[-64.2664,-22.6033],[-63.9761,-22.0726],[-63.9217,-22.0286],[-63.8187,-22.0055],[-63.7169,-22.0275],[-63.6753,-22.0043],[-62.8434,-21.9973],[-62.626,-22.2904],[-62.3725,-22.4392],[-62.2142,-22.6124],[-61.928,-23.0593],[-61.6795,-23.2687],[-61.513,-23.3604],[-61.5055,-23.392],[-61.2084,-23.557],[-61.0847,-23.6564],[-61.0329,-23.7557],[-60.8398,-23.8581],[-60.5054,-23.9636],[-60.2622,-24.014],[-60.1103,-24.0092],[-59.8925,-24.0936],[-59.1873,-24.5623],[-58.724,-24.7866],[-58.5196,-24.8429],[-58.3654,-24.9593],[-58.1365,-24.9771],[-57.9598,-25.0492],[-57.8217,-25.1364],[-57.6439,-25.3284],[-57.5872,-25.4051],[-57.5717,-25.5342],[-57.7548,-25.6971],[-57.8906,-26.0065],[-58.1111,-26.1802],[-58.203,-26.3814],[-58.1913,-26.63],[-58.3347,-26.8249],[-58.3226,-26.8576],[-58.4363,-26.922],[-58.5477,-27.084],[-58.6186,-27.1321],[-58.6417,-27.1961],[-58.6048,-27.3144],[-58.1683,-27.2734],[-57.8122,-27.3166],[-57.3913,-27.4305],[-57.1118,-27.4701],[-56.974,-27.4357],[-56.7157,-27.4937],[-56.6034,-27.4679],[-56.5105,-27.4879],[-56.4372,-27.5538],[-56.3705,-27.5374],[-56.3105,-27.4388],[-56.1641,-27.3215],[-55.9515,-27.3257],[-55.79,-27.4164],[-55.7146,-27.4148],[-55.6329,-27.3571],[-55.5649,-27.15],[-55.4967,-27.1153],[-55.4267,-27.0093],[-55.1359,-26.9312],[-55.1296,-26.886],[-54.9622,-26.7594],[-54.9345,-26.7025],[-54.8255,-26.6522],[-54.6777,-26.3088],[-54.6319,-26.0058],[-54.6159,-25.5761],[-54.5378,-25.5765],[-54.4439,-25.625],[-54.1546,-25.523],[-54.085,-25.5719],[-54.0123,-25.5779],[-53.9548,-25.6477],[-53.8912,-25.6688],[-53.8232,-25.9596],[-53.6713,-26.2251],[-53.6686,-26.2882],[-53.7109,-26.3519],[-53.7533,-26.7486],[-53.7173,-26.8828],[-53.8382,-27.1211],[-54.1138,-27.2747],[-54.1564,-27.2538],[-54.327,-27.4235],[-54.5549,-27.4541],[-54.6659,-27.5266],[-54.8291,-27.5506],[-54.9102,-27.7086],[-55.0399,-27.7678],[-55.1015,-27.8668],[-55.2437,-27.8988],[-55.3465,-27.956],[-55.4767,-28.0894],[-55.7255,-28.2041],[-55.746,-28.2555],[-55.6915,-28.3028],[-55.6873,-28.3816],[-55.8905,-28.37],[-55.9037,-28.4433],[-55.9849,-28.4886],[-56.0342,-28.5809],[-56.2255,-28.7372],[-56.3933,-28.9973],[-56.6358,-29.203],[-56.6715,-29.2873],[-56.9386,-29.5948],[-57.2247,-29.7821],[-57.4052,-30.0339],[-57.6089,-30.1878]]]}},{"type":"Feature","properties":{"ISO_A2":"AG","NAME":"Antigua and Barb.","CONTINENT":"North America","REGION":"Americas"},"geometry":{"type":"Polygon","coordinates":[[[-61.7161,17.037],[-61.7481,16.9972],[-61.8597,17.0133],[-61.8871,17.0981],[-61.8173,17.1689],[-61.686,17.0984],[-61.7161,17.037]]]}},{"type":"Feature","properties":{"ISO_A2":"AO","NAME":"Angola","CONTINENT":"Africa","REGION":"Africa"},"geometry":{"type":"Polygon","coordinates":[[[23.9665,-10.8718],[24.0467,-11.4054],[23.971,-11.6358],[23.9589,-12.1178],[23.9913,-12.4222],[23.8824,-12.799],[23.963,-12.9885],[21.9789,-13.001],[21.9798,-15.9556],[22.0402,-16.2628],[22.1507,-16.5972],[22.4595,-16.8151],[23.3807,-17.6406],[21.4169,-18.0007],[21.1135,-17.9558],[20.7455,-18.0197],[20.6251,-17.9967],[20.393,-17.8874],[19.6394,-17.8687],[18.9553,-17.8035],[18.7181,-17.7032],[18.4866,-17.4428],[18.3964,-17.3994],[14.4147,-17.3877],[14.0175,-17.4089],[13.938,-17.3888],[13.6943,-17.2335],[13.476,-17.04],[13.1012,-16.9677],[12.5481,-17.2127],[12.2134,-17.21],[12.1144,-17.1646],[12.014,-17.1686],[11.9025,-17.2266],[11.7431,-17.2492],[11.8189,-16.7041],[11.797,-15.9864],[11.7509,-15.8319],[11.8999,-15.7198],[12.0161,-15.5137],[12.0732,-15.2482],[12.2805,-14.6375],[12.3789,-14.0391],[12.5037,-13.7555],[12.5505,-13.4378],[12.8977,-13.0277],[12.9832,-12.7757],[13.417,-12.5204],[13.5979,-12.2861],[13.6855,-12.1238],[13.7854,-11.8128],[13.7843,-11.488],[13.8475,-11.0544],[13.8336,-10.9297],[13.739,-10.7571],[13.7214,-10.6336],[13.5395,-10.4207],[13.4954,-10.2571],[13.3322,-9.9989],[13.2875,-9.8268],[13.2094,-9.7032],[13.1557,-9.3896],[12.9985,-9.048],[12.9985,-8.991],[13.0468,-8.9223],[13.0928,-8.8997],[13.0538,-9.0068],[13.359,-8.6872],[13.3785,-8.3697],[12.8623,-7.2318],[12.8234,-6.9548],[12.5213,-6.5903],[12.2833,-6.1243],[12.3025,-6.0926],[12.7906,-6.0039],[13.0682,-5.8648],[13.1844,-5.8562],[13.3026,-5.8818],[13.9785,-5.8572],[14.3986,-5.8927],[16.3152,-5.8656],[16.4314,-5.9002],[16.5371,-5.9658],[16.6973,-6.1643],[16.743,-6.6185],[16.9194,-6.934],[16.9658,-7.0621],[16.9521,-7.157],[16.9848,-7.2574],[17.1551,-7.4613],[17.536,-8.0759],[17.5796,-8.099],[17.9131,-8.0677],[18.0088,-8.1076],[18.1915,-8.0238],[18.5627,-7.9359],[18.9444,-8.0015],[19.3408,-7.9666],[19.3717,-7.6551],[19.4799,-7.4722],[19.4838,-7.2795],[19.5276,-7.1444],[19.6604,-7.0371],[19.8752,-6.9863],[20.59,-6.9199],[20.5358,-7.1828],[20.6078,-7.2777],[21.7816,-7.3146],[21.8416,-7.421],[21.7801,-7.8654],[21.8009,-8.1119],[21.8959,-8.3411],[21.9054,-8.6934],[21.8132,-9.4687],[21.8566,-9.5942],[22.0892,-9.8628],[22.1978,-10.0406],[22.2745,-10.2591],[22.307,-10.6913],[22.2805,-10.784],[22.2035,-10.8295],[22.1779,-10.8923],[22.2262,-11.122],[22.2788,-11.1941],[22.3149,-11.1986],[22.561,-11.0559],[23.0763,-11.0879],[23.464,-10.9693],[23.8339,-11.0137],[23.9012,-10.9832],[23.9287,-10.8915],[23.9665,-10.8718]]]}},{"type":"Feature","properties":{"ISO_A2":"AD","NAME":"Andorra","CONTINENT":"Europe","REGION":"Europe"},"geometry":{"type":"Polygon","coordinates":[[[1.7061,42.5033],[1.4488,42.4375],[1.4283,42.5959],[1.5014,42.6427],[1.7099,42.6044],[1.7395,42.5759],[1.7061,42.5033]]]}},{"type":"Feature","properties":{"ISO_A2":"DZ","NAME":"Algeria","CONTINENT":"Africa","REGION":"Africa"},"geometry":{"type":"Polygon","coordinates":[[[8.5766,36.9372],[8.6013,36.8339],[8.4442,36.7607],[8.3696,36.6325],[8.2076,36.5189],[8.3027,36.4556],[8.3487,36.368],[8.2471,35.8018],[8.3181,35.6549],[8.3164,35.4031],[8.3942,35.2039],[8.2769,34.9795],[8.2456,34.7341],[8.1234,34.5639],[7.8383,34.4103],[7.7485,34.2545],[7.5139,34.0805],[7.5002,33.8325],[7.7313,33.2685],[8.1125,33.0553],[8.2109,32.9267],[8.3334,32.5436],[9.044,32.0724],[9.5188,30.2294],[9.3103,30.1152],[9.6401,29.6364],[9.8053,29.177],[9.8426,28.967],[9.8156,28.5602],[9.8582,28.0433],[9.916,27.7857],[9.7476,27.3309],[9.7954,27.0448],[9.8371,26.9158],[9.8944,26.8479],[9.8832,26.6308],[9.8594,26.552],[9.4914,26.3337],[9.4224,26.1471],[9.4482,26.0671],[10.0007,25.3321],[10.0281,25.051],[10.1195,24.7902],[10.2559,24.591],[10.3959,24.4856],[10.6861,24.5514],[11.5076,24.3144],[11.9679,23.5179],[7.4817,20.8731],[5.8366,19.4792],[5.7483,19.4342],[3.4009,18.9884],[3.256,19.0133],[3.1197,19.1032],[3.1061,19.1501],[3.2559,19.4109],[3.2017,19.5604],[3.2034,19.7708],[3.1303,19.8502],[2.8657,19.956],[2.4062,20.0639],[2.2193,20.2478],[1.9288,20.2727],[1.7532,20.3316],[1.6854,20.3784],[1.6106,20.5556],[1.2902,20.7136],[1.1657,20.8174],[1.1455,21.1022],[-4.517,24.8045],[-5.5169,25.4238],[-8.6834,27.2859],[-8.6784,28.6894],[-8.2652,28.9805],[-7.6852,29.3495],[-7.4857,29.3922],[-7.1602,29.6126],[-6.6354,29.5688],[-6.5206,29.6599],[-6.4797,29.8204],[-6.0043,29.8313],[-5.4488,29.9569],[-5.1801,30.1662],[-4.9683,30.4654],[-4.3229,30.6989],[-3.9854,30.9135],[-3.6668,30.964],[-3.6269,31.0009],[-3.6245,31.0658],[-3.8334,31.1978],[-3.7892,31.3618],[-3.8467,31.6199],[-3.7682,31.6896],[-3.4398,31.7045],[-3.0174,31.8343],[-2.9309,32.0425],[-2.8634,32.0747],[-2.4484,32.13],[-1.2259,32.1072],[-1.2621,32.2711],[-1.2403,32.3376],[-1.0655,32.4683],[-1.111,32.5523],[-1.45,32.7848],[-1.51,32.8776],[-1.5507,33.0736],[-1.6792,33.3187],[-1.6312,33.5667],[-1.7141,33.7818],[-1.7069,34.1761],[-1.7918,34.3679],[-1.7333,34.467],[-1.8497,34.6073],[-1.7956,34.7519],[-2.1318,34.9709],[-2.2196,35.1042],[-1.9133,35.0942],[-1.6736,35.1831],[-1.3358,35.3643],[-1.0877,35.5789],[-0.4261,35.8615],[-0.1892,35.8191],[-0.0482,35.8328],[0.0479,35.9005],[0.1517,36.0631],[0.3122,36.1624],[0.9717,36.4439],[1.2572,36.5196],[2.3429,36.6103],[2.5934,36.6007],[2.9729,36.7845],[3.5205,36.7951],[3.779,36.8962],[4.7581,36.8963],[5.2954,36.6482],[5.7255,36.7996],[6.0647,36.8643],[6.2491,36.9383],[6.3278,37.046],[6.4865,37.0857],[6.5759,37.003],[6.9275,36.9194],[7.2385,36.9685],[7.2043,37.0924],[7.4324,37.0593],[7.6077,36.9998],[7.7916,36.8803],[7.9104,36.8563],[8.1271,36.9104],[8.5766,36.9372]]]}},{"type":"Feature","properties":{"ISO_A2":"AL","NAME":"Albania","CONTINENT":"Europe","REGION":"Europe"},"geometry":{"type":"Polygon","coordinates":[[[19.3424,41.8691],[19.3614,42.0691],[19.2807,42.1726],[19.5975,42.5654],[19.7034,42.6479],[19.7407,42.6069],[19.7378,42.5251],[19.7883,42.4762],[20.0457,42.5499],[20.1035,42.5247],[20.2405,42.339],[20.4083,42.275],[20.5229,42.1715],[20.5814,41.9174],[20.5052,41.7065],[20.5162,41.5748],[20.4486,41.5213],[20.4924,41.3914],[20.489,41.2726],[20.5679,41.1278],[20.6561,41.0617],[20.7093,40.9284],[20.9335,40.9031],[20.9643,40.8499],[20.9558,40.7753],[21.0309,40.6225],[20.9502,40.4944],[20.8061,40.4455],[20.6574,40.1174],[20.6063,40.0827],[20.408,40.0495],[20.3111,39.9794],[20.3824,39.8026],[20.3062,39.7967],[20.2721,39.7012],[20.2068,39.6535],[20.0013,39.7094],[19.9648,39.8723],[19.8519,40.0436],[19.4846,40.21],[19.3223,40.4071],[19.4405,40.3757],[19.4592,40.4054],[19.3375,40.6638],[19.4612,40.9333],[19.4801,41.2364],[19.4406,41.4248],[19.4974,41.5627],[19.5757,41.6404],[19.5775,41.7875],[19.4683,41.8562],[19.3424,41.8691]]]}},{"type":"Feature","properties":{"ISO_A2":"AF","NAME":"Afghanistan","CONTINENT":"Asia","REGION":"Asia"},"geometry":{"type":"Polygon","coordinates":[[[66.5223,37.3485],[66.8277,37.3713],[67.0688,37.3348],[67.1955,37.2352],[67.3197,37.2096],[67.5173,37.2667],[67.5465,37.2356],[67.7,37.2272],[67.7529,37.1998],[67.8345,37.0642],[67.958,36.972],[68.0678,36.9498],[68.2121,37.0215],[68.2609,37.0131],[68.2995,37.0884],[68.3869,37.1375],[68.5465,37.1834],[68.6691,37.2584],[68.8237,37.2707],[68.9118,37.3339],[69.2648,37.1084],[69.3039,37.1169],[69.4145,37.2078],[69.4297,37.2909],[69.3992,37.3993],[69.4201,37.4867],[69.4921,37.5531],[69.8209,37.6096],[69.9406,37.6003],[70.0447,37.5472],[70.1198,37.5435],[70.1887,37.5825],[70.2515,37.6642],[70.255,37.7654],[70.1994,37.886],[70.2146,37.9244],[70.4178,38.0754],[70.6158,38.3344],[70.7359,38.4226],[70.8789,38.4564],[71.0521,38.4179],[71.2559,38.307],[71.3327,38.1703],[71.2785,37.9184],[71.552,37.9332],[71.5822,37.9101],[71.4329,37.1275],[71.5309,36.8451],[71.5975,36.7329],[71.6656,36.6969],[71.8021,36.6943],[72.1535,36.9005],[72.3588,36.9829],[72.6574,37.0291],[72.757,37.1727],[72.8955,37.2675],[73.3829,37.4623],[73.4813,37.4717],[73.7206,37.4188],[73.7173,37.3294],[73.6275,37.2616],[73.6535,37.2394],[73.7496,37.2318],[74.1671,37.3294],[74.2597,37.4154],[74.349,37.4188],[74.5242,37.3824],[74.6594,37.3945],[74.8754,37.242],[74.8402,37.225],[74.739,37.2856],[74.3722,37.1577],[74.5265,37.0307],[74.0389,36.8257],[73.7691,36.8885],[73.1168,36.8686],[72.6229,36.8296],[72.2498,36.7347],[72.1567,36.7009],[71.7727,36.4318],[71.6205,36.4365],[71.2329,36.1218],[71.1851,36.0421],[71.3976,35.8802],[71.519,35.5975],[71.572,35.5468],[71.6006,35.4079],[71.5455,35.2889],[71.6205,35.183],[71.4551,34.9669],[71.2941,34.8677],[71.0656,34.5996],[70.9656,34.5304],[71.0957,34.3694],[71.0913,34.1203],[71.0516,34.0497],[70.654,33.9523],[70.3257,33.9611],[69.9947,34.0518],[69.8896,34.0073],[69.8681,33.8977],[70.1342,33.6208],[70.2842,33.369],[70.2611,33.289],[69.9201,33.1125],[69.7037,33.0947],[69.5016,33.0201],[69.4531,32.8328],[69.4046,32.7643],[69.4054,32.6827],[69.2414,32.4335],[69.2793,31.9368],[69.0831,31.7385],[68.8689,31.6342],[68.7823,31.6464],[68.5977,31.803],[68.4433,31.7545],[68.161,31.803],[68.0172,31.678],[67.5782,31.5065],[67.5976,31.4533],[67.7335,31.3792],[67.7379,31.3439],[67.4528,31.2346],[67.2873,31.2178],[66.9243,31.3056],[66.8293,31.2637],[66.7313,31.1945],[66.5958,31.02],[66.3972,30.9122],[66.3469,30.8028],[66.2869,30.6079],[66.3055,30.3211],[66.2385,30.1096],[66.2472,30.0435],[66.3134,29.9686],[66.1771,29.8356],[65.0955,29.5595],[64.3938,29.5443],[64.1722,29.4604],[64.0987,29.3919],[63.5676,29.498],[62.4766,29.4084],[60.8434,29.8587],[61.7842,30.8319],[61.8108,30.9133],[61.8143,31.0726],[61.7551,31.2853],[61.6602,31.3824],[60.8207,31.4952],[60.7875,31.8772],[60.8293,32.2494],[60.5619,33.0588],[60.5605,33.1378],[60.917,33.5052],[60.9069,33.539],[60.6546,33.5604],[60.5108,33.6389],[60.4859,33.7119],[60.5271,33.842],[60.4857,34.0948],[60.6427,34.3072],[60.8895,34.3194],[60.7263,34.5183],[60.9512,34.6539],[60.9578,34.7101],[61.0801,34.8556],[61.0702,34.9217],[61.1496,35.0938],[61.1,35.2723],[61.1893,35.312],[61.2785,35.5138],[61.262,35.6196],[61.3447,35.6295],[61.5428,35.4579],[61.621,35.4323],[61.9839,35.4437],[62.2131,35.2899],[62.3078,35.1708],[62.4629,35.2514],[62.6105,35.2332],[62.6881,35.2553],[63.0566,35.4458],[63.0842,35.5681],[63.1697,35.6781],[63.1086,35.8187],[63.13,35.8462],[63.3017,35.8584],[63.8625,36.0124],[64.0097,36.0121],[64.0922,36.1127],[64.358,36.2261],[64.511,36.3407],[64.8163,37.1321],[65.0896,37.2379],[65.555,37.2512],[65.6412,37.4678],[65.765,37.5691],[66.1084,37.4147],[66.5223,37.3485]]]}},{"type":"Feature","properties":{"ISO_A2":"AQ","NAME":"Antarctica","CONTINENT":"Antarctica","REGION":"Antarctica"},"geometry":{"type":"Polygon","coordinates":[[[-57.0207,-63.3729],[-56.9273,-63.5056],[-56.7818,-63.5717],[-56.8348,-63.6312],[-57.1192,-63.6378],[-57.1522,-63.5717],[-57.0977,-63.5235],[-57.1522,-63.4791],[-57.4606,-63.5136],[-58.263,-63.7634],[-58.5319,-63.9154],[-58.839,-64.1868],[-59.0053,-64.1949],[-59.0473,-64.2345],[-58.7993,-64.2927],[-58.8191,-64.339],[-58.9051,-64.3521],[-58.8955,-64.3889],[-58.8059,-64.4448],[-58.7861,-64.5242],[-58.8919,-64.5374],[-59.0507,-64.4514],[-59.2294,-64.4436],[-59.4607,-64.3456],[-59.5468,-64.3588],[-59.6122,-64.4401],[-59.5732,-64.5308],[-59.646,-64.5837],[-59.7344,-64.5589],[-59.765,-64.4514],[-59.9631,-64.4313],[-60.2425,-64.5469],[-60.3405,-64.5506],[-60.3937,-64.6094],[-60.66,-64.7292],[-61.0599,-64.9812],[-61.3318,-65.0238],[-61.7031,-64.9872],[-61.7362,-65.0335],[-61.5774,-65.1856],[-61.6634,-65.2386],[-61.8556,-65.2354],[-61.9479,-65.1923],[-62.1453,-65.3317],[-62.0537,-65.4568],[-61.7957,-65.5229],[-61.756,-65.5692],[-61.9914,-65.5892],[-62.305,-65.8404],[-62.2933,-65.9164],[-62.1691,-66.0313],[-62.005,-66.1129],[-61.8391,-66.1195],[-61.3591,-66.0588],[-61.2661,-65.98],[-61.0393,-65.992],[-60.9881,-65.9402],[-60.9128,-65.9209],[-60.6183,-65.9331],[-60.5654,-65.9794],[-60.744,-66.1051],[-60.8564,-66.0653],[-60.9557,-66.072],[-61.0093,-66.1105],[-60.9027,-66.191],[-61.0284,-66.3365],[-61.1343,-66.2902],[-61.1498,-66.2117],[-61.4319,-66.1447],[-61.5261,-66.2257],[-61.6756,-66.2495],[-61.756,-66.4292],[-61.842,-66.4027],[-61.8754,-66.2961],[-62.1165,-66.209],[-62.682,-66.2373],[-62.7548,-66.3102],[-62.6503,-66.3637],[-62.6154,-66.4357],[-62.6551,-66.5561],[-62.5432,-66.621],[-62.5365,-66.707],[-62.6289,-66.7062],[-63.1795,-66.3525],[-63.2575,-66.2638],[-63.5866,-66.2417],[-63.7525,-66.2777],[-63.6544,-66.3829],[-63.7557,-66.409],[-64.0777,-66.6541],[-63.8088,-66.7609],[-63.7547,-66.8729],[-63.8396,-66.912],[-64.0426,-66.9272],[-64.401,-66.8533],[-64.554,-66.8518],[-64.6069,-66.7996],[-64.6863,-66.8062],[-64.7934,-66.972],[-64.8781,-67.0245],[-64.8541,-67.1048],[-64.7855,-67.1237],[-65.0269,-67.2141],[-64.8583,-67.2428],[-64.8193,-67.3073],[-65.2485,-67.342],[-65.3501,-67.3109],[-65.4431,-67.3262],[-65.5031,-67.3772],[-65.5039,-67.5282],[-65.4181,-67.6596],[-65.574,-67.7884],[-65.6,-67.8757],[-65.4694,-68.0095],[-65.6395,-68.1306],[-65.218,-68.14],[-64.8847,-68.0563],[-64.8295,-68.1274],[-65.452,-68.3367],[-65.0897,-68.3702],[-64.9965,-68.4078],[-65.2416,-68.5832],[-65.1583,-68.618],[-64.4289,-68.7461],[-64.0785,-68.7712],[-64.1568,-68.6869],[-64.1692,-68.5825],[-63.9245,-68.4977],[-63.2166,-68.4188],[-62.9333,-68.4426],[-62.9797,-68.4863],[-63.1147,-68.4706],[-63.3475,-68.4994],[-63.7734,-68.6318],[-63.747,-68.7046],[-63.3435,-68.8104],[-63.4782,-68.9512],[-63.456,-69.0419],[-62.9941,-69.3289],[-62.5868,-69.4772],[-62.4505,-69.5844],[-62.4071,-69.8272],[-62.2024,-70.0279],[-61.9611,-70.1201],[-61.9346,-70.1995],[-62.014,-70.2789],[-62.2179,-70.2332],[-62.3315,-70.2789],[-62.3778,-70.3648],[-62.0008,-70.4972],[-61.5047,-70.4905],[-61.4914,-70.5699],[-61.6965,-70.6758],[-61.9941,-70.7286],[-62.0404,-70.8014],[-61.9611,-70.9006],[-61.7021,-70.8567],[-61.3128,-70.8676],[-61.2517,-71.0022],[-61.0172,-71.1669],[-60.9623,-71.2446],[-61.0031,-71.3193],[-61.1484,-71.3419],[-61.3693,-71.4523],[-61.5159,-71.4791],[-61.7896,-71.616],[-61.9588,-71.6578],[-61.5628,-71.6753],[-61.2136,-71.5641],[-61.0813,-71.5886],[-60.9953,-71.6613],[-60.949,-71.7473],[-61.0351,-71.82],[-61.9389,-71.9036],[-62.2566,-72.0176],[-61.894,-72.071],[-61.628,-72.0527],[-61.3103,-72.1127],[-60.9518,-72.0502],[-60.7194,-72.0727],[-60.6646,-72.3625],[-60.7303,-72.426],[-61.0475,-72.4705],[-61.2798,-72.4683],[-61.2861,-72.6008],[-60.9392,-72.6997],[-60.7241,-72.6469],[-60.5323,-72.6733],[-60.5323,-72.8321],[-60.3847,-73.0073],[-60.2545,-73.0173],[-60.1487,-72.9379],[-60.0098,-72.9379],[-59.9568,-73.0306],[-60.0164,-73.1893],[-60.1222,-73.2753],[-60.5607,-73.2114],[-60.8958,-73.3204],[-61.0813,-73.3282],[-61.4284,-73.1914],[-62.0083,-73.1477],[-61.9147,-73.2157],[-61.7876,-73.2549],[-61.7377,-73.3755],[-61.637,-73.5002],[-61.4055,-73.4671],[-61.0798,-73.5387],[-60.8789,-73.612],[-60.7903,-73.7118],[-60.9027,-73.8706],[-61.2034,-73.9566],[-61.4041,-73.896],[-61.6917,-73.9238],[-61.7416,-73.9962],[-61.8382,-74.032],[-61.3194,-74.0359],[-61.1607,-74.0558],[-61.0416,-74.122],[-61.2269,-74.2079],[-61.5708,-74.1947],[-61.8428,-74.2896],[-61.3318,-74.3286],[-60.7837,-74.241],[-60.7043,-74.3071],[-61.0108,-74.4783],[-61.3702,-74.5118],[-61.64,-74.5136],[-62.2353,-74.4413],[-62.2257,-74.5056],[-61.8944,-74.7131],[-61.8552,-74.7768],[-61.928,-74.8628],[-62.1378,-74.9264],[-62.3725,-74.9521],[-62.5668,-74.8958],[-62.7085,-74.7371],[-62.8871,-74.6908],[-63.1781,-74.6842],[-63.1252,-74.8495],[-63.198,-74.9091],[-63.357,-74.8783],[-63.9247,-75.0045],[-63.3369,-75.0348],[-63.1732,-75.1147],[-63.2311,-75.1538],[-63.8575,-75.2062],[-64.2795,-75.2929],[-63.3038,-75.3522],[-63.2575,-75.3985],[-63.3634,-75.4515],[-64.7783,-75.7382],[-66.3704,-76.0134],[-67.5182,-76.1098],[-69.3044,-76.3508],[-69.9153,-76.522],[-70.0955,-76.6545],[-70.2102,-76.6741],[-70.895,-76.7394],[-71.7987,-76.7527],[-72.7223,-76.6891],[-73.8798,-76.6968],[-75.2684,-76.5814],[-75.6593,-76.6082],[-76.2442,-76.5854],[-77.19,-76.6298],[-77.2871,-76.7017],[-77.168,-76.8339],[-76.2486,-77.2749],[-75.3869,-77.4742],[-74.5806,-77.478],[-72.852,-77.5902],[-72.8751,-77.6938],[-73.2516,-77.8942],[-74.0421,-78.1094],[-74.8121,-78.1778],[-75.3984,-78.1578],[-77.7421,-77.9403],[-79.679,-77.8426],[-80.6016,-77.752],[-81.1031,-77.8418],[-81.581,-77.8461],[-79.5097,-78.1543],[-77.8581,-78.351],[-77.4326,-78.4347],[-77.4524,-78.5604],[-77.545,-78.6596],[-77.8691,-78.7455],[-78.7116,-78.7521],[-79.7666,-78.8207],[-80.2923,-78.8228],[-81.9293,-78.5591],[-82.6084,-78.4124],[-83.779,-77.9836],[-83.6877,-78.148],[-83.2459,-78.357],[-83.227,-78.4016],[-83.355,-78.4076],[-83.5444,-78.3553],[-83.7059,-78.4041],[-83.7627,-78.4611],[-83.5952,-78.611],[-83.26,-78.7742],[-81.6609,-79.0998],[-81.2222,-79.2979],[-81.1632,-79.4004],[-80.892,-79.5019],[-80.5348,-79.5128],[-80.4788,-79.4262],[-80.4885,-79.321],[-80.1512,-79.2681],[-79.4557,-79.3044],[-76.4991,-79.3257],[-76.2177,-79.3872],[-76.1051,-79.4651],[-76.0316,-79.6271],[-76.3439,-79.8209],[-76.5579,-79.9035],[-77.2223,-79.9941],[-77.7019,-80.0096],[-79.6604,-79.9969],[-78.1761,-80.1668],[-77.1604,-80.1529],[-76.4073,-80.0949],[-75.9856,-80.295],[-75.709,-80.3827],[-75.4945,-80.6175],[-75.2365,-80.8026],[-75.0756,-80.8601],[-74.8066,-80.8865],[-74.5111,-80.838],[-73.9378,-80.8159],[-73.0295,-80.9173],[-72.5532,-80.8531],[-72.1736,-80.7639],[-71.0177,-80.619],[-70.6879,-80.6263],[-70.5601,-80.6466],[-70.2391,-80.8566],[-69.7723,-80.9615],[-69.1816,-81.0049],[-68.5898,-80.968],[-68.3266,-81.0041],[-68.2846,-81.0738],[-68.1437,-81.1304],[-65.5737,-81.4605],[-64.7501,-81.5217],[-62.3537,-81.5767],[-62.1654,-81.6361],[-62.9459,-81.684],[-64.6961,-81.6523],[-65.6197,-81.7293],[-65.4866,-81.775],[-65.2638,-81.7856],[-64.1902,-81.7948],[-64.1371,-81.8693],[-65.9162,-81.9022],[-66.1338,-81.9534],[-65.8438,-81.9933],[-65.7866,-82.0455],[-65.9132,-82.1832],[-65.714,-82.2792],[-65.4244,-82.2804],[-64.9196,-82.3705],[-64.3966,-82.3744],[-63.7729,-82.3043],[-62.6453,-82.2631],[-61.9017,-82.2711],[-60.8591,-82.1867],[-60.5277,-82.1999],[-60.8172,-82.2758],[-62.0945,-82.4666],[-62.7356,-82.5273],[-62.4656,-82.7182],[-62.1286,-82.8224],[-61.917,-82.9767],[-61.7089,-83.01],[-61.3128,-82.9392],[-61.2184,-82.9918],[-61.2004,-83.0979],[-61.3032,-83.1842],[-61.5306,-83.2794],[-61.5898,-83.3412],[-61.4253,-83.3956],[-59.516,-83.4584],[-57.5571,-82.8902],[-56.3179,-82.6334],[-55.8007,-82.4784],[-55.2947,-82.4648],[-53.9861,-82.2006],[-53.3391,-82.1445],[-52.4149,-82.1349],[-50.653,-81.9755],[-48.3608,-81.8923],[-47.3603,-82.004],[-46.2581,-81.947],[-46.1191,-82.0396],[-46.0464,-82.1587],[-46.1985,-82.2711],[-46.4483,-82.3398],[-46.5167,-82.4546],[-46.1753,-82.5116],[-45.7886,-82.4949],[-45.0437,-82.438],[-44.4549,-82.3659],[-44.2918,-82.3178],[-44.0642,-82.3314],[-43.6693,-82.2701],[-43.1804,-82.0172],[-42.5646,-81.7616],[-42.0463,-81.5979],[-41.7116,-81.4077],[-41.4338,-81.2978],[-40.9146,-81.1724],[-40.4408,-81.1651],[-38.7717,-80.8823],[-37.2093,-81.0639],[-36.8124,-80.9747],[-35.9658,-80.8909],[-35.5206,-80.7457],[-35.327,-80.6507],[-33.1913,-80.5187],[-32.7062,-80.5139],[-32.2557,-80.4607],[-31.3121,-80.4501],[-31.0154,-80.3081],[-30.4253,-80.2797],[-29.5315,-80.1818],[-24.2403,-80.0619],[-24.0198,-80.009],[-23.5745,-79.9648],[-23.4068,-79.859],[-24.5339,-79.7579],[-25.2586,-79.7625],[-29.9493,-79.599],[-30.0491,-79.5854],[-30.2112,-79.4853],[-30.1779,-79.3043],[-30.3159,-79.1631],[-30.6453,-79.1241],[-30.9852,-79.1279],[-32.9942,-79.2288],[-34.1974,-79.1103],[-34.9949,-78.9775],[-35.516,-78.933],[-36.2392,-78.7742],[-36.2656,-78.6155],[-36.1809,-78.4684],[-35.5093,-78.0412],[-35.0876,-77.8371],[-34.8083,-77.8206],[-34.5515,-77.7285],[-34.2902,-77.5219],[-34.0758,-77.4254],[-32.6141,-77.1408],[-32.0634,-77.1599],[-31.6758,-77.0331],[-30.4892,-76.7623],[-30.222,-76.6604],[-28.9336,-76.3703],[-27.1345,-76.1573],[-26.0593,-75.9572],[-24.2696,-75.767],[-22.4655,-75.661],[-21.9481,-75.6941],[-21.4338,-75.6831],[-20.7833,-75.5939],[-20.4875,-75.492],[-19.493,-75.5399],[-18.3046,-75.4313],[-18.5169,-75.3899],[-18.7492,-75.2421],[-18.5169,-75.052],[-18.2212,-74.9745],[-18.0683,-74.863],[-17.9228,-74.6992],[-17.4358,-74.3791],[-17.299,-74.3339],[-16.4295,-74.3239],[-15.6725,-74.4073],[-15.2897,-74.2809],[-14.5738,-73.9375],[-14.6114,-73.8518],[-15.7488,-73.9456],[-16.2201,-73.9157],[-16.2819,-73.867],[-16.0031,-73.8159],[-15.9356,-73.7576],[-16.5188,-73.644],[-16.507,-73.556],[-16.4352,-73.4257],[-16.149,-73.3345],[-15.8028,-73.1521],[-15.596,-73.0968],[-15.007,-73.0475],[-14.321,-73.123],[-14.1647,-73.1024],[-14.0001,-73.0006],[-14.1683,-72.8433],[-14.2982,-72.7846],[-14.2978,-72.733],[-13.6028,-72.7921],[-13.2086,-72.7851],[-12.7469,-72.6289],[-11.497,-72.4129],[-10.9581,-71.902],[-10.961,-71.8224],[-11.0092,-71.7579],[-11.3331,-71.7855],[-12.1482,-71.6137],[-12.2845,-71.4951],[-12.3513,-71.3897],[-12.0737,-71.2969],[-11.9261,-71.2887],[-11.663,-71.3312],[-10.9698,-71.5601],[-10.8254,-71.5533],[-10.6595,-71.4427],[-10.5201,-71.2955],[-10.0335,-71.1307],[-10.1223,-71.0609],[-10.331,-71.024],[-10.36,-70.9824],[-10.2706,-70.9357],[-10.0987,-70.9264],[-9.888,-71.0273],[-9.2307,-71.174],[-8.9659,-71.3613],[-8.6465,-71.6728],[-7.9158,-71.6354],[-7.7137,-71.5465],[-7.669,-71.3243],[-7.5901,-71.2237],[-7.618,-71.1215],[-7.8735,-70.9403],[-7.8549,-70.8846],[-7.7527,-70.8428],[-7.3881,-70.7869],[-6.8382,-70.8445],[-5.9363,-70.7127],[-5.6947,-70.7453],[-5.5879,-70.8567],[-5.7087,-70.9683],[-6.0803,-71.1541],[-6.1268,-71.2656],[-6.1175,-71.326],[-4.4501,-71.3277],[-3.7132,-71.3746],[-2.6103,-71.3208],[-2.2613,-71.3571],[-2.0146,-71.4334],[-1.3542,-71.3868],[-1.2164,-71.2842],[-1.0678,-71.2656],[-0.8958,-71.3492],[-0.8401,-71.5397],[-0.7599,-71.6303],[-0.5432,-71.7127],[-0.327,-71.6419],[0.1542,-71.3979],[0.5385,-71.2742],[1.9087,-71.0036],[2.6095,-70.9001],[3.5069,-70.8444],[5.1131,-70.6557],[6.508,-70.5864],[7.4012,-70.4944],[7.6768,-70.3563],[8.523,-70.4738],[8.8175,-70.3908],[9.1416,-70.1837],[9.6135,-70.269],[9.8855,-70.4029],[10.2177,-70.5079],[10.9688,-70.6877],[11.7013,-70.7666],[11.8336,-70.7365],[12.068,-70.6165],[12.4616,-70.3701],[12.9294,-70.2134],[12.8646,-70.1623],[12.5951,-70.1174],[12.6263,-70.0656],[13.0656,-70.0536],[13.2979,-70.2296],[13.8227,-70.3432],[14.4918,-70.2996],[15.8069,-70.324],[16.0252,-70.1935],[16.3811,-70.1451],[16.5849,-70.2038],[16.7092,-70.3973],[18.1246,-70.5403],[18.232,-70.5183],[18.3514,-70.4155],[18.4326,-70.2899],[18.8772,-70.2014],[19.0094,-70.2121],[19.1964,-70.2932],[19.1323,-70.4919],[19.0266,-70.674],[19.2651,-70.9023],[19.4093,-70.917],[20.1281,-70.9176],[21.0708,-70.8435],[21.3373,-70.4951],[21.705,-70.2585],[21.9623,-70.3004],[22.366,-70.4751],[22.3965,-70.5613],[22.2337,-70.6427],[22.2778,-70.6956],[22.979,-70.8104],[23.1499,-70.7963],[23.4068,-70.7232],[23.6648,-70.575],[23.8036,-70.4046],[24.0241,-70.4134],[24.2357,-70.4486],[24.3857,-70.5369],[24.3857,-70.7044],[24.7567,-70.8921],[25.1874,-70.971],[25.9741,-71.0374],[26.4988,-71.0195],[27.2068,-70.9109],[27.6978,-70.7725],[28.9115,-70.5831],[29.4639,-70.4062],[30.0033,-70.3],[31.3788,-70.2258],[32.6213,-70.0006],[32.8098,-69.9094],[32.9894,-69.6242],[32.976,-69.517],[32.9031,-69.3787],[32.5676,-69.0742],[32.6416,-68.8689],[32.7762,-68.7831],[33.1215,-68.6892],[33.4656,-68.6707],[34.1929,-68.7024],[34.2193,-68.7906],[33.7721,-69.02],[33.8137,-69.0993],[34.5959,-69.0945],[34.7495,-69.1677],[35.1313,-69.4869],[35.2248,-69.6373],[35.357,-69.6813],[36.5859,-69.6379],[36.7188,-69.6522],[37.1148,-69.8104],[37.5598,-69.7184],[37.7871,-69.7257],[38.1443,-69.8242],[38.4994,-70.0562],[38.8855,-70.1719],[38.9117,-70.0979],[38.8593,-70.0061],[39.487,-69.608],[39.7051,-69.4256],[39.7623,-69.1733],[39.8639,-68.967],[40.2156,-68.8049],[40.4839,-68.7389],[40.8171,-68.7236],[41.1327,-68.5751],[41.3563,-68.5149],[42.4088,-68.3519],[42.8195,-68.1232],[42.9609,-68.0953],[44.3729,-67.9613],[44.6998,-67.9043],[44.9896,-67.7692],[45.197,-67.7312],[45.5693,-67.7364],[45.8877,-67.6598],[46.399,-67.6176],[46.4365,-67.5334],[46.3197,-67.4766],[46.3173,-67.402],[46.5597,-67.2682],[46.8839,-67.2748],[47.1544,-67.3572],[47.3516,-67.3619],[47.4029,-67.4092],[47.2313,-67.4683],[47.1172,-67.5727],[47.4898,-67.7279],[47.9586,-67.6601],[48.21,-67.6993],[48.3217,-67.7853],[48.3217,-67.9175],[48.3745,-67.9881],[48.551,-67.9264],[48.648,-67.794],[48.6304,-67.5206],[49.0529,-67.3524],[49.2193,-67.2269],[48.923,-67.1997],[48.7137,-67.2169],[48.5984,-67.1713],[48.4652,-67.0435],[48.8303,-66.9383],[49.2471,-66.9416],[50.0062,-67.1752],[50.553,-67.1943],[50.606,-67.1502],[50.5089,-66.9386],[50.5209,-66.82],[50.3061,-66.7533],[50.2443,-66.6034],[50.3324,-66.4446],[50.5883,-66.3564],[50.9369,-66.3154],[51.8846,-66.02],[52.9553,-65.9455],[53.6718,-65.8587],[55.2904,-65.9542],[55.7104,-66.08],[56.3615,-66.3728],[56.8594,-66.4234],[57.0003,-66.4748],[57.1854,-66.6133],[56.9865,-66.7044],[56.8236,-66.7127],[56.2945,-66.6034],[56.1459,-66.6261],[56.4532,-66.7798],[56.4797,-66.8592],[56.3914,-66.9738],[55.8027,-67.1993],[56.1549,-67.2646],[56.7601,-67.0733],[57.3611,-67.0526],[57.6274,-67.0141],[58.7374,-67.2296],[59.2508,-67.485],[59.6502,-67.4586],[59.8676,-67.4031],[60.482,-67.3852],[61.3091,-67.5402],[62.1739,-67.5755],[62.6879,-67.6476],[63.2376,-67.5269],[63.699,-67.5083],[64.5736,-67.6204],[65.7075,-67.7164],[66.4884,-67.7655],[67.1748,-67.768],[68.3279,-67.8896],[68.8995,-67.8621],[69.1672,-67.8248],[69.4164,-67.743],[69.5592,-67.7632],[69.656,-67.8646],[69.603,-68.041],[69.7887,-68.2795],[69.9822,-68.4643],[69.9279,-68.5354],[69.5342,-68.7369],[69.5469,-68.8566],[69.6456,-68.9322],[69.5308,-69.024],[69.6146,-69.1537],[69.6295,-69.2316],[69.5494,-69.2937],[69.3719,-69.3314],[69.0649,-69.3374],[68.9063,-69.3728],[68.8798,-69.4697],[68.9592,-69.5402],[69.1355,-69.5779],[69.1885,-69.6549],[69.162,-69.7696],[69.0826,-69.8666],[68.7438,-69.9214],[68.4152,-69.9021],[68.1781,-69.8373],[67.5754,-70.0879],[67.268,-70.2731],[67.659,-70.326],[67.9408,-70.4229],[68.5594,-70.4125],[69.0209,-70.3252],[69.162,-70.334],[69.2502,-70.4311],[69.1884,-70.7046],[68.8728,-71.0352],[68.6237,-71.1814],[68.0374,-71.391],[67.4322,-72.0029],[67.1134,-72.6411],[66.8921,-72.9486],[66.4977,-73.1255],[66.5691,-73.2092],[67.0031,-73.2364],[67.3221,-73.3003],[67.9714,-73.0856],[68.0155,-72.9182],[67.9714,-72.7506],[68.1068,-72.6507],[68.4198,-72.515],[69.5547,-72.3745],[69.9621,-72.1329],[70.2943,-72.0554],[70.5729,-71.931],[70.6162,-71.8421],[71.0788,-71.7367],[71.2768,-71.6239],[71.3492,-71.5139],[71.3788,-71.3092],[71.4648,-71.1546],[71.7714,-70.8013],[71.9049,-70.7066],[72.2626,-70.6567],[72.418,-70.5986],[72.7604,-70.3957],[72.7443,-70.2392],[72.8221,-70.0959],[73.3248,-69.8489],[73.6761,-69.8258],[73.9422,-69.7432],[74.5711,-69.8796],[75.1479,-69.8555],[75.4238,-69.8931],[75.6355,-69.8489],[75.8207,-69.7255],[75.8912,-69.5756],[76.1117,-69.4874],[76.3598,-69.4902],[77.192,-69.206],[77.5409,-69.1744],[77.8175,-69.0689],[78.0151,-68.8919],[78.489,-68.6258],[78.5635,-68.3937],[78.7263,-68.2778],[79.0352,-68.1754],[82.017,-67.69],[82.2732,-67.6917],[82.607,-67.6131],[83.3043,-67.603],[83.4937,-67.4412],[83.9037,-67.292],[84.1607,-67.2441],[84.4852,-67.1145],[84.7483,-67.1022],[85.7107,-67.1613],[86.1184,-67.055],[86.7502,-67.0371],[87.0849,-66.9401],[87.9803,-66.7885],[88.3142,-66.8175],[88.7895,-66.792],[89.6984,-66.823],[90.5473,-66.7343],[91.0217,-66.6028],[92.0734,-66.5079],[92.592,-66.6145],[92.7306,-66.6244],[93.0749,-66.5711],[94.0888,-66.6889],[94.3135,-66.6472],[94.5868,-66.5436],[94.8398,-66.5014],[95.541,-66.631],[96.4237,-66.5996],[97.1006,-66.4994],[97.3885,-66.5786],[97.7198,-66.6073],[98.2576,-66.4675],[98.7201,-66.5531],[98.8589,-66.6708],[99.3701,-66.6482],[100.8891,-66.358],[101.3271,-66.1005],[101.3209,-66.0209],[101.3813,-65.973],[102.1741,-65.9542],[102.6742,-65.8651],[103.6388,-65.9989],[103.9512,-65.9881],[104.667,-66.1368],[105.0004,-66.1641],[106.3869,-66.4106],[107.1709,-66.4704],[107.6673,-66.5804],[107.7851,-66.6641],[107.9917,-66.6721],[108.1579,-66.6391],[108.3762,-66.7658],[108.9101,-66.8619],[109.4628,-66.9087],[109.8237,-66.8337],[110.437,-66.6211],[110.6223,-66.524],[110.587,-66.3123],[110.9067,-66.0767],[111.4531,-65.9609],[113.0994,-65.7999],[113.7098,-65.9296],[113.9545,-66.0604],[114.3369,-66.3602],[114.6186,-66.468],[115.0824,-66.493],[115.3104,-66.5608],[115.6354,-66.7712],[115.4419,-66.958],[115.2737,-67.0279],[114.5706,-67.1085],[113.9912,-67.2119],[113.9125,-67.3677],[114.0266,-67.4412],[114.9258,-67.3565],[115.3842,-67.2381],[115.8853,-67.202],[116.5091,-67.1079],[116.7135,-67.0472],[116.9236,-67.0555],[117.1319,-67.1144],[117.7447,-67.1285],[118.1387,-67.0824],[118.7139,-67.1717],[119.768,-66.9915],[120.3748,-66.9838],[119.2807,-67.1992],[118.9217,-67.3197],[119.133,-67.3707],[121.4876,-67.0907],[122.1828,-66.8595],[123.2217,-66.7451],[123.9693,-66.6081],[124.1962,-66.6008],[124.5979,-66.7082],[124.8216,-66.6945],[125.0951,-66.6411],[125.3979,-66.4244],[125.8656,-66.3645],[126.6647,-66.4976],[126.8736,-66.7594],[127.5412,-67.0511],[127.9681,-67.0279],[128.4306,-67.1191],[128.8164,-67.0804],[128.9824,-67.0982],[129.2369,-67.0416],[129.7412,-66.4686],[130.1205,-66.2915],[130.5785,-66.2086],[130.9518,-66.1914],[131.8309,-66.2358],[132.3203,-66.1654],[132.8743,-66.178],[133.1482,-66.0948],[133.4445,-66.0814],[133.8428,-66.1536],[134.1789,-66.2771],[134.2895,-66.4768],[134.3981,-66.4799],[134.7697,-66.3533],[134.9715,-66.3302],[135.352,-66.1271],[136.1939,-66.2922],[136.5533,-66.439],[136.7396,-66.4077],[136.8892,-66.3396],[137.3362,-66.3465],[137.7538,-66.4064],[138.271,-66.5645],[138.3765,-66.5404],[139.2416,-66.574],[139.9001,-66.7151],[140.9016,-66.752],[141.2859,-66.8318],[141.5172,-66.794],[141.9729,-66.8067],[142.3267,-66.9483],[142.6875,-67.0128],[142.8884,-67.0001],[143.4482,-66.8768],[143.7304,-66.8768],[143.8627,-66.9386],[143.9111,-67.0907],[144.1177,-67.0877],[144.3479,-67.018],[144.5506,-67.0355],[144.6212,-67.1414],[144.5153,-67.2825],[144.2597,-67.4787],[144.1537,-67.6441],[143.942,-67.794],[143.9773,-67.8646],[144.1891,-67.8998],[144.4043,-67.7942],[144.8791,-67.7209],[145.1279,-67.626],[145.5564,-67.5909],[145.9752,-67.6242],[146.8278,-67.9646],[146.8966,-68.1203],[146.8782,-68.1912],[146.7977,-68.2736],[147.0937,-68.3687],[147.5686,-68.3751],[148.4563,-68.467],[148.8806,-68.4312],[150.3422,-68.4357],[150.9359,-68.3585],[151.0683,-68.385],[151.1389,-68.7642],[151.2888,-68.8171],[151.5621,-68.6937],[152.5455,-68.7296],[152.8142,-68.7677],[153.0818,-68.8568],[153.7053,-68.7289],[153.767,-68.6406],[153.7847,-68.3496],[153.908,-68.3231],[154.1997,-68.4179],[154.9875,-68.8413],[155.5203,-69.0244],[156.0109,-69.0778],[156.4887,-69.183],[157.0464,-69.1763],[157.4813,-69.3087],[157.9325,-69.1808],[158.1578,-69.2089],[158.4326,-69.2994],[159.784,-69.5219],[160.1258,-69.7343],[160.1258,-69.8401],[160.2097,-69.9749],[160.6519,-70.0806],[161.037,-70.3172],[161.4245,-70.8268],[161.6251,-70.9161],[161.9161,-70.9073],[162.1895,-71.0396],[162.2777,-71.0219],[162.2865,-70.969],[162.0396,-70.625],[162.022,-70.4398],[162.216,-70.334],[162.6748,-70.3046],[163.0265,-70.5014],[163.3487,-70.6209],[163.9984,-70.6365],[164.4032,-70.5104],[165.8539,-70.6453],[166.627,-70.6643],[167.5694,-70.8103],[167.7988,-70.9249],[167.9663,-71.0925],[168.1727,-71.1832],[168.7979,-71.2748],[170.1623,-71.6305],[170.2505,-71.5687],[170.2769,-71.4439],[170.4357,-71.4187],[170.7797,-71.7451],[170.8591,-71.8686],[170.6754,-71.9686],[170.224,-71.9479],[170.0301,-72.1155],[169.9535,-72.4028],[170.2594,-72.3713],[170.2858,-72.4771],[170.2064,-72.5653],[170.0478,-72.6006],[169.4403,-72.4868],[169.0724,-72.4687],[168.7188,-72.3845],[168.4284,-72.3834],[168.82,-72.5524],[169.8286,-72.7288],[169.8448,-72.7946],[169.7121,-72.877],[169.545,-73.0504],[169.0334,-73.2004],[168.7359,-73.0912],[168.3813,-73.0659],[168.2045,-73.1298],[167.1557,-73.1473],[166.8828,-73.0112],[166.4528,-72.936],[166.467,-72.9975],[166.834,-73.2243],[167.6158,-73.3368],[167.7091,-73.3942],[167.5342,-73.4473],[167.2965,-73.44],[166.9961,-73.5443],[166.1594,-73.5338],[165.8602,-73.5927],[165.9706,-73.6308],[166.1061,-73.7352],[165.7337,-73.8667],[165.5489,-73.8461],[165.347,-73.8794],[165.2499,-73.7824],[165.2445,-73.5712],[165.1295,-73.3826],[164.813,-73.3968],[164.7496,-73.5588],[164.8877,-73.8377],[164.9799,-73.9259],[164.906,-74.0029],[164.7757,-74.0285],[165.0372,-74.2635],[165.2631,-74.4262],[165.3998,-74.4792],[165.4086,-74.5586],[165.3028,-74.5937],[164.174,-74.5232],[163.9358,-74.5674],[163.7353,-74.5638],[163.5565,-74.4174],[163.3979,-74.3821],[163.2655,-74.4263],[163.1674,-74.602],[162.7521,-74.7361],[162.6041,-74.8231],[162.5336,-75.1671],[162.4101,-75.2376],[162.0878,-75.2616],[161.6796,-75.2178],[160.9107,-75.3347],[161.0329,-75.3959],[161.9035,-75.4042],[162.1896,-75.4669],[162.2391,-75.6217],[162.352,-75.6865],[162.754,-75.7933],[162.8157,-75.8462],[162.6482,-76.049],[162.4365,-76.1549],[162.4982,-76.2077],[162.7275,-76.2254],[162.8246,-76.4636],[162.6746,-76.5693],[162.7452,-76.6575],[162.7628,-76.7457],[162.4895,-76.8692],[162.4503,-76.9557],[162.6791,-77.0067],[163.0869,-77.0323],[163.6076,-77.3878],[163.6191,-77.5823],[163.7662,-77.6999],[164.0452,-77.7746],[164.0364,-77.853],[164.4209,-77.8835],[164.4915,-77.954],[164.4297,-78.0422],[164.1078,-78.1468],[163.9776,-78.2238],[164.2974,-78.2362],[164.6281,-78.3156],[165.0506,-78.2261],[165.4176,-78.0422],[165.524,-78.0636],[165.5342,-78.1538],[165.663,-78.3057],[166.2086,-78.4517],[166.8012,-78.5216],[167.058,-78.5185],[167.1303,-78.6062],[167.049,-78.686],[166.5246,-78.6949],[166.1168,-78.5711],[164.6348,-78.6032],[164.3006,-78.6301],[163.9018,-78.7171],[162.6395,-78.8978],[161.9745,-78.6942],[161.7574,-78.5449],[161.6692,-78.5361],[161.5104,-78.5714],[161.5018,-78.6772],[161.8134,-78.9074],[161.9515,-78.9683],[161.9515,-79.03],[161.7373,-79.06],[161.1905,-78.9787],[160.8735,-79.0497],[160.4827,-79.2015],[160.5674,-79.3023],[160.6702,-79.3589],[160.6461,-79.4269],[160.2092,-79.5544],[159.9759,-79.5856],[160.0836,-79.6325],[160.3228,-79.6355],[160.3463,-79.6915],[160.2648,-79.7366],[159.8719,-79.7898],[159.8965,-79.859],[160.1114,-79.8925],[160.3873,-79.8795],[160.558,-79.9296],[160.5588,-80.0105],[158.7675,-80.2934],[158.5604,-80.3489],[158.5736,-80.4234],[160.5422,-80.425],[160.6373,-80.4499],[160.5213,-80.5834],[160.6014,-80.6365],[160.8232,-80.674],[160.8303,-80.7299],[160.2602,-80.7867],[160.2758,-80.8468],[160.7168,-80.9074],[160.7167,-81.1996],[160.4786,-81.2701],[160.4698,-81.3406],[160.9078,-81.3902],[161.5821,-81.6098],[161.9961,-81.653],[162.5767,-81.832],[162.8212,-81.8662],[162.8544,-81.9207],[163.6023,-82.1206],[163.6801,-82.1873],[161.1665,-82.4078],[161.2832,-82.4899],[162.6438,-82.4815],[163.0118,-82.535],[163.1747,-82.5189],[163.2686,-82.4633],[164.7472,-82.3544],[166.4459,-82.7222],[167.1163,-82.8013],[167.2713,-82.8794],[167.2326,-82.9523],[167.2975,-82.9858],[167.602,-83.0475],[168.0918,-82.9747],[168.6073,-83.0653],[168.2402,-83.2299],[167.6744,-83.2314],[167.6576,-83.2722],[168.1101,-83.362],[169.8379,-83.399],[170.332,-83.4788],[170.8175,-83.4357],[171.0357,-83.4484],[171.2207,-83.475],[171.2893,-83.5555],[171.9172,-83.644],[172.8739,-83.6731],[173.3973,-83.7588],[173.6618,-83.7609],[173.8224,-83.8102],[175.011,-83.8391],[175.3229,-83.94],[175.6058,-83.9676],[179.403,-84.2062],[180,-84.3516],[180,-89.9989],[-180,-89.9989],[-180,-84.3516],[-178.3895,-84.3375],[-177.7304,-84.3952],[-176.289,-84.4184],[-175.8746,-84.5104],[-174.6632,-84.4627],[-171.7037,-84.5424],[-168.6678,-84.6836],[-168.0486,-84.7286],[-167.4922,-84.8337],[-166.9111,-84.8192],[-162.9334,-84.9012],[-157.1275,-85.1856],[-156.4591,-85.186],[-156.6428,-85.0794],[-156.9883,-84.9822],[-157.4539,-84.9124],[-156.4896,-84.8893],[-156.621,-84.8396],[-163.5685,-84.5287],[-164.1142,-84.4454],[-165.1354,-84.4099],[-165.2404,-84.3812],[-163.8992,-84.3526],[-163.7576,-84.3055],[-164.6851,-84.1546],[-164.5025,-84.0716],[-164.1239,-84.0535],[-164.0113,-84.0156],[-164.0829,-83.9461],[-164.9509,-83.8059],[-165.5363,-83.7566],[-165.9218,-83.7902],[-167.5529,-83.8108],[-167.8012,-83.7908],[-169.1677,-83.4498],[-171.1878,-83.2564],[-174.066,-82.9001],[-174.2359,-82.7935],[-173.0711,-82.9158],[-171.8213,-82.8475],[-168.4177,-83.2288],[-165.6192,-83.2155],[-164.9156,-83.29],[-164.4456,-83.4677],[-163.7334,-83.373],[-163.1111,-83.3291],[-162.5742,-83.4106],[-162.1973,-83.5189],[-159.9235,-83.4947],[-159.4444,-83.5432],[-157.4285,-83.3464],[-157.0278,-83.2344],[-157.5892,-83.1874],[-157.6795,-83.1295],[-155.4594,-82.9808],[-155.1502,-82.8584],[-153.8223,-82.6693],[-153.3986,-82.5862],[-153.0099,-82.4496],[-154.7174,-81.9407],[-154.1885,-81.8105],[-153.9566,-81.7002],[-154.4852,-81.5662],[-154.9078,-81.5104],[-157.0325,-81.3191],[-156.5282,-81.1623],[-148.1228,-80.9008],[-148.0234,-80.8357],[-148.543,-80.7601],[-149.1472,-80.7187],[-149.2074,-80.6704],[-149.2141,-80.6042],[-150.1328,-80.5104],[-150.5161,-80.4095],[-150.5754,-80.3537],[-150.4354,-80.211],[-150.2207,-80.15],[-148.3171,-80.071],[-148.3398,-80.0027],[-148.4303,-79.9713],[-148.4335,-79.9295],[-148.1293,-79.9077],[-148.083,-79.8567],[-148.1765,-79.7759],[-149.0514,-79.6569],[-150.4906,-79.5456],[-151.0484,-79.4597],[-152.0914,-79.2416],[-152.0534,-79.1928],[-152.1377,-79.1159],[-153.5176,-79.1173],[-154.5177,-79.0466],[-155.2099,-78.9648],[-156.1146,-78.7446],[-156.4693,-78.6354],[-155.9198,-78.5104],[-154.7164,-78.3981],[-154.293,-78.2591],[-155.3415,-78.192],[-157.2668,-78.1998],[-158.2859,-77.9508],[-158.4069,-77.8878],[-158.5004,-77.7783],[-158.23,-77.4977],[-158.2465,-77.3543],[-158.2136,-77.1571],[-158.0031,-77.0912],[-157.842,-77.0792],[-157.4654,-77.2312],[-157.1393,-77.2421],[-156.6677,-77.213],[-156.2112,-77.1057],[-154.8149,-77.127],[-153.91,-77.227],[-153.6061,-77.3102],[-153.573,-77.3631],[-153.4606,-77.416],[-153.077,-77.4425],[-151.719,-77.4259],[-150.3056,-77.7314],[-149.7177,-77.7975],[-149.126,-77.6427],[-148.3399,-77.5512],[-148.1557,-77.4623],[-148.2598,-77.4126],[-148.7444,-77.3433],[-148.8436,-77.2837],[-148.839,-77.2023],[-148.7775,-77.125],[-148.5724,-77.1051],[-148.1963,-77.2113],[-147.5664,-77.3253],[-146.9276,-77.2599],[-146.3906,-77.4725],[-146.0736,-77.4867],[-145.6771,-77.4881],[-145.6006,-77.4553],[-145.7138,-77.3384],[-145.7943,-77.33],[-145.808,-77.2732],[-145.5157,-77.1992],[-145.7531,-77.1033],[-145.967,-77.0687],[-145.9339,-77.029],[-145.6292,-76.9537],[-145.6857,-76.8845],[-145.6757,-76.7967],[-145.7505,-76.749],[-146.7767,-76.507],[-147.3404,-76.4384],[-148.6011,-76.4933],[-149.6542,-76.3653],[-148.8948,-76.2718],[-148.6318,-76.168],[-148.3203,-76.1045],[-147.8602,-76.1309],[-146.8173,-76.3181],[-145.8857,-76.4243],[-145.4421,-76.4092],[-146.383,-76.0997],[-146.3235,-76.0203],[-145.9877,-75.8888],[-145.1055,-75.8789],[-144.7213,-75.8321],[-143.5743,-75.5636],[-142.3298,-75.4909],[-141.5057,-75.6904],[-141.1346,-75.746],[-140.8743,-75.7459],[-141.2233,-75.5459],[-140.471,-75.4473],[-139.6912,-75.2128],[-139.1488,-75.1602],[-137.6182,-75.0756],[-137.0901,-75.1526],[-136.6499,-75.1617],[-136.5495,-75.1395],[-136.2278,-74.836],[-136.0301,-74.7653],[-135.3621,-74.6904],[-134.8404,-74.6941],[-134.1171,-74.8297],[-133.7963,-74.8546],[-132.0494,-74.7657],[-131.7065,-74.8109],[-130.8575,-74.826],[-130.1956,-74.8906],[-129.7908,-74.8914],[-127.8634,-74.7192],[-127.0202,-74.6979],[-126.384,-74.7426],[-125.3534,-74.7146],[-124.3125,-74.7357],[-123.8895,-74.773],[-121.5439,-74.75],[-119.677,-74.6546],[-119.0224,-74.5179],[-118.8029,-74.4223],[-118.342,-74.3815],[-117.0683,-74.4732],[-116.433,-74.4471],[-115.2226,-74.4874],[-115.1052,-74.4551],[-114.791,-73.9886],[-114.6237,-73.9029],[-114.3459,-73.925],[-113.5085,-74.0889],[-113.4894,-74.1584],[-113.5747,-74.2079],[-113.7136,-74.2277],[-113.7533,-74.3667],[-113.6408,-74.4063],[-113.4542,-74.3942],[-113.333,-74.4542],[-113.9035,-74.6444],[-113.9848,-74.843],[-114.0972,-74.9091],[-114.1104,-74.9818],[-111.6962,-74.7922],[-111.5844,-74.7509],[-111.7387,-74.6534],[-111.7887,-74.5717],[-111.6959,-74.5041],[-111.7223,-74.3866],[-111.8063,-74.2697],[-111.63,-74.1814],[-111.1802,-74.1881],[-110.5339,-74.2889],[-110.3071,-74.3667],[-110.2298,-74.5363],[-110.3004,-74.7106],[-110.5319,-74.8363],[-110.9676,-74.9513],[-111.4631,-75.1334],[-111.3588,-75.2199],[-111.1042,-75.1908],[-109.2722,-75.1851],[-108.2545,-75.2525],[-107.8047,-75.3216],[-107.2668,-75.3345],[-106.9321,-75.3094],[-106.6188,-75.3439],[-104.9019,-75.1151],[-104.6178,-75.1562],[-104.1597,-75.1207],[-103.9013,-75.1525],[-103.121,-75.0952],[-101.7081,-75.1273],[-101.6278,-75.2218],[-101.3037,-75.3658],[-101.0394,-75.4219],[-100.4634,-75.3534],[-100.0828,-75.3704],[-99.5313,-75.309],[-98.7523,-75.3171],[-98.6457,-75.2771],[-98.5579,-75.1897],[-99.2082,-75.0785],[-99.6519,-74.9488],[-99.8486,-74.9217],[-100.1641,-74.9379],[-100.4733,-74.8724],[-100.2649,-74.8229],[-100.0127,-74.6621],[-100.1186,-74.515],[-100.2381,-74.4842],[-100.5309,-74.4889],[-100.8818,-74.5411],[-101.2517,-74.4857],[-101.5867,-74.0964],[-101.7154,-74.0237],[-102.7665,-73.8838],[-102.8627,-73.7836],[-102.7995,-73.6457],[-102.4106,-73.6164],[-101.5874,-73.6668],[-100.9854,-73.7572],[-100.7178,-73.7578],[-99.7811,-73.7201],[-99.541,-73.6451],[-98.8961,-73.6111],[-100.4364,-73.3531],[-101.1895,-73.3179],[-102.675,-73.3209],[-102.9088,-73.2852],[-103.0762,-73.1846],[-103.3077,-72.9453],[-103.375,-72.8188],[-103.1101,-72.7212],[-102.3629,-72.7602],[-102.272,-72.835],[-102.3629,-72.9114],[-102.482,-72.9512],[-102.4093,-72.9874],[-101.6812,-73.0299],[-100.8205,-72.9812],[-100.2588,-73.0413],[-99.8107,-72.9999],[-98.2086,-73.0223],[-98.0124,-73.0332],[-97.651,-73.1444],[-97.4765,-73.1263],[-96.3942,-73.3012],[-95.8806,-73.2938],[-95.2366,-73.2201],[-94.5865,-73.2495],[-94.2462,-73.313],[-93.9847,-73.2867],[-93.706,-73.215],[-92.8284,-73.1646],[-92.241,-73.1784],[-90.9209,-73.3191],[-90.4309,-73.2433],[-90.2738,-73.1187],[-90.2954,-72.9779],[-90.1524,-72.9445],[-90.0352,-72.9602],[-89.8177,-72.8626],[-89.3413,-72.8896],[-89.2294,-72.8258],[-89.1271,-72.6932],[-88.78,-72.683],[-88.5269,-72.7023],[-88.1941,-72.7875],[-88.1945,-72.8586],[-88.5607,-73.1207],[-88.4194,-73.229],[-87.9363,-73.2409],[-87.401,-73.192],[-87.0379,-73.3539],[-86.791,-73.3637],[-86.6021,-73.3537],[-85.8014,-73.1921],[-84.9812,-73.5021],[-84.2142,-73.5728],[-83.5648,-73.706],[-82.8152,-73.7323],[-82.1835,-73.8568],[-81.3087,-73.7383],[-81.1632,-73.6324],[-81.236,-73.4737],[-81.2624,-73.3149],[-81.1764,-73.2488],[-81.0243,-73.2355],[-80.3364,-73.4142],[-80.4388,-73.225],[-80.6142,-73.0834],[-80.5877,-72.9776],[-80.4422,-72.9445],[-79.5217,-73.0896],[-78.9637,-73.3124],[-78.7862,-73.5067],[-78.4079,-73.5558],[-76.8505,-73.4604],[-76.7645,-73.5663],[-77.033,-73.7185],[-77.1349,-73.8177],[-77.0489,-73.8441],[-76.755,-73.7895],[-76.2912,-73.8054],[-75.595,-73.7112],[-75.2931,-73.6388],[-74.8555,-73.658],[-74.594,-73.7152],[-74.3453,-73.6839],[-73.996,-73.6998],[-72.9292,-73.4479],[-72.3808,-73.4384],[-71.9942,-73.3792],[-71.4527,-73.3545],[-71.0172,-73.2628],[-70.3227,-73.274],[-69.2822,-73.1696],[-68.0003,-72.9355],[-67.6671,-72.8346],[-67.3067,-72.6111],[-66.8277,-72.0904],[-66.9517,-71.8973],[-67.4604,-71.5268],[-67.5299,-71.2846],[-67.5046,-71.0578],[-67.6922,-70.6861],[-67.8885,-70.4217],[-68.4033,-70.0197],[-68.4037,-69.8092],[-68.4698,-69.6438],[-68.6375,-69.5264],[-68.708,-69.4322],[-68.1409,-69.3476],[-67.3718,-69.4123],[-67.3043,-69.3176],[-67.1104,-69.248],[-66.9749,-69.161],[-67.0212,-69.0287],[-67.3905,-68.8612],[-67.299,-68.7707],[-67.1337,-68.7707],[-67.0543,-68.6715],[-67.1169,-68.5748],[-67.041,-68.4531],[-66.8935,-68.2977],[-66.7934,-68.2404],[-67.1499,-68.0246],[-66.9154,-67.6926],[-66.6772,-67.5603],[-66.705,-67.5271],[-67.1243,-67.4851],[-67.5445,-67.5347],[-67.5858,-67.4352],[-67.4934,-67.1128],[-67.299,-67.0708],[-67.1602,-66.9518],[-67.0345,-66.9451],[-66.9551,-66.9848],[-66.9286,-67.1436],[-66.8861,-67.18],[-66.9021,-67.256],[-66.836,-67.2824],[-66.7573,-67.2325],[-66.61,-67.2086],[-66.4987,-67.2891],[-66.4722,-67.2428],[-66.5333,-66.9793],[-66.4647,-66.8752],[-66.5268,-66.7407],[-66.5036,-66.6898],[-66.3065,-66.592],[-65.9538,-66.6456],[-65.7664,-66.6249],[-65.718,-66.5732],[-65.6785,-66.4027],[-65.7758,-66.3426],[-65.7745,-66.288],[-65.6173,-66.1353],[-65.172,-66.1168],[-65.2675,-65.9942],[-64.9987,-65.9463],[-64.6135,-66.019],[-64.5143,-65.9596],[-64.5474,-65.9],[-64.6532,-65.8669],[-64.673,-65.8141],[-64.6466,-65.7479],[-64.4746,-65.781],[-64.39,-65.7085],[-64.4389,-65.6406],[-64.2135,-65.6329],[-64.1322,-65.5705],[-63.8181,-65.5315],[-63.7979,-65.4804],[-64.0513,-65.4172],[-64.0711,-65.2782],[-64.038,-65.179],[-63.7603,-65.0335],[-63.4821,-65.085],[-63.2642,-65.0731],[-63.1781,-65.1261],[-63.0591,-65.1394],[-63.0326,-65.0798],[-63.1199,-64.9425],[-62.7747,-64.8417],[-62.5275,-64.8334],[-62.5762,-64.7557],[-62.5035,-64.6564],[-62.4042,-64.6433],[-62.3381,-64.7292],[-62.2433,-64.7469],[-61.8825,-64.6254],[-61.6318,-64.6047],[-61.5005,-64.5456],[-61.47,-64.4756],[-61.3959,-64.4271],[-61.0821,-64.3147],[-60.8866,-64.1497],[-60.9221,-64.1079],[-60.8642,-64.0734],[-60.2772,-63.9239],[-59.9898,-63.9096],[-59.5102,-63.8207],[-59.0364,-63.6703],[-58.8721,-63.5519],[-58.2156,-63.4513],[-57.8681,-63.3187],[-57.3896,-63.2263],[-57.0767,-63.2625],[-57.0207,-63.3729]]]}},{"type":"Feature","properties":{"ISO_A2":"SX","NAME":"Sint Maarten","CONTINENT":"North America","REGION":"Americas"},"geometry":{"type":"Polygon","coordinates":[[[-63.123,18.0689],[-63.0112,18.0689],[-63.0123,18.0454],[-63.023,18.0192],[-63.123,18.0689]]]}},{"type":"Feature","properties":{"ISO_A2":"TV","NAME":"Tuvalu","CONTINENT":"Oceania","REGION":"Oceania"},"geometry":{"type":"Polygon","coordinates":[[[179.2137,-8.5242],[179.1957,-8.5348],[179.203,-8.4663],[179.2137,-8.5242]]]}}]}